sample_id,split,subtile_id,spatial_group_id
6_2_X0650_Y0900_S050_2019_04_19_x256_y256_64x64_40,test,6_2_X0650_Y0900_S050,author_grid_component:6_2_X0650_Y0900_S050
6_2_X0650_Y0900_S050_2019_05_14_x448_y256_64x64_71,test,6_2_X0650_Y0900_S050,author_grid_component:6_2_X0650_Y0900_S050
6_2_X0650_Y0900_S050_2019_05_14_x64_y640_64x64_16,test,6_2_X0650_Y0900_S050,author_grid_component:6_2_X0650_Y0900_S050
6_2_X0650_Y0900_S050_2019_07_10_x512_y384_64x64_85,test,6_2_X0650_Y0900_S050,author_grid_component:6_2_X0650_Y0900_S050
6_2_X0650_Y0900_S050_2019_07_25_x64_y320_64x64_10,test,6_2_X0650_Y0900_S050,author_grid_component:6_2_X0650_Y0900_S050
6_2_X0650_Y0900_S050_2019_08_04_x64_y384_64x64_12,test,6_2_X0650_Y0900_S050,author_grid_component:6_2_X0650_Y0900_S050
6_2_X0650_Y0900_S050_2019_08_27_x0_y256_64x64_1,test,6_2_X0650_Y0900_S050,author_grid_component:6_2_X0650_Y0900_S050
6_2_X0650_Y0900_S050_2019_08_27_x128_y512_64x64_24,test,6_2_X0650_Y0900_S050,author_grid_component:6_2_X0650_Y0900_S050
6_2_X0650_Y0900_S050_2019_08_27_x64_y576_64x64_15,test,6_2_X0650_Y0900_S050,author_grid_component:6_2_X0650_Y0900_S050
6_2_X0650_Y0900_S050_2019_10_06_x576_y704_64x64_102,test,6_2_X0650_Y0900_S050,author_grid_component:6_2_X0650_Y0900_S050
6_2_X0650_Y0900_S050_2019_10_08_x256_y640_64x64_46,test,6_2_X0650_Y0900_S050,author_grid_component:6_2_X0650_Y0900_S050
6_2_X0650_Y0900_S050_2020_05_15_x256_y704_64x64_47,test,6_2_X0650_Y0900_S050,author_grid_component:6_2_X0650_Y0900_S050
6_2_X0650_Y0900_S050_2020_05_20_x320_y256_64x64_50,test,6_2_X0650_Y0900_S050,author_grid_component:6_2_X0650_Y0900_S050
6_2_X0650_Y0900_S050_2020_06_17_x576_y512_64x64_99,test,6_2_X0650_Y0900_S050,author_grid_component:6_2_X0650_Y0900_S050
6_2_X0650_Y0900_S050_2020_06_17_x576_y576_64x64_100,test,6_2_X0650_Y0900_S050,author_grid_component:6_2_X0650_Y0900_S050
6_2_X0650_Y0900_S050_2020_06_17_x64_y448_64x64_13,test,6_2_X0650_Y0900_S050,author_grid_component:6_2_X0650_Y0900_S050
6_2_X0650_Y0950_S050_2019_01_04_x64_y320_64x64_6,test,6_2_X0650_Y0950_S050,author_grid_component:6_2_X0650_Y0900_S050
6_2_X0650_Y0950_S050_2019_06_08_x192_y448_64x64_40,test,6_2_X0650_Y0950_S050,author_grid_component:6_2_X0650_Y0900_S050
6_2_X0650_Y0950_S050_2019_09_28_x256_y256_64x64_47,test,6_2_X0650_Y0950_S050,author_grid_component:6_2_X0650_Y0900_S050
6_2_X0650_Y0950_S050_2019_10_06_x0_y256_64x64_3,test,6_2_X0650_Y0950_S050,author_grid_component:6_2_X0650_Y0900_S050
6_2_X0650_Y0950_S050_2019_10_06_x384_y448_64x64_64,test,6_2_X0650_Y0950_S050,author_grid_component:6_2_X0650_Y0900_S050
6_2_X0650_Y0950_S050_2019_12_02_x576_y0_64x64_66,test,6_2_X0650_Y0950_S050,author_grid_component:6_2_X0650_Y0900_S050
6_2_X0650_Y0950_S050_2019_12_10_x256_y256_64x64_46,test,6_2_X0650_Y0950_S050,author_grid_component:6_2_X0650_Y0900_S050
6_2_X0650_Y0950_S050_2020_05_20_x64_y448_64x64_17,test,6_2_X0650_Y0950_S050,author_grid_component:6_2_X0650_Y0900_S050
6_2_X0650_Y0950_S050_2020_06_02_x128_y512_64x64_29,test,6_2_X0650_Y0950_S050,author_grid_component:6_2_X0650_Y0900_S050
6_2_X0650_Y0950_S050_2020_06_02_x64_y384_64x64_15,test,6_2_X0650_Y0950_S050,author_grid_component:6_2_X0650_Y0900_S050
6_2_X0650_Y0950_S050_2020_06_04_x0_y512_64x64_7,test,6_2_X0650_Y0950_S050,author_grid_component:6_2_X0650_Y0900_S050
6_2_X0650_Y0950_S050_2020_06_17_x128_y0_64x64_22,test,6_2_X0650_Y0950_S050,author_grid_component:6_2_X0650_Y0900_S050
6_2_X0650_Y0950_S050_2020_09_02_x0_y256_64x64_3,test,6_2_X0650_Y0950_S050,author_grid_component:6_2_X0650_Y0900_S050
6_2_X0650_Y0950_S050_2020_09_02_x128_y64_64x64_23,test,6_2_X0650_Y0950_S050,author_grid_component:6_2_X0650_Y0900_S050
6_2_X0650_Y0950_S050_2020_09_02_x64_y640_64x64_20,test,6_2_X0650_Y0950_S050,author_grid_component:6_2_X0650_Y0900_S050
6_2_X0650_Y0950_S050_2020_10_27_x128_y192_64x64_25,test,6_2_X0650_Y0950_S050,author_grid_component:6_2_X0650_Y0900_S050
6_2_X1800_Y1050_S050_2019_04_15_x384_y448_64x64_65,train,6_2_X1800_Y1050_S050,author_grid_component:6_2_X1800_Y1050_S050
6_2_X1800_Y1050_S050_2019_04_15_x384_y512_64x64_66,train,6_2_X1800_Y1050_S050,author_grid_component:6_2_X1800_Y1050_S050
6_2_X1800_Y1050_S050_2019_04_15_x384_y64_64x64_59,train,6_2_X1800_Y1050_S050,author_grid_component:6_2_X1800_Y1050_S050
6_2_X1800_Y1050_S050_2019_04_15_x576_y640_64x64_101,train,6_2_X1800_Y1050_S050,author_grid_component:6_2_X1800_Y1050_S050
6_2_X1800_Y1050_S050_2019_05_05_x192_y128_64x64_27,train,6_2_X1800_Y1050_S050,author_grid_component:6_2_X1800_Y1050_S050
6_2_X1800_Y1050_S050_2019_05_05_x256_y576_64x64_45,train,6_2_X1800_Y1050_S050,author_grid_component:6_2_X1800_Y1050_S050
6_2_X1800_Y1050_S050_2019_05_05_x512_y64_64x64_81,train,6_2_X1800_Y1050_S050,author_grid_component:6_2_X1800_Y1050_S050
6_2_X1800_Y1050_S050_2020_07_08_x256_y384_64x64_41,train,6_2_X1800_Y1050_S050,author_grid_component:6_2_X1800_Y1050_S050
6_2_X1800_Y1050_S050_2020_07_08_x576_y448_64x64_93,train,6_2_X1800_Y1050_S050,author_grid_component:6_2_X1800_Y1050_S050
6_2_X1800_Y1050_S050_2020_10_11_x0_y384_64x64_1,train,6_2_X1800_Y1050_S050,author_grid_component:6_2_X1800_Y1050_S050
6_2_X1800_Y1050_S050_2020_10_11_x192_y64_64x64_24,train,6_2_X1800_Y1050_S050,author_grid_component:6_2_X1800_Y1050_S050
6_2_X1800_Y1050_S050_2020_10_11_x256_y640_64x64_44,train,6_2_X1800_Y1050_S050,author_grid_component:6_2_X1800_Y1050_S050
6_2_X1800_Y1050_S050_2020_10_11_x320_y256_64x64_49,train,6_2_X1800_Y1050_S050,author_grid_component:6_2_X1800_Y1050_S050
6_2_X1800_Y1050_S050_2020_10_11_x320_y64_64x64_46,train,6_2_X1800_Y1050_S050,author_grid_component:6_2_X1800_Y1050_S050
6_2_X1800_Y1050_S050_2020_10_11_x512_y0_64x64_78,train,6_2_X1800_Y1050_S050,author_grid_component:6_2_X1800_Y1050_S050
6_2_X1800_Y1050_S050_2020_10_11_x576_y384_64x64_95,train,6_2_X1800_Y1050_S050,author_grid_component:6_2_X1800_Y1050_S050
6_2_X1800_Y1150_S050_2019_04_15_x0_y640_64x64_11,train,6_2_X1800_Y1150_S050,author_grid_component:6_2_X1800_Y1050_S050
6_2_X1800_Y1150_S050_2019_04_15_x128_y64_64x64_24,train,6_2_X1800_Y1150_S050,author_grid_component:6_2_X1800_Y1050_S050
6_2_X1800_Y1150_S050_2019_04_15_x256_y384_64x64_51,train,6_2_X1800_Y1150_S050,author_grid_component:6_2_X1800_Y1050_S050
6_2_X1800_Y1150_S050_2019_04_15_x320_y512_64x64_64,train,6_2_X1800_Y1150_S050,author_grid_component:6_2_X1800_Y1050_S050
6_2_X1800_Y1150_S050_2019_04_15_x512_y448_64x64_96,train,6_2_X1800_Y1150_S050,author_grid_component:6_2_X1800_Y1050_S050
6_2_X1800_Y1150_S050_2019_04_15_x576_y640_64x64_106,train,6_2_X1800_Y1150_S050,author_grid_component:6_2_X1800_Y1050_S050
6_2_X1800_Y1150_S050_2019_05_05_x128_y576_64x64_32,train,6_2_X1800_Y1150_S050,author_grid_component:6_2_X1800_Y1050_S050
6_2_X1800_Y1150_S050_2019_05_05_x384_y320_64x64_72,train,6_2_X1800_Y1150_S050,author_grid_component:6_2_X1800_Y1050_S050
6_2_X1800_Y1150_S050_2019_05_05_x512_y64_64x64_90,train,6_2_X1800_Y1150_S050,author_grid_component:6_2_X1800_Y1050_S050
6_2_X1800_Y1150_S050_2020_10_11_x0_y0_64x64_1,train,6_2_X1800_Y1150_S050,author_grid_component:6_2_X1800_Y1050_S050
6_2_X1800_Y1150_S050_2020_10_11_x0_y512_64x64_9,train,6_2_X1800_Y1150_S050,author_grid_component:6_2_X1800_Y1050_S050
6_2_X1800_Y1150_S050_2020_10_11_x0_y640_64x64_11,train,6_2_X1800_Y1150_S050,author_grid_component:6_2_X1800_Y1050_S050
6_2_X1800_Y1150_S050_2020_10_11_x128_y512_64x64_31,train,6_2_X1800_Y1150_S050,author_grid_component:6_2_X1800_Y1050_S050
6_2_X1800_Y1150_S050_2020_10_11_x384_y384_64x64_73,train,6_2_X1800_Y1150_S050,author_grid_component:6_2_X1800_Y1050_S050
6_2_X1800_Y1150_S050_2020_10_11_x384_y576_64x64_76,train,6_2_X1800_Y1150_S050,author_grid_component:6_2_X1800_Y1050_S050
6_2_X1800_Y1150_S050_2020_10_11_x64_y576_64x64_21,train,6_2_X1800_Y1150_S050,author_grid_component:6_2_X1800_Y1050_S050
6_2_X1850_Y1100_S050_2019_04_15_x128_y64_64x64_24,train,6_2_X1850_Y1100_S050,author_grid_component:6_2_X1800_Y1050_S050
6_2_X1850_Y1100_S050_2019_05_05_x128_y576_64x64_32,train,6_2_X1850_Y1100_S050,author_grid_component:6_2_X1800_Y1050_S050
6_2_X1850_Y1100_S050_2019_05_05_x576_y512_64x64_108,train,6_2_X1850_Y1100_S050,author_grid_component:6_2_X1800_Y1050_S050
6_2_X1850_Y1100_S050_2019_05_23_x256_y192_64x64_48,train,6_2_X1850_Y1100_S050,author_grid_component:6_2_X1800_Y1050_S050
6_2_X1850_Y1100_S050_2019_05_23_x576_y64_64x64_99,train,6_2_X1850_Y1100_S050,author_grid_component:6_2_X1800_Y1050_S050
6_2_X1850_Y1100_S050_2019_06_22_x320_y448_64x64_25,train,6_2_X1850_Y1100_S050,author_grid_component:6_2_X1800_Y1050_S050
6_2_X1850_Y1100_S050_2019_08_01_x192_y0_64x64_34,train,6_2_X1850_Y1100_S050,author_grid_component:6_2_X1800_Y1050_S050
6_2_X1850_Y1100_S050_2019_08_01_x64_y576_64x64_21,train,6_2_X1850_Y1100_S050,author_grid_component:6_2_X1800_Y1050_S050
6_2_X1850_Y1100_S050_2019_09_07_x192_y320_64x64_39,train,6_2_X1850_Y1100_S050,author_grid_component:6_2_X1800_Y1050_S050
6_2_X1850_Y1100_S050_2019_09_07_x384_y256_64x64_71,train,6_2_X1850_Y1100_S050,author_grid_component:6_2_X1800_Y1050_S050
6_2_X1850_Y1100_S050_2020_10_11_x192_y128_64x64_36,train,6_2_X1850_Y1100_S050,author_grid_component:6_2_X1800_Y1050_S050
6_2_X1850_Y1100_S050_2020_10_11_x192_y448_64x64_41,train,6_2_X1850_Y1100_S050,author_grid_component:6_2_X1800_Y1050_S050
6_2_X1850_Y1100_S050_2020_10_11_x192_y64_64x64_35,train,6_2_X1850_Y1100_S050,author_grid_component:6_2_X1800_Y1050_S050
6_2_X1850_Y1100_S050_2020_10_11_x256_y128_64x64_47,train,6_2_X1850_Y1100_S050,author_grid_component:6_2_X1800_Y1050_S050
6_2_X1850_Y1100_S050_2020_10_11_x320_y192_64x64_59,train,6_2_X1850_Y1100_S050,author_grid_component:6_2_X1800_Y1050_S050
6_2_X1850_Y1100_S050_2020_10_11_x512_y576_64x64_98,train,6_2_X1850_Y1100_S050,author_grid_component:6_2_X1800_Y1050_S050
6_2_X1850_Y1150_S050_2019_03_26_x64_y128_64x64_14,train,6_2_X1850_Y1150_S050,author_grid_component:6_2_X1800_Y1050_S050
6_2_X1850_Y1150_S050_2019_04_28_x64_y64_64x64_13,train,6_2_X1850_Y1150_S050,author_grid_component:6_2_X1800_Y1050_S050
6_2_X1850_Y1150_S050_2019_05_23_x320_y128_64x64_46,train,6_2_X1850_Y1150_S050,author_grid_component:6_2_X1800_Y1050_S050
6_2_X1850_Y1150_S050_2019_06_22_x192_y0_64x64_29,train,6_2_X1850_Y1150_S050,author_grid_component:6_2_X1800_Y1050_S050
6_2_X1850_Y1150_S050_2019_08_01_x128_y320_64x64_23,train,6_2_X1850_Y1150_S050,author_grid_component:6_2_X1800_Y1050_S050
6_2_X1850_Y1150_S050_2019_08_01_x320_y0_64x64_34,train,6_2_X1850_Y1150_S050,author_grid_component:6_2_X1800_Y1050_S050
6_2_X1850_Y1150_S050_2019_10_07_x64_y64_64x64_13,train,6_2_X1850_Y1150_S050,author_grid_component:6_2_X1800_Y1050_S050
6_2_X1850_Y1150_S050_2019_11_24_x128_y192_64x64_26,train,6_2_X1850_Y1150_S050,author_grid_component:6_2_X1800_Y1050_S050
6_2_X1850_Y1150_S050_2019_11_24_x192_y192_64x64_36,train,6_2_X1850_Y1150_S050,author_grid_component:6_2_X1800_Y1050_S050
6_2_X1850_Y1150_S050_2019_12_21_x256_y64_64x64_41,train,6_2_X1850_Y1150_S050,author_grid_component:6_2_X1800_Y1050_S050
6_2_X1850_Y1150_S050_2019_12_21_x64_y320_64x64_17,train,6_2_X1850_Y1150_S050,author_grid_component:6_2_X1800_Y1050_S050
6_2_X1850_Y1150_S050_2020_01_20_x384_y0_64x64_14,train,6_2_X1850_Y1150_S050,author_grid_component:6_2_X1800_Y1050_S050
6_2_X1850_Y1150_S050_2020_09_21_x0_y64_64x64_2,train,6_2_X1850_Y1150_S050,author_grid_component:6_2_X1800_Y1050_S050
6_2_X1850_Y1150_S050_2020_10_11_x192_y192_64x64_35,train,6_2_X1850_Y1150_S050,author_grid_component:6_2_X1800_Y1050_S050
6_2_X1850_Y1150_S050_2020_10_16_x0_y320_64x64_6,train,6_2_X1850_Y1150_S050,author_grid_component:6_2_X1800_Y1050_S050
6_2_X1850_Y1150_S050_2020_11_08_x0_y0_64x64_1,train,6_2_X1850_Y1150_S050,author_grid_component:6_2_X1800_Y1050_S050
7_2_X0000_Y1750_S050_2019_03_26_x448_y576_64x64_2,train,7_2_X0000_Y1750_S050,author_grid_component:7_2_X0000_Y1750_S050
7_2_X0000_Y1750_S050_2019_05_05_x576_y512_64x64_8,train,7_2_X0000_Y1750_S050,author_grid_component:7_2_X0000_Y1750_S050
7_2_X0000_Y1750_S050_2019_07_04_x512_y576_64x64_4,train,7_2_X0000_Y1750_S050,author_grid_component:7_2_X0000_Y1750_S050
7_2_X0000_Y1750_S050_2019_07_14_x576_y576_64x64_7,train,7_2_X0000_Y1750_S050,author_grid_component:7_2_X0000_Y1750_S050
7_2_X0000_Y1750_S050_2019_09_22_x448_y640_64x64_2,train,7_2_X0000_Y1750_S050,author_grid_component:7_2_X0000_Y1750_S050
7_2_X0000_Y1750_S050_2019_12_21_x576_y576_64x64_9,train,7_2_X0000_Y1750_S050,author_grid_component:7_2_X0000_Y1750_S050
7_2_X0000_Y1750_S050_2019_12_21_x576_y640_64x64_10,train,7_2_X0000_Y1750_S050,author_grid_component:7_2_X0000_Y1750_S050
7_2_X0000_Y1750_S050_2020_02_19_x576_y576_64x64_9,train,7_2_X0000_Y1750_S050,author_grid_component:7_2_X0000_Y1750_S050
7_2_X0000_Y1750_S050_2020_06_18_x576_y640_64x64_8,train,7_2_X0000_Y1750_S050,author_grid_component:7_2_X0000_Y1750_S050
7_2_X0000_Y1750_S050_2020_08_07_x576_y576_64x64_6,train,7_2_X0000_Y1750_S050,author_grid_component:7_2_X0000_Y1750_S050
7_2_X0000_Y1750_S050_2020_08_22_x576_y512_64x64_6,train,7_2_X0000_Y1750_S050,author_grid_component:7_2_X0000_Y1750_S050
7_2_X0000_Y1750_S050_2020_09_26_x448_y576_64x64_2,train,7_2_X0000_Y1750_S050,author_grid_component:7_2_X0000_Y1750_S050
7_2_X0000_Y1750_S050_2020_10_06_x512_y512_64x64_4,train,7_2_X0000_Y1750_S050,author_grid_component:7_2_X0000_Y1750_S050
7_2_X0000_Y1750_S050_2020_10_16_x576_y576_64x64_7,train,7_2_X0000_Y1750_S050,author_grid_component:7_2_X0000_Y1750_S050
7_2_X0000_Y1750_S050_2020_11_20_x384_y640_64x64_1,train,7_2_X0000_Y1750_S050,author_grid_component:7_2_X0000_Y1750_S050
7_2_X0000_Y1750_S050_2020_11_20_x512_y576_64x64_5,train,7_2_X0000_Y1750_S050,author_grid_component:7_2_X0000_Y1750_S050
7_2_X0000_Y1800_S050_2019_07_14_x576_y0_64x64_74,train,7_2_X0000_Y1800_S050,author_grid_component:7_2_X0000_Y1750_S050
7_2_X0000_Y1800_S050_2019_07_24_x128_y576_64x64_14,train,7_2_X0000_Y1800_S050,author_grid_component:7_2_X0000_Y1750_S050
7_2_X0000_Y1800_S050_2019_08_28_x192_y128_64x64_16,train,7_2_X0000_Y1800_S050,author_grid_component:7_2_X0000_Y1750_S050
7_2_X0000_Y1800_S050_2019_08_28_x192_y576_64x64_23,train,7_2_X0000_Y1800_S050,author_grid_component:7_2_X0000_Y1750_S050
7_2_X0000_Y1800_S050_2019_09_02_x384_y512_64x64_49,train,7_2_X0000_Y1800_S050,author_grid_component:7_2_X0000_Y1750_S050
7_2_X0000_Y1800_S050_2019_12_21_x320_y320_64x64_40,train,7_2_X0000_Y1800_S050,author_grid_component:7_2_X0000_Y1750_S050
7_2_X0000_Y1800_S050_2020_03_15_x576_y576_64x64_89,train,7_2_X0000_Y1800_S050,author_grid_component:7_2_X0000_Y1750_S050
7_2_X0000_Y1800_S050_2020_06_18_x512_y640_64x64_72,train,7_2_X0000_Y1800_S050,author_grid_component:7_2_X0000_Y1750_S050
7_2_X0000_Y1800_S050_2020_06_18_x576_y512_64x64_81,train,7_2_X0000_Y1800_S050,author_grid_component:7_2_X0000_Y1750_S050
7_2_X0000_Y1800_S050_2020_07_08_x448_y640_64x64_23,train,7_2_X0000_Y1800_S050,author_grid_component:7_2_X0000_Y1750_S050
7_2_X0000_Y1800_S050_2020_07_08_x512_y0_64x64_24,train,7_2_X0000_Y1800_S050,author_grid_component:7_2_X0000_Y1750_S050
7_2_X0000_Y1800_S050_2020_08_27_x448_y448_64x64_56,train,7_2_X0000_Y1800_S050,author_grid_component:7_2_X0000_Y1750_S050
7_2_X0000_Y1800_S050_2020_08_27_x64_y576_64x64_6,train,7_2_X0000_Y1800_S050,author_grid_component:7_2_X0000_Y1750_S050
7_2_X0000_Y1800_S050_2020_09_26_x64_y576_64x64_7,train,7_2_X0000_Y1800_S050,author_grid_component:7_2_X0000_Y1750_S050
7_2_X0000_Y1800_S050_2020_11_10_x384_y576_64x64_53,train,7_2_X0000_Y1800_S050,author_grid_component:7_2_X0000_Y1750_S050
7_2_X0000_Y1800_S050_2020_11_20_x192_y384_64x64_21,train,7_2_X0000_Y1800_S050,author_grid_component:7_2_X0000_Y1750_S050
7_2_X0050_Y1800_S050_2019_02_09_x0_y256_64x64_5,train,7_2_X0050_Y1800_S050,author_grid_component:7_2_X0000_Y1750_S050
7_2_X0050_Y1800_S050_2019_05_05_x448_y128_64x64_78,train,7_2_X0050_Y1800_S050,author_grid_component:7_2_X0000_Y1750_S050
7_2_X0050_Y1800_S050_2019_07_04_x0_y128_64x64_3,train,7_2_X0050_Y1800_S050,author_grid_component:7_2_X0000_Y1750_S050
7_2_X0050_Y1800_S050_2019_08_28_x128_y320_64x64_28,train,7_2_X0050_Y1800_S050,author_grid_component:7_2_X0000_Y1750_S050
7_2_X0050_Y1800_S050_2019_08_28_x640_y448_64x64_118,train,7_2_X0050_Y1800_S050,author_grid_component:7_2_X0000_Y1750_S050
7_2_X0050_Y1800_S050_2019_09_22_x640_y448_64x64_94,train,7_2_X0050_Y1800_S050,author_grid_component:7_2_X0000_Y1750_S050
7_2_X0050_Y1800_S050_2020_02_19_x192_y128_64x64_31,train,7_2_X0050_Y1800_S050,author_grid_component:7_2_X0000_Y1750_S050
7_2_X0050_Y1800_S050_2020_07_03_x448_y640_64x64_88,train,7_2_X0050_Y1800_S050,author_grid_component:7_2_X0000_Y1750_S050
7_2_X0050_Y1800_S050_2020_07_03_x512_y256_64x64_93,train,7_2_X0050_Y1800_S050,author_grid_component:7_2_X0000_Y1750_S050
7_2_X0050_Y1800_S050_2020_07_28_x640_y640_64x64_121,train,7_2_X0050_Y1800_S050,author_grid_component:7_2_X0000_Y1750_S050
7_2_X0050_Y1800_S050_2020_08_07_x320_y448_64x64_63,train,7_2_X0050_Y1800_S050,author_grid_component:7_2_X0000_Y1750_S050
7_2_X0050_Y1800_S050_2020_08_27_x128_y640_64x64_33,train,7_2_X0050_Y1800_S050,author_grid_component:7_2_X0000_Y1750_S050
7_2_X0050_Y1800_S050_2020_10_16_x128_y128_64x64_25,train,7_2_X0050_Y1800_S050,author_grid_component:7_2_X0000_Y1750_S050
7_2_X0050_Y1800_S050_2020_10_16_x448_y576_64x64_87,train,7_2_X0050_Y1800_S050,author_grid_component:7_2_X0000_Y1750_S050
7_2_X0050_Y1800_S050_2020_11_20_x128_y512_64x64_31,train,7_2_X0050_Y1800_S050,author_grid_component:7_2_X0000_Y1750_S050
7_2_X0050_Y1800_S050_2020_11_20_x640_y128_64x64_113,train,7_2_X0050_Y1800_S050,author_grid_component:7_2_X0000_Y1750_S050
7_2_X0050_Y1850_S050_2019_02_09_x640_y576_64x64_120,train,7_2_X0050_Y1850_S050,author_grid_component:7_2_X0000_Y1750_S050
7_2_X0050_Y1850_S050_2019_03_26_x64_y320_64x64_17,train,7_2_X0050_Y1850_S050,author_grid_component:7_2_X0000_Y1750_S050
7_2_X0050_Y1850_S050_2019_05_05_x128_y256_64x64_27,train,7_2_X0050_Y1850_S050,author_grid_component:7_2_X0000_Y1750_S050
7_2_X0050_Y1850_S050_2019_05_05_x640_y512_64x64_119,train,7_2_X0050_Y1850_S050,author_grid_component:7_2_X0000_Y1750_S050
7_2_X0050_Y1850_S050_2019_07_04_x64_y576_64x64_21,train,7_2_X0050_Y1850_S050,author_grid_component:7_2_X0000_Y1750_S050
7_2_X0050_Y1850_S050_2019_09_02_x192_y384_64x64_40,train,7_2_X0050_Y1850_S050,author_grid_component:7_2_X0000_Y1750_S050
7_2_X0050_Y1850_S050_2019_09_02_x384_y640_64x64_77,train,7_2_X0050_Y1850_S050,author_grid_component:7_2_X0000_Y1750_S050
7_2_X0050_Y1850_S050_2019_09_22_x0_y512_64x64_6,train,7_2_X0050_Y1850_S050,author_grid_component:7_2_X0000_Y1750_S050
7_2_X0050_Y1850_S050_2019_12_21_x0_y384_64x64_7,train,7_2_X0050_Y1850_S050,author_grid_component:7_2_X0000_Y1750_S050
7_2_X0050_Y1850_S050_2019_12_21_x640_y64_64x64_112,train,7_2_X0050_Y1850_S050,author_grid_component:7_2_X0000_Y1750_S050
7_2_X0050_Y1850_S050_2020_08_22_x128_y384_64x64_29,train,7_2_X0050_Y1850_S050,author_grid_component:7_2_X0000_Y1750_S050
7_2_X0050_Y1850_S050_2020_08_22_x576_y256_64x64_104,train,7_2_X0050_Y1850_S050,author_grid_component:7_2_X0000_Y1750_S050
7_2_X0050_Y1850_S050_2020_08_27_x512_y0_64x64_89,train,7_2_X0050_Y1850_S050,author_grid_component:7_2_X0000_Y1750_S050
7_2_X0050_Y1850_S050_2020_10_06_x320_y128_64x64_58,train,7_2_X0050_Y1850_S050,author_grid_component:7_2_X0000_Y1750_S050
7_2_X0050_Y1850_S050_2020_10_06_x512_y512_64x64_97,train,7_2_X0050_Y1850_S050,author_grid_component:7_2_X0000_Y1750_S050
7_2_X0050_Y1850_S050_2020_10_06_x640_y256_64x64_115,train,7_2_X0050_Y1850_S050,author_grid_component:7_2_X0000_Y1750_S050
7_2_X0050_Y1900_S050_2019_02_09_x256_y128_64x64_41,train,7_2_X0050_Y1900_S050,author_grid_component:7_2_X0000_Y1750_S050
7_2_X0050_Y1900_S050_2019_02_09_x256_y256_64x64_42,train,7_2_X0050_Y1900_S050,author_grid_component:7_2_X0000_Y1750_S050
7_2_X0050_Y1900_S050_2019_03_26_x256_y576_64x64_44,train,7_2_X0050_Y1900_S050,author_grid_component:7_2_X0000_Y1750_S050
7_2_X0050_Y1900_S050_2019_03_26_x64_y384_64x64_17,train,7_2_X0050_Y1900_S050,author_grid_component:7_2_X0000_Y1750_S050
7_2_X0050_Y1900_S050_2019_07_04_x64_y448_64x64_18,train,7_2_X0050_Y1900_S050,author_grid_component:7_2_X0000_Y1750_S050
7_2_X0050_Y1900_S050_2019_07_14_x128_y192_64x64_24,train,7_2_X0050_Y1900_S050,author_grid_component:7_2_X0000_Y1750_S050
7_2_X0050_Y1900_S050_2019_08_28_x192_y640_64x64_39,train,7_2_X0050_Y1900_S050,author_grid_component:7_2_X0000_Y1750_S050
7_2_X0050_Y1900_S050_2019_09_02_x256_y640_64x64_41,train,7_2_X0050_Y1900_S050,author_grid_component:7_2_X0000_Y1750_S050
7_2_X0050_Y1900_S050_2019_12_21_x192_y192_64x64_33,train,7_2_X0050_Y1900_S050,author_grid_component:7_2_X0000_Y1750_S050
7_2_X0050_Y1900_S050_2020_02_19_x128_y640_64x64_31,train,7_2_X0050_Y1900_S050,author_grid_component:7_2_X0000_Y1750_S050
7_2_X0050_Y1900_S050_2020_06_18_x128_y640_64x64_30,train,7_2_X0050_Y1900_S050,author_grid_component:7_2_X0000_Y1750_S050
7_2_X0050_Y1900_S050_2020_08_07_x384_y576_64x64_41,train,7_2_X0050_Y1900_S050,author_grid_component:7_2_X0000_Y1750_S050
7_2_X0050_Y1900_S050_2020_08_22_x128_y512_64x64_28,train,7_2_X0050_Y1900_S050,author_grid_component:7_2_X0000_Y1750_S050
7_2_X0050_Y1900_S050_2020_08_27_x128_y640_64x64_31,train,7_2_X0050_Y1900_S050,author_grid_component:7_2_X0000_Y1750_S050
7_2_X0050_Y1900_S050_2020_11_10_x384_y640_64x64_45,train,7_2_X0050_Y1900_S050,author_grid_component:7_2_X0000_Y1750_S050
7_2_X0050_Y1900_S050_2020_12_10_x128_y64_64x64_22,train,7_2_X0050_Y1900_S050,author_grid_component:7_2_X0000_Y1750_S050
7_2_X0100_Y1850_S050_2019_03_26_x0_y128_64x64_3,train,7_2_X0100_Y1850_S050,author_grid_component:7_2_X0000_Y1750_S050
7_2_X0100_Y1850_S050_2019_03_26_x192_y64_64x64_35,train,7_2_X0100_Y1850_S050,author_grid_component:7_2_X0000_Y1750_S050
7_2_X0100_Y1850_S050_2019_03_26_x640_y512_64x64_109,train,7_2_X0100_Y1850_S050,author_grid_component:7_2_X0000_Y1750_S050
7_2_X0100_Y1850_S050_2019_07_04_x512_y64_64x64_90,train,7_2_X0100_Y1850_S050,author_grid_component:7_2_X0000_Y1750_S050
7_2_X0100_Y1850_S050_2019_07_04_x640_y320_64x64_116,train,7_2_X0100_Y1850_S050,author_grid_component:7_2_X0000_Y1750_S050
7_2_X0100_Y1850_S050_2019_07_24_x640_y192_64x64_114,train,7_2_X0100_Y1850_S050,author_grid_component:7_2_X0000_Y1750_S050
7_2_X0100_Y1850_S050_2019_09_22_x128_y512_64x64_16,train,7_2_X0100_Y1850_S050,author_grid_component:7_2_X0000_Y1750_S050
7_2_X0100_Y1850_S050_2020_03_15_x448_y576_64x64_87,train,7_2_X0100_Y1850_S050,author_grid_component:7_2_X0000_Y1750_S050
7_2_X0100_Y1850_S050_2020_03_15_x640_y128_64x64_113,train,7_2_X0100_Y1850_S050,author_grid_component:7_2_X0000_Y1750_S050
7_2_X0100_Y1850_S050_2020_07_28_x448_y384_64x64_84,train,7_2_X0100_Y1850_S050,author_grid_component:7_2_X0000_Y1750_S050
7_2_X0100_Y1850_S050_2020_08_22_x384_y384_64x64_73,train,7_2_X0100_Y1850_S050,author_grid_component:7_2_X0000_Y1750_S050
7_2_X0100_Y1850_S050_2020_08_22_x640_y256_64x64_115,train,7_2_X0100_Y1850_S050,author_grid_component:7_2_X0000_Y1750_S050
7_2_X0100_Y1850_S050_2020_08_27_x576_y128_64x64_102,train,7_2_X0100_Y1850_S050,author_grid_component:7_2_X0000_Y1750_S050
7_2_X0100_Y1850_S050_2020_11_10_x448_y192_64x64_53,train,7_2_X0100_Y1850_S050,author_grid_component:7_2_X0000_Y1750_S050
7_2_X0100_Y1850_S050_2020_11_10_x640_y0_64x64_71,train,7_2_X0100_Y1850_S050,author_grid_component:7_2_X0000_Y1750_S050
7_2_X0100_Y1850_S050_2020_12_10_x384_y0_64x64_41,train,7_2_X0100_Y1850_S050,author_grid_component:7_2_X0000_Y1750_S050
7_2_X0100_Y1900_S050_2019_02_09_x192_y192_64x64_37,train,7_2_X0100_Y1900_S050,author_grid_component:7_2_X0000_Y1750_S050
7_2_X0100_Y1900_S050_2019_07_24_x128_y320_64x64_28,train,7_2_X0100_Y1900_S050,author_grid_component:7_2_X0000_Y1750_S050
7_2_X0100_Y1900_S050_2019_09_02_x256_y384_64x64_50,train,7_2_X0100_Y1900_S050,author_grid_component:7_2_X0000_Y1750_S050
7_2_X0100_Y1900_S050_2020_02_19_x64_y0_64x64_12,train,7_2_X0100_Y1900_S050,author_grid_component:7_2_X0000_Y1750_S050
7_2_X0100_Y1900_S050_2020_02_19_x64_y512_64x64_20,train,7_2_X0100_Y1900_S050,author_grid_component:7_2_X0000_Y1750_S050
7_2_X0100_Y1900_S050_2020_03_15_x128_y640_64x64_33,train,7_2_X0100_Y1900_S050,author_grid_component:7_2_X0000_Y1750_S050
7_2_X0100_Y1900_S050_2020_07_08_x192_y512_64x64_31,train,7_2_X0100_Y1900_S050,author_grid_component:7_2_X0000_Y1750_S050
7_2_X0100_Y1900_S050_2020_07_08_x256_y384_64x64_35,train,7_2_X0100_Y1900_S050,author_grid_component:7_2_X0000_Y1750_S050
7_2_X0100_Y1900_S050_2020_07_28_x448_y448_64x64_77,train,7_2_X0100_Y1900_S050,author_grid_component:7_2_X0000_Y1750_S050
7_2_X0100_Y1900_S050_2020_08_22_x512_y576_64x64_85,train,7_2_X0100_Y1900_S050,author_grid_component:7_2_X0000_Y1750_S050
7_2_X0100_Y1900_S050_2020_08_27_x128_y384_64x64_29,train,7_2_X0100_Y1900_S050,author_grid_component:7_2_X0000_Y1750_S050
7_2_X0100_Y1900_S050_2020_09_26_x320_y448_64x64_61,train,7_2_X0100_Y1900_S050,author_grid_component:7_2_X0000_Y1750_S050
7_2_X0100_Y1900_S050_2020_09_26_x640_y320_64x64_96,train,7_2_X0100_Y1900_S050,author_grid_component:7_2_X0000_Y1750_S050
7_2_X0100_Y1900_S050_2020_11_10_x512_y320_64x64_82,train,7_2_X0100_Y1900_S050,author_grid_component:7_2_X0000_Y1750_S050
7_2_X0100_Y1900_S050_2020_12_10_x640_y640_64x64_103,train,7_2_X0100_Y1900_S050,author_grid_component:7_2_X0000_Y1750_S050
7_2_X0100_Y1900_S050_2020_12_10_x64_y320_64x64_17,train,7_2_X0100_Y1900_S050,author_grid_component:7_2_X0000_Y1750_S050
7_2_X0150_Y1900_S050_2019_02_09_x256_y576_64x64_53,train,7_2_X0150_Y1900_S050,author_grid_component:7_2_X0000_Y1750_S050
7_2_X0150_Y1900_S050_2019_07_04_x128_y64_64x64_24,train,7_2_X0150_Y1900_S050,author_grid_component:7_2_X0000_Y1750_S050
7_2_X0150_Y1900_S050_2019_07_24_x64_y576_64x64_21,train,7_2_X0150_Y1900_S050,author_grid_component:7_2_X0000_Y1750_S050
7_2_X0150_Y1900_S050_2019_08_28_x64_y192_64x64_15,train,7_2_X0150_Y1900_S050,author_grid_component:7_2_X0000_Y1750_S050
7_2_X0150_Y1900_S050_2019_09_02_x640_y128_64x64_93,train,7_2_X0150_Y1900_S050,author_grid_component:7_2_X0000_Y1750_S050
7_2_X0150_Y1900_S050_2020_02_19_x0_y128_64x64_3,train,7_2_X0150_Y1900_S050,author_grid_component:7_2_X0000_Y1750_S050
7_2_X0150_Y1900_S050_2020_02_19_x256_y128_64x64_47,train,7_2_X0150_Y1900_S050,author_grid_component:7_2_X0000_Y1750_S050
7_2_X0150_Y1900_S050_2020_07_03_x64_y128_64x64_14,train,7_2_X0150_Y1900_S050,author_grid_component:7_2_X0000_Y1750_S050
7_2_X0150_Y1900_S050_2020_08_07_x640_y576_64x64_101,train,7_2_X0150_Y1900_S050,author_grid_component:7_2_X0000_Y1750_S050
7_2_X0150_Y1900_S050_2020_08_07_x64_y192_64x64_15,train,7_2_X0150_Y1900_S050,author_grid_component:7_2_X0000_Y1750_S050
7_2_X0150_Y1900_S050_2020_08_22_x0_y512_64x64_9,train,7_2_X0150_Y1900_S050,author_grid_component:7_2_X0000_Y1750_S050
7_2_X0150_Y1900_S050_2020_08_27_x192_y512_64x64_42,train,7_2_X0150_Y1900_S050,author_grid_component:7_2_X0000_Y1750_S050
7_2_X0150_Y1900_S050_2020_08_27_x448_y64_64x64_69,train,7_2_X0150_Y1900_S050,author_grid_component:7_2_X0000_Y1750_S050
7_2_X0150_Y1900_S050_2020_10_16_x192_y512_64x64_42,train,7_2_X0150_Y1900_S050,author_grid_component:7_2_X0000_Y1750_S050
7_2_X0150_Y1900_S050_2020_11_10_x384_y384_64x64_70,train,7_2_X0150_Y1900_S050,author_grid_component:7_2_X0000_Y1750_S050
7_2_X0150_Y1900_S050_2020_11_10_x384_y512_64x64_72,train,7_2_X0150_Y1900_S050,author_grid_component:7_2_X0000_Y1750_S050
7_2_X0150_Y1950_S050_2019_01_05_x0_y320_64x64_2,train,7_2_X0150_Y1950_S050,author_grid_component:7_2_X0000_Y1750_S050
7_2_X0150_Y1950_S050_2019_01_05_x192_y512_64x64_38,train,7_2_X0150_Y1950_S050,author_grid_component:7_2_X0000_Y1750_S050
7_2_X0150_Y1950_S050_2019_01_05_x64_y0_64x64_8,train,7_2_X0150_Y1950_S050,author_grid_component:7_2_X0000_Y1750_S050
7_2_X0150_Y1950_S050_2019_08_28_x256_y256_64x64_43,train,7_2_X0150_Y1950_S050,author_grid_component:7_2_X0000_Y1750_S050
7_2_X0150_Y1950_S050_2019_09_27_x320_y0_64x64_46,train,7_2_X0150_Y1950_S050,author_grid_component:7_2_X0000_Y1750_S050
7_2_X0150_Y1950_S050_2019_10_12_x0_y576_64x64_6,train,7_2_X0150_Y1950_S050,author_grid_component:7_2_X0000_Y1750_S050
7_2_X0150_Y1950_S050_2020_02_19_x128_y128_64x64_21,train,7_2_X0150_Y1950_S050,author_grid_component:7_2_X0000_Y1750_S050
7_2_X0150_Y1950_S050_2020_07_08_x128_y64_64x64_20,train,7_2_X0150_Y1950_S050,author_grid_component:7_2_X0000_Y1750_S050
7_2_X0150_Y1950_S050_2020_09_16_x192_y384_64x64_32,train,7_2_X0150_Y1950_S050,author_grid_component:7_2_X0000_Y1750_S050
7_2_X0150_Y1950_S050_2020_09_16_x64_y128_64x64_10,train,7_2_X0150_Y1950_S050,author_grid_component:7_2_X0000_Y1750_S050
7_2_X0150_Y1950_S050_2020_10_16_x256_y64_64x64_40,train,7_2_X0150_Y1950_S050,author_grid_component:7_2_X0000_Y1750_S050
7_2_X0150_Y1950_S050_2020_10_31_x128_y640_64x64_29,train,7_2_X0150_Y1950_S050,author_grid_component:7_2_X0000_Y1750_S050
7_2_X0150_Y1950_S050_2020_10_31_x192_y0_64x64_30,train,7_2_X0150_Y1950_S050,author_grid_component:7_2_X0000_Y1750_S050
7_2_X0150_Y1950_S050_2020_11_10_x192_y640_64x64_40,train,7_2_X0150_Y1950_S050,author_grid_component:7_2_X0000_Y1750_S050
7_2_X0150_Y1950_S050_2020_12_10_x256_y64_64x64_42,train,7_2_X0150_Y1950_S050,author_grid_component:7_2_X0000_Y1750_S050
7_2_X0150_Y1950_S050_2020_12_10_x64_y128_64x64_10,train,7_2_X0150_Y1950_S050,author_grid_component:7_2_X0000_Y1750_S050
7_2_X0200_Y1950_S050_2019_01_05_x128_y0_64x64_23,train,7_2_X0200_Y1950_S050,author_grid_component:7_2_X0000_Y1750_S050
7_2_X0200_Y1950_S050_2019_03_26_x128_y512_64x64_29,train,7_2_X0200_Y1950_S050,author_grid_component:7_2_X0000_Y1750_S050
7_2_X0200_Y1950_S050_2019_03_26_x128_y576_64x64_30,train,7_2_X0200_Y1950_S050,author_grid_component:7_2_X0000_Y1750_S050
7_2_X0200_Y1950_S050_2019_08_28_x192_y576_64x64_35,train,7_2_X0200_Y1950_S050,author_grid_component:7_2_X0000_Y1750_S050
7_2_X0200_Y1950_S050_2019_08_28_x256_y512_64x64_37,train,7_2_X0200_Y1950_S050,author_grid_component:7_2_X0000_Y1750_S050
7_2_X0200_Y1950_S050_2019_09_22_x0_y512_64x64_9,train,7_2_X0200_Y1950_S050,author_grid_component:7_2_X0000_Y1750_S050
7_2_X0200_Y1950_S050_2019_10_12_x64_y64_64x64_13,train,7_2_X0200_Y1950_S050,author_grid_component:7_2_X0000_Y1750_S050
7_2_X0200_Y1950_S050_2020_09_21_x128_y512_64x64_29,train,7_2_X0200_Y1950_S050,author_grid_component:7_2_X0000_Y1750_S050
7_2_X0200_Y1950_S050_2020_09_21_x64_y128_64x64_14,train,7_2_X0200_Y1950_S050,author_grid_component:7_2_X0000_Y1750_S050
7_2_X0200_Y1950_S050_2020_10_16_x0_y64_64x64_2,train,7_2_X0200_Y1950_S050,author_grid_component:7_2_X0000_Y1750_S050
7_2_X0200_Y1950_S050_2020_10_31_x128_y320_64x64_26,train,7_2_X0200_Y1950_S050,author_grid_component:7_2_X0000_Y1750_S050
7_2_X0200_Y1950_S050_2020_10_31_x64_y320_64x64_17,train,7_2_X0200_Y1950_S050,author_grid_component:7_2_X0000_Y1750_S050
7_2_X0200_Y1950_S050_2020_11_10_x0_y64_64x64_2,train,7_2_X0200_Y1950_S050,author_grid_component:7_2_X0000_Y1750_S050
7_2_X0200_Y1950_S050_2020_11_10_x256_y640_64x64_39,train,7_2_X0200_Y1950_S050,author_grid_component:7_2_X0000_Y1750_S050
7_2_X0200_Y1950_S050_2020_12_10_x128_y256_64x64_25,train,7_2_X0200_Y1950_S050,author_grid_component:7_2_X0000_Y1750_S050
7_2_X0200_Y1950_S050_2020_12_10_x256_y512_64x64_37,train,7_2_X0200_Y1950_S050,author_grid_component:7_2_X0000_Y1750_S050
7_2_X1050_Y1550_S050_2019_04_22_x192_y448_64x64_11,validation,7_2_X1050_Y1550_S050,author_grid_component:7_2_X1050_Y1550_S050
7_2_X1050_Y1550_S050_2019_05_27_x0_y128_64x64_1,validation,7_2_X1050_Y1550_S050,author_grid_component:7_2_X1050_Y1550_S050
7_2_X1050_Y1550_S050_2019_06_11_x256_y448_64x64_13,validation,7_2_X1050_Y1550_S050,author_grid_component:7_2_X1050_Y1550_S050
7_2_X1050_Y1550_S050_2019_06_11_x320_y448_64x64_16,validation,7_2_X1050_Y1550_S050,author_grid_component:7_2_X1050_Y1550_S050
7_2_X1050_Y1550_S050_2019_10_09_x128_y384_64x64_9,validation,7_2_X1050_Y1550_S050,author_grid_component:7_2_X1050_Y1550_S050
7_2_X1050_Y1550_S050_2019_10_09_x384_y576_64x64_23,validation,7_2_X1050_Y1550_S050,author_grid_component:7_2_X1050_Y1550_S050
7_2_X1050_Y1550_S050_2019_10_09_x64_y320_64x64_6,validation,7_2_X1050_Y1550_S050,author_grid_component:7_2_X1050_Y1550_S050
7_2_X1050_Y1550_S050_2019_10_19_x64_y192_64x64_4,validation,7_2_X1050_Y1550_S050,author_grid_component:7_2_X1050_Y1550_S050
7_2_X1050_Y1550_S050_2019_10_29_x256_y512_64x64_14,validation,7_2_X1050_Y1550_S050,author_grid_component:7_2_X1050_Y1550_S050
7_2_X1050_Y1550_S050_2020_03_22_x256_y576_64x64_16,validation,7_2_X1050_Y1550_S050,author_grid_component:7_2_X1050_Y1550_S050
7_2_X1050_Y1550_S050_2020_04_06_x0_y128_64x64_1,validation,7_2_X1050_Y1550_S050,author_grid_component:7_2_X1050_Y1550_S050
7_2_X1050_Y1550_S050_2020_04_06_x192_y320_64x64_9,validation,7_2_X1050_Y1550_S050,author_grid_component:7_2_X1050_Y1550_S050
7_2_X1050_Y1550_S050_2020_05_21_x256_y448_64x64_15,validation,7_2_X1050_Y1550_S050,author_grid_component:7_2_X1050_Y1550_S050
7_2_X1050_Y1550_S050_2020_09_23_x256_y384_64x64_9,validation,7_2_X1050_Y1550_S050,author_grid_component:7_2_X1050_Y1550_S050
7_2_X1050_Y1550_S050_2020_09_23_x64_y320_64x64_3,validation,7_2_X1050_Y1550_S050,author_grid_component:7_2_X1050_Y1550_S050
7_2_X1050_Y1550_S050_2020_10_23_x256_y576_64x64_17,validation,7_2_X1050_Y1550_S050,author_grid_component:7_2_X1050_Y1550_S050
