path,bytes,sha256
.env.example,195,59122dba43952d0d3bde317ba06678574c7f1a7f84b102338003c7175e9aed70
.gitignore,377,786165beb4dc2b7de413a24dc57a5e083e10f4672d7c88e50436661fc4af7c23
.python-version,8,f50159fad3f4319868eb38717b91d55843c41e9803014c8de05e116a6d0bcfdc
LICENSE,1235,6e68e19e2c602091124bab15e75cc31277837539a60264968c2d29d5887f2a5a
README.md,7689,6103f25c17068fbb2e6a51c50a802a676f8398595884a36cb4d3a65d95602292
configs/data.yaml,536,e6bff5ff5b66112e7a73b025c3cdf34497574cafed2a7e25cc46526c813220c2
data/README.md,2234,f8483f118184d598f961e8ba6399c84a37528f20bc6d57d40570a92a17b7751c
data/interim/.gitkeep,0,e3b0c44298fc1c149afbf4c8996fb92427ae41e4649b934ca495991b7852b855
data/metadata/dataset_train_6_2_members.csv,1065006,c78a3830cabbb007ee99ac4b6cc64d3f128df4b2840780b245bb91e6aa57256b
data/metadata/dataset_train_6_2_pairs.csv,1810616,f8487c2b3c804c833d82f2bffb53352c4d6baf142b9d3c5de6133785a261a6b0
data/metadata/dataset_train_7_2_members.csv,3050649,7e57968dbec5518823ba4145faaa4edcba35beb2db7b0b2827e42cc5489fdada
data/metadata/dataset_train_7_2_pairs.csv,5185700,d074e1e381d9ac9afff039acbf5660aded59774e687e761bc61e0be3016d5636
data/metadata/environment.json,785,b8c2d2ad4f9971243fa61693f60c2bf374d4f566bc723f5d35ffb9bedcf56b02
data/metadata/sample_manifest.json,19255,30e2e4efb38ffb9b358c9c055e9f040616b98bd5cbb71a502ee01732254708ea
data/metadata/sources/github_tree.json,11150,f959da071b005d17c3039e479a25e1f88477ebea40f8b8eba18b2edcbf59965b
data/metadata/sources/nasa_cyan.html,168526,e1fd9d9b8d4367f70332f9f052cf1b3c6a2803597e405e99b70e153b59043efb
data/metadata/sources/paper.pdf,16014721,71ec12cc3c7a01ba63703b9dbaacdd63f3273673ebda38d03aca14ef539289aa
data/metadata/sources/paper.txt,60668,e15ed48a8ea4fd424979646f3a2fb0c232623fa87efcbed1370b44837d33b1e3
data/metadata/sources/range_probe.bin,65557,4f7e968316d2402901cdaa8ea0cb686e63c96c1322da27d7e0a1ced9f505cbe1
data/metadata/sources/range_probe_headers.txt,1146,55334d945582e916335b4c2420fa6cc80f0c0c8b5f47960387411d3d4392cb96
data/metadata/sources/sources_manifest.json,6041,a24612e67edd1118d19080d902f9e34f9cf1e77e508c856ef1dc1b6253c1583d
data/metadata/sources/upstream_LICENSE,11357,c71d239df91726fc519c6eb72d318ec65820627232b2f796219e87dcf35d0ab4
data/metadata/sources/upstream_code_README.md,882,1d5e5e5a90e48eaeb266709095f393dd6162a5b60cd92deeeef69b797738da79
data/metadata/sources/upstream_code_constants.py,7819,d940073f7a90795a0fa903e4f865bcd83757dc81c524c7c9f94fc977d30c9e26
data/metadata/sources/upstream_code_dataset_README.md,550,58b776bbed6f1880b9571fc29b50d5177b1b5c2f9f0b783344ca59e216b1937e
data/metadata/sources/upstream_code_dataset_archive.py,2025,ed3110d513ac69be04e9e4a5a58ea61bf14502825da97f6e084669c8908cef1f
data/metadata/sources/upstream_code_dataset_create_dataset.py,9416,2ad71d7be31f8dfd26dcc0f271d119b61bcf237d0def78151cca189a3c2b8350
data/metadata/sources/upstream_code_dataset_download_and_process.py,21669,d0ba0b7b4a026af95f50b3818fc9e2d1b5ce6c5d80f3d51f49ff30a143ae3909
data/metadata/sources/upstream_code_dataset_generate_tiles.py,8556,b00da1fdcb3754e16cbb88d1504ef244ced53b4c2ffdd9eb9150c70ada5b455c
data/metadata/sources/upstream_code_dataset_helpers.py,8202,873f85b412f4a57b4ff15767067a3579936f88ee804f8dab6cb508bc331eae8c
data/metadata/sources/upstream_code_functions.py,3291,d6afb74e54f67330587ac1db26508b99b701ab670572cfb6f934e10c2212bdc8
data/metadata/sources/upstream_code_run_model.py,1353,d9ba59e2a09759dcf9745107a71badf6efa1f6864dedae9f2acd7c53bc693eb7
data/metadata/sources/zenodo_record.json,5586,0af19e8d9ee68c8e5e2ca9ba1f9e9be6b298502c775bfa08e0ee916c44c9afb6
data/processed/.gitkeep,0,e3b0c44298fc1c149afbf4c8996fb92427ae41e4649b934ca495991b7852b855
data/raw/.gitkeep,0,e3b0c44298fc1c149afbf4c8996fb92427ae41e4649b934ca495991b7852b855
data/raw/inspection/dataset_train_6_2/6_2_X0650_Y0900_S050_2019_01_04_x0_y320_64x64_1_cyan.npy,4224,4c636e09bbaeab2820ef4b3e62c09a5f63db39d23bc680e704304cfeadcf6535
data/raw/inspection/dataset_train_6_2/6_2_X0650_Y0900_S050_2019_01_04_x0_y320_64x64_1_sen2.npy,98432,8fcb7f6a591b712549e56181eb381ae8f967863ae290efc9e8ab9d7932a0b3c2
data/raw/inspection/dataset_train_6_2/6_2_X0650_Y0900_S050_2020_06_17_x320_y704_64x64_57_cyan.npy,4224,06a9c033c64aca2820e3d6ba5f74dc3c188c14cead16e3fb236d27ba4baeeeed
data/raw/inspection/dataset_train_6_2/6_2_X0650_Y0900_S050_2020_06_17_x320_y704_64x64_57_sen2.npy,98432,f175ea4679b0f1e3ce50e2c110dd1a99885f6ac2dbd99db0f5e8a3f04b7d4f34
data/raw/inspection/dataset_train_6_2/6_2_X1800_Y1050_S050_2020_07_08_x448_y128_64x64_70_cyan.npy,4224,06a9c033c64aca2820e3d6ba5f74dc3c188c14cead16e3fb236d27ba4baeeeed
data/raw/inspection/dataset_train_6_2/6_2_X1800_Y1050_S050_2020_07_08_x448_y128_64x64_70_sen2.npy,98432,216120066be6e69025ce7efb0fe6f97fb9b32bcf2adfb49b4b3a2e86aeb54fe5
data/raw/inspection/dataset_train_6_2/6_2_X1850_Y1150_S050_2020_11_08_x64_y64_64x64_13_cyan.npy,4224,06a9c033c64aca2820e3d6ba5f74dc3c188c14cead16e3fb236d27ba4baeeeed
data/raw/inspection/dataset_train_6_2/6_2_X1850_Y1150_S050_2020_11_08_x64_y64_64x64_13_sen2.npy,98432,15cd4576ae86c2e559ef7d1bdae85f432d2ba19c49521055ee7ebd151a0a582f
data/raw/inspection/dataset_train_7_2/7_2_X0000_Y1750_S050_2019_02_09_x384_y640_64x64_1_cyan.npy,4224,4176d6c1154ee1a3261ee3e263c06b5be457d17877b8ec73ccd7932e87a85f31
data/raw/inspection/dataset_train_7_2/7_2_X0000_Y1750_S050_2019_02_09_x384_y640_64x64_1_sen2.npy,98432,8e13f2f74fe6880a95408e8c481a75f314a6150c0c4a842b582611878c4a3822
data/raw/inspection/dataset_train_7_2/7_2_X0050_Y1850_S050_2020_02_19_x192_y640_64x64_44_cyan.npy,4224,06a9c033c64aca2820e3d6ba5f74dc3c188c14cead16e3fb236d27ba4baeeeed
data/raw/inspection/dataset_train_7_2/7_2_X0050_Y1850_S050_2020_02_19_x192_y640_64x64_44_sen2.npy,98432,c2811ae58a6fe5580762aadd2a1fc31b9d016488333c601c2e8f7c3b3ab3f83e
data/raw/inspection/dataset_train_7_2/7_2_X0100_Y1900_S050_2019_08_28_x128_y640_64x64_33_cyan.npy,4224,06a9c033c64aca2820e3d6ba5f74dc3c188c14cead16e3fb236d27ba4baeeeed
data/raw/inspection/dataset_train_7_2/7_2_X0100_Y1900_S050_2019_08_28_x128_y640_64x64_33_sen2.npy,98432,c71797b6f7dfc471f013f80f1039183970540c10a400aeb696769af39246abd4
data/raw/inspection/dataset_train_7_2/7_2_X1050_Y1550_S050_2020_10_23_x64_y320_64x64_7_cyan.npy,4224,920c31d746e733302bf2125e61e2db7396e616b5276081cf4f5d2bfd0905fb43
data/raw/inspection/dataset_train_7_2/7_2_X1050_Y1550_S050_2020_10_23_x64_y320_64x64_7_sen2.npy,98432,ee1c180255b0993f95b939be15bf9d5b0cc84c0b2d4492c4e68c9a8bc9911f47
notebooks/README.md,353,17e767a0e2581bfe5e880b6c05cceb7aa5784fa8c299c8f2b3ca6fa223144d43
pyproject.toml,551,b2516120d6843e69897a26d0b71098e06ab21b08de9d5bf84b8fef01e71599ec
requirements.txt,353,c16cc332ff9bb5163d232c44f68d3dd873f63bf9d72ee403f671aa14e63b3337
research_outputs/figures/sample_bands.png,141515,128713c7cfe0a1fd726cf70b96fa24cb005fe339d0498df7d95f1ba8c0ca6e87
research_outputs/figures/sample_images.png,344214,0858c0b6f8e2c48ee1f7f9e05bfabd6356c18ae57b758c5adcab40a3b11339b9
research_outputs/figures/sample_month.png,30074,f35b9719d1c42128774ac30dd9802db14762ccd2b5f77bcfd78c6e6d631d8041
research_outputs/figures/sample_reference_bins.png,31150,8bdb45dcb514598d3fbf512b284af47dbccb5a740e6dd1a28a9ab0d5f97259e6
research_outputs/figures/sample_region.png,28573,ab0f043b936f9ee791dfe5048a1a949e330142022d4d1dc2f71f9090471532b7
research_outputs/figures/sample_year.png,22467,b59afa3e9232d7d48e3bdbf93c02ca40c3f3afce1e28877b41cc5137ca639256
research_outputs/reports/DATASET_AUDIT.md,14854,bb61fc10a2e4b24c4ee4bce28ed45e488838a5c99b6f6e9c7058950525aacdd9
research_outputs/reports/EDA_REPORT.md,2938,a0ad4ce73468dd0a4a57202e26e6308a0443bee92889fab71d208f76ba83fb2c
research_outputs/reports/GEOGRAPHIC_SPLIT.md,2201,df5ef7daaf99b74f7fc2db7184dad3d7884c92128085f39159f40fb26346b458
research_outputs/reports/LIMITATIONS.md,3129,95d4ba9a6e31991cad6d24a96f843b1d84e996b41262de218fac160223649357
research_outputs/reports/SUBSET_DESIGN.md,4452,ae89b4f5b720c26628321c6b85635e03700ce3a4bba7a86c625578df3fb87f6e
research_outputs/reports/pytest_results.xml,4153,b5c242749887df0ca75e97cdbe93dbf5db3f7796240df48f8932b78bedf98d47
research_outputs/reports/validation.json,779,aae3fe806d456364c03c0829366b320c4fed201f166d0ea6c58d4ebc0c9a18c5
research_outputs/tables/archive_metadata_summary.json,3275,619d4a3f47b020d6f428b9e5a573be116dc8762802245022d20ff669943ac65b
research_outputs/tables/sample_band_statistics.csv,12657,e3d5784023228d16fa715af43b5b0a8fc9d75714d157bd7d9dcbe3358e6b7d3a
research_outputs/tables/sample_metadata.csv,1496,d6ef8ab6d0b47147c2c09053ca47a03d59271103c700bee355e19b9bf2766d4c
research_outputs/tables/sample_month_counts.csv,60,c6cb6cfea597699060f74cfa87224f511f40178c14d3bb9e37933c252e814ffe
research_outputs/tables/sample_pair_distances.csv,4887,78a8783fe22239dd5aa6d56ff4a1478ad7f912ee6cc95966c477d4de52091849
research_outputs/tables/sample_reference_bins.csv,360,679989f63a53f56ba90468d70deab649620f7ea9967cfc60b98a9dd528df6d11
research_outputs/tables/sample_region_counts.csv,33,f9a7325d2cfe5344f1c2f20d73fbd445e50dacd2059e9cf7fa6aff45740f92f0
research_outputs/tables/sample_summary.json,1185,d2cfff4c1ee10bb4fedba57323a213364e55a40573c97423daf3f0d4975ebb0d
research_outputs/tables/sample_year_counts.csv,33,deb451a19d929b6a859a17379980e2b69da759eeb0c6cb667ebd5d1bb6b5b14f
scripts/fetch_sources.py,3069,2a6cf54b27fc28f52fd354614f635133af8e13d29a1cd3f1b896e26329c9fc33
scripts/inspect_metadata.py,2270,7ffd173a427f2c1179cb71c4442c3a6bd3f7b83da626b195cdc770ffbd7a9b14
scripts/inspect_sample.py,594,4b93aeea9e728accf99e4cf3240aab409592cefeab5c4d1f729390431320b661
scripts/prepare_data.py,4364,1024ad6d0803810ef84a838a837f88c2cd51c98cafbce877ceea1f0105930044
src/aquavision/__init__.py,94,7b4aefc369aa366431da486882c156d2be1a24da379773dedb3f12e67b4dad89
src/aquavision/data/__init__.py,79,d63160c3f41abe1bdfd8d6b53cf3b55f95110572c58bf20502fd35d2169ed988
src/aquavision/data/download.py,6262,ce27f87a8235f54743e8dcf847681261f5e0de122096b9f0217cf59e9402ac2b
src/aquavision/data/eda.py,13447,be47a9e49b3f32b5b80428482562ff094cd6225083b4617f9ab4e0e00d5d55e3
src/aquavision/data/labels.py,1886,9f89c988e3a10c9a112fd9da068e673b9f0fee9e08f16a96f524cbfb7c5531af
src/aquavision/data/loader.py,1078,d7c7503cc00f0d5319f67adaaa8be8656248230e8d5721d58dda7bf7c36782ac
src/aquavision/data/metadata.py,4346,799d3799993f51fcd7cd6de04510ef40f6e4903f47aeaeff38b16b5832ff0267
src/aquavision/evaluation/__init__.py,70,591779aa2a845844be843cdf68712fbb76ed93056452dfed2383375ce61e0ca7
src/aquavision/features/__init__.py,70,591779aa2a845844be843cdf68712fbb76ed93056452dfed2383375ce61e0ca7
src/aquavision/models/__init__.py,70,591779aa2a845844be843cdf68712fbb76ed93056452dfed2383375ce61e0ca7
src/aquavision/training/__init__.py,70,591779aa2a845844be843cdf68712fbb76ed93056452dfed2383375ce61e0ca7
src/aquavision/visualization/__init__.py,70,591779aa2a845844be843cdf68712fbb76ed93056452dfed2383375ce61e0ca7
tests/conftest.py,994,bd4303c077b0785270ad4d9df22063bdd1882d11563a51fdd950294ed29965cc
tests/test_download.py,5865,aefa30835bf8cae2fa3970d44839c8e829c4526ffcb6c53f1a0af6670c928960
tests/test_eda.py,968,759d935a3cdc8ffb3980bb3d1ee1be5640cab456cb02db5f47fda351d975ddf4
tests/test_labels.py,1719,d29103e7b448d672d490cc46f9c56af67e7aa10e547d52515c13d4664fb9fae8
tests/test_loader.py,1287,0059266919c6ee8c1ffb06bf59eea754a9d4fe2be6cb4fc86331045d95a2460f
tests/test_metadata.py,1900,97636b87055d5a1ed324e517c816942dd2c4804908e154a99269e4a4327e1293
