sample_id,split,spatial_group_id,source_subtile,date,sen2_sha256,cyan_sha256
6_2_X0500_Y1150_S050_2019_03_17_x256_y384_64x64_15,test,author_grid_component:6_2_X0500_Y1150_S050,6_2_X0500_Y1150_S050,2019-03-17,c54a17680fda54b9a60dde6d6ab7bc7543ca8ebd4434b9860cb44cf2652a3b0a,58bb0acf8f848ef255b53f0224d037aa797153628703e42d13e3ad96abbee9cb
6_2_X0500_Y1150_S050_2019_08_19_x256_y0_64x64_18,test,author_grid_component:6_2_X0500_Y1150_S050,6_2_X0500_Y1150_S050,2019-08-19,c19420957f62454d5f3e4da0fc13e43c12ab1e043b3d90366a9abe2e028a3695,685a90b8d4e29ceb7c2359d6655501e6971d27189e2f62c3208c0a611756cf92
6_2_X0500_Y1150_S050_2020_08_16_x256_y640_64x64_25,test,author_grid_component:6_2_X0500_Y1150_S050,6_2_X0500_Y1150_S050,2020-08-16,b993c40b07cddbbd65ba5d30ec53c0495212ffd6e3c9e3f6e2e98f4dde868fc2,1705ab9ca16849d65dbf1fcbb775ace5250109e9c71ebd9ab7ae0d12d0eb3600
6_2_X0500_Y1150_S050_2020_09_05_x192_y256_64x64_14,test,author_grid_component:6_2_X0500_Y1150_S050,6_2_X0500_Y1150_S050,2020-09-05,6d22520c77f88a93ca6384034a16f6832497f73a5c1881fe27845f1ecd907406,5778f27923704c4c2f473b1cba2490b6ae0fce5fff9a06ec0312e96d60c4ff3f
6_2_X0500_Y1150_S050_2020_09_25_x384_y640_64x64_31,test,author_grid_component:6_2_X0500_Y1150_S050,6_2_X0500_Y1150_S050,2020-09-25,fe58dd327d37115629f02f50424637fc0d4b18d4eda6d0f2af49d6a3e1044eb4,2b269c305f7ed5f3d2ca0f83285068dbf85a155258b2d70e34daf179d682b26c
6_2_X0550_Y1100_S050_2019_03_17_x128_y128_64x64_4,test,author_grid_component:6_2_X0500_Y1150_S050,6_2_X0550_Y1100_S050,2019-03-17,79159ff072250c02f2acc008a57c3315cd14876d2ba7586f42f6223e26918f1c,9adef3d90c69dedc57f3890e3b51ea423755012bbb9e3ecacdf4134ba7a54205
6_2_X0550_Y1100_S050_2019_03_25_x192_y128_64x64_11,test,author_grid_component:6_2_X0500_Y1150_S050,6_2_X0550_Y1100_S050,2019-03-25,57aec69a03489ea80833e73f31a39638735af9e7f53319d38ca9b547e271fa06,cf9cdbb47b00d98e70cc3b75c32989a801fd0a1ef5c786970ef7e37d8eb2d1d5
6_2_X0550_Y1100_S050_2019_03_25_x320_y576_64x64_38,test,author_grid_component:6_2_X0500_Y1150_S050,6_2_X0550_Y1100_S050,2019-03-25,15ed8662afb16c491b0293c34e29b734744429828a6229d5da4e3bf19d4de2b0,c16cef560440e662c3febd837a2183df76a41df66f99768a04b4c8f21e44ff0f
6_2_X0550_Y1100_S050_2019_04_26_x576_y512_64x64_85,test,author_grid_component:6_2_X0500_Y1150_S050,6_2_X0550_Y1100_S050,2019-04-26,8c5460807cff85344055f42d8319561a1482bce7b4f0074df0897b13433c478a,06a9c033c64aca2820e3d6ba5f74dc3c188c14cead16e3fb236d27ba4baeeeed
6_2_X0550_Y1100_S050_2019_07_10_x576_y0_64x64_74,test,author_grid_component:6_2_X0500_Y1150_S050,6_2_X0550_Y1100_S050,2019-07-10,1d51a6786fcd83efb53f0536d2a314286e16b35994bb5d554b2585a13b2b1f73,7713e01813152cb93ac7651bad4db2d887fd82fefd3355c32bc2dd2784d87df4
6_2_X0550_Y1100_S050_2020_05_13_x320_y128_64x64_33,test,author_grid_component:6_2_X0500_Y1150_S050,6_2_X0550_Y1100_S050,2020-05-13,b1bb2227941837c04b5fcfa43a2bed01a6dfeab17dc8f3f88a16cc6585649ecd,104039ae14b6c3d396d6876d7f75ac62c82a325ed35ee8d98a5c9e7ff019e996
6_2_X0550_Y1100_S050_2020_08_16_x192_y576_64x64_19,test,author_grid_component:6_2_X0500_Y1150_S050,6_2_X0550_Y1100_S050,2020-08-16,8698b13d97af472ea279e948c35445c3999b32db1daada162277fe6214b8f97b,78d4794066c664f4cf5273217942072baa909a3ac1ddd2b5abfc808ab1926f2c
6_2_X0550_Y1100_S050_2020_08_16_x576_y256_64x64_81,test,author_grid_component:6_2_X0500_Y1150_S050,6_2_X0550_Y1100_S050,2020-08-16,536bab419fb1b437e804da8dbdc130ada50c086c915ac7528fd01d64c32c5ab4,06a9c033c64aca2820e3d6ba5f74dc3c188c14cead16e3fb236d27ba4baeeeed
6_2_X0550_Y1150_S050_2019_03_25_x64_y0_64x64_12,test,author_grid_component:6_2_X0500_Y1150_S050,6_2_X0550_Y1150_S050,2019-03-25,b20ea250903d4ae353d7987e0d577e673c4011d0db30e1e74f84fc31f517ac08,9aa5024b6cebfa93e35eef02ed1fd3417ed4d696f1e53a7fb7bd8d301fce6629
6_2_X0550_Y1150_S050_2019_04_26_x64_y256_64x64_16,test,author_grid_component:6_2_X0500_Y1150_S050,6_2_X0550_Y1150_S050,2019-04-26,8dd950c78521c5d2dc9d76f8b76bfe43df24a6ca0facd6a4ab50fedd09e30761,2d30da86d68d57f89ef608a1427cc9d2fda4488225cf7680b139b154b5f58d11
6_2_X0550_Y1150_S050_2019_07_10_x192_y64_64x64_35,test,author_grid_component:6_2_X0500_Y1150_S050,6_2_X0550_Y1150_S050,2019-07-10,7782e1a8dfacd3f054e993bfa417c74782bb49d45dd2140d7fc93adef6b4b9c7,5326fd9f4cc9196d125a04a75deb2d78ba68691cd0e3b8dabc7f180b850afd74
6_2_X0550_Y1150_S050_2019_07_10_x576_y0_64x64_103,test,author_grid_component:6_2_X0500_Y1150_S050,6_2_X0550_Y1150_S050,2019-07-10,c4adabd195df91183025067f8edeb1c8e4fe5c2c239db4a002f49af112ba3526,33aabb0d4cf398f54c0a027f4cf2d24a0844879c446b6d7df98978bb33bdb00a
6_2_X0550_Y1150_S050_2019_07_25_x192_y512_64x64_42,test,author_grid_component:6_2_X0500_Y1150_S050,6_2_X0550_Y1150_S050,2019-07-25,3a90a286f56b62579008c2c52b624329e234987fa818dc4551bbaf2ad3e5625c,ebd00cd51e7d3104df25105c5aea62818dd1a3f2b20706133334ab7302594a61
6_2_X0550_Y1150_S050_2019_07_25_x384_y576_64x64_78,test,author_grid_component:6_2_X0500_Y1150_S050,6_2_X0550_Y1150_S050,2019-07-25,0fd9fcb2a018b0d3d752aace56812177e26a65f017f2bfbf1e5ae24e93e5dd49,9c68cefae5890d843a4c38a0b28ce6fc57d07b99dd5e1de7a1a03ed3252dae19
6_2_X0550_Y1150_S050_2019_07_25_x64_y640_64x64_22,test,author_grid_component:6_2_X0500_Y1150_S050,6_2_X0550_Y1150_S050,2019-07-25,22a4fc299deb070c0b9b0b3a90c9137c2846ebf5e6f79d43807f922adfb64a54,b7af3f014f42794f6f6259595d75a870d529f490ad32e64c44e71be5a4373652
6_2_X0550_Y1150_S050_2019_08_19_x448_y640_64x64_91,test,author_grid_component:6_2_X0500_Y1150_S050,6_2_X0550_Y1150_S050,2019-08-19,001bc6c62746943c1efece9075cdaaa968c3d810a5bc04f77f4af5aa5b143e0f,9c2ac8b85b9e40bfd2025c81d8934c846e1346a353820b3300544add907521d7
6_2_X0550_Y1150_S050_2019_08_19_x512_y448_64x64_99,test,author_grid_component:6_2_X0500_Y1150_S050,6_2_X0550_Y1150_S050,2019-08-19,949dfba77b886381fa00758406e6102921dbe0eb979611d3a6b9583d714169d3,ed543b1883cd1999b21df0a2e90177ba74de5680617821ea2bdbcfc72583eab0
6_2_X0550_Y1150_S050_2020_05_13_x448_y0_64x64_81,test,author_grid_component:6_2_X0500_Y1150_S050,6_2_X0550_Y1150_S050,2020-05-13,50c439c9129524c468edf4dd2004c071014f40ae3c03ce3e3d17d23efb91766c,06a9c033c64aca2820e3d6ba5f74dc3c188c14cead16e3fb236d27ba4baeeeed
6_2_X0550_Y1150_S050_2020_08_18_x256_y64_64x64_46,test,author_grid_component:6_2_X0500_Y1150_S050,6_2_X0550_Y1150_S050,2020-08-18,4c029345991557922cca6fe0ed91af9bf75cfb688e6166b9aa1e930e87fd30df,06a9c033c64aca2820e3d6ba5f74dc3c188c14cead16e3fb236d27ba4baeeeed
6_2_X0550_Y1150_S050_2020_08_18_x384_y640_64x64_77,test,author_grid_component:6_2_X0500_Y1150_S050,6_2_X0550_Y1150_S050,2020-08-18,6b7984aed2e7c4ec39419c33bd525cb2fab9b3b403e30ab36e5843e698f4c39c,3058c82dcffb6764bf96c78fa98327f8835134d0a363660fe6b263016268f495
6_2_X0550_Y1150_S050_2020_08_21_x128_y640_64x64_31,test,author_grid_component:6_2_X0500_Y1150_S050,6_2_X0550_Y1150_S050,2020-08-21,64a3cc882ce8fb8d1056ad0b43a46f7d0cf7e2ad8c6c3ef508801ddf7da54f31,138b1820fee3e3076a2e974e62887a3e5e2b41c67c0a6d75ba15dcd95e3a5b13
6_2_X0550_Y1150_S050_2020_08_21_x192_y448_64x64_39,test,author_grid_component:6_2_X0500_Y1150_S050,6_2_X0550_Y1150_S050,2020-08-21,c211868b742a22b927bd05fc16099ca864063efde0b7733a56c1c37a6c92b4ea,7cd350f11ccbbd925ee4cf85efe95ed8ea3f5c1b6e2be192b7926745a79ae5bd
6_2_X0550_Y1150_S050_2020_09_05_x192_y320_64x64_39,test,author_grid_component:6_2_X0500_Y1150_S050,6_2_X0550_Y1150_S050,2020-09-05,cf958e867218072f8cdc84281ec8eb65c3bdd88d178ed5c89a22c190fa293bf6,180f376f10dafa33579864c227f1320481b8b98a6dbd5faa019bd117b72022e6
6_2_X0550_Y1150_S050_2020_09_05_x192_y512_64x64_42,test,author_grid_component:6_2_X0500_Y1150_S050,6_2_X0550_Y1150_S050,2020-09-05,392aea3b7a53442a412a488f5a105535372b42b05b3d6d038e6bbbf2732ece37,3286ba93019365425d83ea462a76a7c929b85824ef7247de6e0d671a4e58b3ed
6_2_X0550_Y1150_S050_2020_09_25_x256_y576_64x64_54,test,author_grid_component:6_2_X0500_Y1150_S050,6_2_X0550_Y1150_S050,2020-09-25,dfadc137a70dd2ef49e551fbde7f78dcf316a3e14b2076bea6913bf1eaa68670,42a75da848dd8c7fa019e80f1092244c6ddb48302dddaf95af2f256f00b16f13
6_2_X0550_Y1150_S050_2020_12_01_x128_y192_64x64_26,test,author_grid_component:6_2_X0500_Y1150_S050,6_2_X0550_Y1150_S050,2020-12-01,32475344b016728da5bb58f71f8de5cc779400c62a408174aeab77fe21569cd6,06a9c033c64aca2820e3d6ba5f74dc3c188c14cead16e3fb236d27ba4baeeeed
6_2_X0550_Y1200_S050_2019_03_25_x128_y64_64x64_25,test,author_grid_component:6_2_X0500_Y1150_S050,6_2_X0550_Y1200_S050,2019-03-25,3c91dfcf8148c739f643f7c7293e1c91ced6223e8b9fa38aa616d5dedaeaee7d,b4f29541beb6a8c38cb6c9dbc191295fa46cbf6a2a11d3e0ef005953c774d9aa
6_2_X0550_Y1200_S050_2019_03_25_x320_y192_64x64_60,test,author_grid_component:6_2_X0500_Y1150_S050,6_2_X0550_Y1200_S050,2019-03-25,b71ac7644f33967920ebc9100d40a69e66b907d0b1ea30bb33c21b50068efde5,894755e6e8f482d30e801aa06d409567934b26e0524f4a9475b2fa44613d0e2e
6_2_X0550_Y1200_S050_2019_04_26_x512_y320_64x64_86,test,author_grid_component:6_2_X0500_Y1150_S050,6_2_X0550_Y1200_S050,2019-04-26,8508af5805af9f8b7cdb253d6158ade68a97e7739dc531e98af3a95c83e85b5b,06a9c033c64aca2820e3d6ba5f74dc3c188c14cead16e3fb236d27ba4baeeeed
6_2_X0550_Y1200_S050_2019_04_26_x512_y512_64x64_89,test,author_grid_component:6_2_X0500_Y1150_S050,6_2_X0550_Y1200_S050,2019-04-26,de315174d517e500b90006f9f889e917ec398aa6a2eb3351e637bb6ed6fcba2c,ccea19d95b5921b9935da902e1f1513df0b4adda49059f7ad500c8adbea6d7d3
6_2_X0550_Y1200_S050_2019_04_26_x64_y384_64x64_19,test,author_grid_component:6_2_X0500_Y1150_S050,6_2_X0550_Y1200_S050,2019-04-26,797c4c49df0306dc92071ee33ff225590111d788234c186ede0e729a21415c51,06a9c033c64aca2820e3d6ba5f74dc3c188c14cead16e3fb236d27ba4baeeeed
6_2_X0550_Y1200_S050_2019_07_10_x64_y448_64x64_20,test,author_grid_component:6_2_X0500_Y1150_S050,6_2_X0550_Y1200_S050,2019-07-10,c19d17baa3b9914f4ff8048a3e77f6bc3d16a5859fae0f5bb977c06bf7984d58,23a2e835f47ef09b2b2a9c406b1158b38715d5729147b9f090cf42d1ecf24d27
6_2_X0550_Y1200_S050_2019_07_25_x192_y704_64x64_46,test,author_grid_component:6_2_X0500_Y1150_S050,6_2_X0550_Y1200_S050,2019-07-25,20514e0af21650b7fafb0e889f666dc40964cb4dbc1f77b84859c1d1c57a7370,8f14bda11d56c44398c1133604cabedb6aa799306beca107fe374c6bad3735a9
6_2_X0550_Y1200_S050_2019_07_25_x384_y448_64x64_73,test,author_grid_component:6_2_X0500_Y1150_S050,6_2_X0550_Y1200_S050,2019-07-25,449ab19bef9692ae81799b8a97149b5b6e7eef68eb6d40238d1d937e51e25cb3,03ff03084fe31162d94df4633c985a4906bb83f90770b4897b2091106093aae1
6_2_X0550_Y1200_S050_2019_07_25_x576_y128_64x64_90,test,author_grid_component:6_2_X0500_Y1150_S050,6_2_X0550_Y1200_S050,2019-07-25,9cfe35ad1f714bed88f3f0ea73563074f2a6bd49e2ebf485fff4c0847a5069d4,e4cdaf2ce5d353b655c864dbd4177c6975d2f397ed9c638f3a82d84552320c77
6_2_X0550_Y1200_S050_2020_08_16_x256_y256_64x64_50,test,author_grid_component:6_2_X0500_Y1150_S050,6_2_X0550_Y1200_S050,2020-08-16,2e90ece5d7a2abb25f264d5c3c587cd7305e957731ed6e640e4d2125905f1edf,a566fea68b2d8c3d2b57545b71a7de20595d3e7153f4b9b9c87e26aba6f670ec
6_2_X0550_Y1200_S050_2020_08_21_x384_y384_64x64_71,test,author_grid_component:6_2_X0500_Y1150_S050,6_2_X0550_Y1200_S050,2020-08-21,5559c5d0fa97daf790d454b37417507d54c41aaef3f44af9ed689b8cbbe76e35,7f3af0c83aa60f18b602ed617610b7be81afa3143319a6f95c5abf0ac493cebd
6_2_X0550_Y1200_S050_2020_08_21_x576_y256_64x64_91,test,author_grid_component:6_2_X0500_Y1150_S050,6_2_X0550_Y1200_S050,2020-08-21,2eae986c1033c03f249b7c5a4dffb95dce1aa90f4cd9d219f56ed64d6203cafc,16e73c433280dc84d589d29e470e411d6ad8432ea1ae552d3b33f8ccaf87d45a
6_2_X0550_Y1200_S050_2020_09_05_x320_y256_64x64_61,test,author_grid_component:6_2_X0500_Y1150_S050,6_2_X0550_Y1200_S050,2020-09-05,e58f56e9d154c1955a447575b942df84fda19902495510ee4f3956d3b988ceea,4e82b1ae2d29368ca1807c22ebe27f1e8da6a7bb182b5506215211a9a9777f52
6_2_X0550_Y1200_S050_2020_09_05_x384_y320_64x64_71,test,author_grid_component:6_2_X0500_Y1150_S050,6_2_X0550_Y1200_S050,2020-09-05,0fc4d5a72492fc44991ae6745e87a1c670ae6e0bfa6b9c5af4a30dc3f4d5957d,09b51c3e608cd006da2d4409952a2c4b571ab9a04afb1fb53b3bda650c42a617
6_2_X0550_Y1200_S050_2020_12_04_x128_y256_64x64_28,test,author_grid_component:6_2_X0500_Y1150_S050,6_2_X0550_Y1200_S050,2020-12-04,85072af440d678b337f36aae467352b2593888ab731204a7cd0f789c08b65384,06a9c033c64aca2820e3d6ba5f74dc3c188c14cead16e3fb236d27ba4baeeeed
6_2_X0550_Y1200_S050_2020_12_04_x448_y256_64x64_78,test,author_grid_component:6_2_X0500_Y1150_S050,6_2_X0550_Y1200_S050,2020-12-04,97c6a83d8d255961e880214f98ce1a07713e3901c5e1d500215bc4dbe8e96c53,06a9c033c64aca2820e3d6ba5f74dc3c188c14cead16e3fb236d27ba4baeeeed
6_2_X0550_Y1200_S050_2020_12_04_x64_y192_64x64_16,test,author_grid_component:6_2_X0500_Y1150_S050,6_2_X0550_Y1200_S050,2020-12-04,c673ad6022633de54568c22f41c711ed3b0677bc7bdbafd8de22eb4631c2fb56,06a9c033c64aca2820e3d6ba5f74dc3c188c14cead16e3fb236d27ba4baeeeed
6_2_X0650_Y0900_S050_2019_01_04_x512_y320_64x64_66,test,author_grid_component:6_2_X0650_Y0900_S050,6_2_X0650_Y0900_S050,2019-01-04,623d11881817928b752b03489ddb55a738f38a13a24a1d804dd976ab9d054c03,06a9c033c64aca2820e3d6ba5f74dc3c188c14cead16e3fb236d27ba4baeeeed
6_2_X0650_Y0900_S050_2019_03_17_x128_y576_64x64_22,test,author_grid_component:6_2_X0650_Y0900_S050,6_2_X0650_Y0900_S050,2019-03-17,0a7562d3f9965f0f0384b674b38cdd3e97981c11162c4755910d12d401723ff8,e1a02813defdb9c82b7eaf95a4f6806a515f128f89b1987b7d3c1827d1bfe4a0
6_2_X0650_Y0900_S050_2019_03_17_x448_y64_64x64_52,test,author_grid_component:6_2_X0650_Y0900_S050,6_2_X0650_Y0900_S050,2019-03-17,7749b4e0c119102c778b8c87610d5a7fd767e56c615b5416d4568c90c4631a63,eadee2ba4575236cf0b54558e79fd966a40338f9e6a7a3c0d230fa7dbf58b657
6_2_X0650_Y0900_S050_2019_04_19_x384_y640_64x64_67,test,author_grid_component:6_2_X0650_Y0900_S050,6_2_X0650_Y0900_S050,2019-04-19,62567a4739e583d0c812c6b2f076bb6530090fd5e8c76cd644f54fae32fd65bc,06a9c033c64aca2820e3d6ba5f74dc3c188c14cead16e3fb236d27ba4baeeeed
6_2_X0650_Y0900_S050_2019_05_14_x512_y320_64x64_83,test,author_grid_component:6_2_X0650_Y0900_S050,6_2_X0650_Y0900_S050,2019-05-14,0797ac534979389355ca27c456b6e44417b4deca969506d65479a0d23867ebdf,06a9c033c64aca2820e3d6ba5f74dc3c188c14cead16e3fb236d27ba4baeeeed
6_2_X0650_Y0900_S050_2019_05_14_x576_y256_64x64_94,test,author_grid_component:6_2_X0650_Y0900_S050,6_2_X0650_Y0900_S050,2019-05-14,9840f94eb6b54f29105db11423fe0bd8753e57d7a048beaaea89c3b884775c0b,06a9c033c64aca2820e3d6ba5f74dc3c188c14cead16e3fb236d27ba4baeeeed
6_2_X0650_Y0900_S050_2019_06_08_x512_y64_64x64_80,test,author_grid_component:6_2_X0650_Y0900_S050,6_2_X0650_Y0900_S050,2019-06-08,7bbedb1ae2384c997f509d741286f7408f0c4914c2ba5b9f3c2fdf453f3e9780,6f343300a1b44d05ac1da7c2c0b1b8c378919218de3e8b266a08071d069d343c
6_2_X0650_Y0900_S050_2019_06_08_x64_y704_64x64_17,test,author_grid_component:6_2_X0650_Y0900_S050,6_2_X0650_Y0900_S050,2019-06-08,8be27dd36aaf2d81a96eaac4add2a5323031c684ddd5e9b7ddf1556f641d926d,06a9c033c64aca2820e3d6ba5f74dc3c188c14cead16e3fb236d27ba4baeeeed
6_2_X0650_Y0900_S050_2019_07_10_x0_y256_64x64_1,test,author_grid_component:6_2_X0650_Y0900_S050,6_2_X0650_Y0900_S050,2019-07-10,45b023622aba44fbf5b078fe423879f61a1f4ed0404bb47ccee0edbd7eb6e06e,d67b751480ef71b037ae041e6eab119ddd239f7c25aa8db81e44fcc6ce5f2156
6_2_X0650_Y0900_S050_2019_07_10_x192_y512_64x64_34,test,author_grid_component:6_2_X0650_Y0900_S050,6_2_X0650_Y0900_S050,2019-07-10,15a47262ff6b32af961ee03c54f5ae54758b71d312bb85887282e6c0adb117b8,06a9c033c64aca2820e3d6ba5f74dc3c188c14cead16e3fb236d27ba4baeeeed
6_2_X0650_Y0900_S050_2019_07_23_x512_y128_64x64_78,test,author_grid_component:6_2_X0650_Y0900_S050,6_2_X0650_Y0900_S050,2019-07-23,b8f9105d3c6a09eaba815d9439e5bc5d004e25f01b8d8a5822f473de15aada03,c3159ca740a60caf63bd998511a5dda2fb7e7c4b00b073ff7ed4b414c7c16d0f
6_2_X0650_Y0900_S050_2019_07_25_x192_y704_64x64_32,test,author_grid_component:6_2_X0650_Y0900_S050,6_2_X0650_Y0900_S050,2019-07-25,5374ad0b6f50bfbaf6282ef15ac8f0ee02d4c7bbd57b3ab1bf0ba6e214c73c91,c32787832903f431f5c48749a92421b405d3c62af11b49549e96daa30e5a5578
6_2_X0650_Y0900_S050_2019_07_25_x256_y576_64x64_36,test,author_grid_component:6_2_X0650_Y0900_S050,6_2_X0650_Y0900_S050,2019-07-25,755b44235b3face94b2438b92eac8e7e9ab433e3808184b80a321b3e40282953,b247488532ac1a3cd6e56439e13822533048cee8b457b681e3a428097ceddb71
6_2_X0650_Y0900_S050_2019_08_09_x128_y256_64x64_19,test,author_grid_component:6_2_X0650_Y0900_S050,6_2_X0650_Y0900_S050,2019-08-09,d98b923649fba8e8bee485ad060f5334b5cd1745358e36af0b9d921a2c833ebb,8690feebe7355cbaed73f5b52ff3c472b83d26dcf5adaae30a65ca0fca42d478
6_2_X0650_Y0900_S050_2019_08_09_x128_y320_64x64_20,test,author_grid_component:6_2_X0650_Y0900_S050,6_2_X0650_Y0900_S050,2019-08-09,5259a737b77206b7f939367693fabd722e1ff63e49d2fca35f925be881bc7b6a,e39d3073a09d8be6ae0c817f7354c5c3e2bd4c49d758afe8c29286af624e2d7d
6_2_X0650_Y0900_S050_2019_08_09_x448_y192_64x64_70,test,author_grid_component:6_2_X0650_Y0900_S050,6_2_X0650_Y0900_S050,2019-08-09,802755111514f809ee078f7288fe81daae835c2757215afe7af5032bd917113c,74862d472574a29e1592f54aa4fd5c543ba928e23af073b0b661a544f891cdb4
6_2_X0650_Y0900_S050_2019_08_27_x256_y128_64x64_38,test,author_grid_component:6_2_X0650_Y0900_S050,6_2_X0650_Y0900_S050,2019-08-27,71c1fb98a32da8befbd0095e672ae307bd1b85660191fe203d0ea4c623ea4df2,dd53e06f8918d3aac51b69ad62c26e7a02b4e18ed889b83695fcfa68a2f4282f
6_2_X0650_Y0900_S050_2019_08_27_x384_y384_64x64_63,test,author_grid_component:6_2_X0650_Y0900_S050,6_2_X0650_Y0900_S050,2019-08-27,90fbcbd108ceed78e6403ac8d91c01455d6864bafe33b88efa40b1aee9f7fe65,06a9c033c64aca2820e3d6ba5f74dc3c188c14cead16e3fb236d27ba4baeeeed
6_2_X0650_Y0900_S050_2019_08_27_x64_y320_64x64_11,test,author_grid_component:6_2_X0650_Y0900_S050,6_2_X0650_Y0900_S050,2019-08-27,76ba036687663f9919aceff08404bfb8a8d2c7f0911d73eaa163c35f106a66ec,b557420fe1b5785c861b0e00231b61b5d74a276478775fb8be622fa61c4dc31d
6_2_X0650_Y0900_S050_2019_09_26_x320_y384_64x64_52,test,author_grid_component:6_2_X0650_Y0900_S050,6_2_X0650_Y0900_S050,2019-09-26,a5071d3b0ba18bce4f0c0d7a44763b073fb39e2b7f63ad6fae490814739919a8,06a9c033c64aca2820e3d6ba5f74dc3c188c14cead16e3fb236d27ba4baeeeed
6_2_X0650_Y0900_S050_2019_09_26_x576_y128_64x64_93,test,author_grid_component:6_2_X0650_Y0900_S050,6_2_X0650_Y0900_S050,2019-09-26,da3fdd09f842a90a08341b190fa742083321c18a974cb66c9d71be1f9ea540f7,06a9c033c64aca2820e3d6ba5f74dc3c188c14cead16e3fb236d27ba4baeeeed
6_2_X0650_Y0900_S050_2019_09_28_x256_y320_64x64_41,test,author_grid_component:6_2_X0650_Y0900_S050,6_2_X0650_Y0900_S050,2019-09-28,b767dc48a544d816c87569ae699db7bad96916f65d2af66a6638c0268053396c,06a9c033c64aca2820e3d6ba5f74dc3c188c14cead16e3fb236d27ba4baeeeed
6_2_X0650_Y0900_S050_2019_09_28_x320_y192_64x64_49,test,author_grid_component:6_2_X0650_Y0900_S050,6_2_X0650_Y0900_S050,2019-09-28,61c22a598e5b9151140891812fb74fab88e58bddc35eaef7a7642759555c7381,06a9c033c64aca2820e3d6ba5f74dc3c188c14cead16e3fb236d27ba4baeeeed
6_2_X0650_Y0900_S050_2019_10_06_x384_y448_64x64_64,test,author_grid_component:6_2_X0650_Y0900_S050,6_2_X0650_Y0900_S050,2019-10-06,d129930a8f05b3637beae8731e373107e19f57d603d2fad775ea00ed67292a15,06a9c033c64aca2820e3d6ba5f74dc3c188c14cead16e3fb236d27ba4baeeeed
6_2_X0650_Y0900_S050_2020_05_15_x576_y384_64x64_98,test,author_grid_component:6_2_X0650_Y0900_S050,6_2_X0650_Y0900_S050,2020-05-15,24a979601ac4218eb6636ff64c9a5ea4aa54e4ad285475a3e30c4ec4cd8c2d04,06a9c033c64aca2820e3d6ba5f74dc3c188c14cead16e3fb236d27ba4baeeeed
6_2_X0650_Y0900_S050_2020_06_02_x192_y320_64x64_30,test,author_grid_component:6_2_X0650_Y0900_S050,6_2_X0650_Y0900_S050,2020-06-02,d72ba8b94b959592d54b80b461712e1183fbca16ef2d5e699abe97959b93e30f,06a9c033c64aca2820e3d6ba5f74dc3c188c14cead16e3fb236d27ba4baeeeed
6_2_X0650_Y0900_S050_2020_06_02_x192_y448_64x64_32,test,author_grid_component:6_2_X0650_Y0900_S050,6_2_X0650_Y0900_S050,2020-06-02,13fcacccc4bf8a1441b255e0accc3b8d36cf8fc21b73b1d50c8e32b5677aa62d,06a9c033c64aca2820e3d6ba5f74dc3c188c14cead16e3fb236d27ba4baeeeed
6_2_X0650_Y0900_S050_2020_06_02_x576_y64_64x64_91,test,author_grid_component:6_2_X0650_Y0900_S050,6_2_X0650_Y0900_S050,2020-06-02,cca565b5d3bcd6ac7ab67fbbf277d0790f6e99cfa98c84d477f90ca983b85a72,9f06495d1292f4fe06350402eed440be5f296438a74daba158bb618c3351c5b6
6_2_X0650_Y0900_S050_2020_06_17_x384_y576_64x64_66,test,author_grid_component:6_2_X0650_Y0900_S050,6_2_X0650_Y0900_S050,2020-06-17,1c42b04e6ada71b36ead9c81c6ea85caaaa879e4226e98a95d91cdfa4179fef6,06a9c033c64aca2820e3d6ba5f74dc3c188c14cead16e3fb236d27ba4baeeeed
6_2_X0650_Y0950_S050_2019_05_04_x256_y320_64x64_48,test,author_grid_component:6_2_X0650_Y0900_S050,6_2_X0650_Y0950_S050,2019-05-04,7ce1ba6d7361aac196f0f535a4522a91bf0a351dad1b273bda95c6297ed61880,c733289a52aeceb06e238b6c579bc157551517c33ee14c9b448c9213d43d13f5
6_2_X0650_Y0950_S050_2019_05_14_x64_y64_64x64_11,test,author_grid_component:6_2_X0650_Y0900_S050,6_2_X0650_Y0950_S050,2019-05-14,f335a9c43f35de417b83f5c6c42d6abc11246546067e871d9097f833543df43e,8f409adf28a588f6227ed11aa6503be4b06bb271b80c32c25ba899d84f5d3429
6_2_X0650_Y0950_S050_2019_06_08_x320_y384_64x64_58,test,author_grid_component:6_2_X0650_Y0900_S050,6_2_X0650_Y0950_S050,2019-06-08,b48f07bc82aba1d3c95c13644d084ce9de76c1ba092ef7879c220bfcdbf8bbbe,06a9c033c64aca2820e3d6ba5f74dc3c188c14cead16e3fb236d27ba4baeeeed
6_2_X0650_Y0950_S050_2019_08_04_x576_y0_64x64_66,test,author_grid_component:6_2_X0650_Y0900_S050,6_2_X0650_Y0950_S050,2019-08-04,477f92c342323e42f708af1148b89de3cec8c99cab91a8ee87032c52720b191a,76e788a467861a2442be3112a01a6485066a8f9bd3d82645a20915136e104d38
6_2_X0650_Y0950_S050_2019_09_28_x256_y320_64x64_48,test,author_grid_component:6_2_X0650_Y0900_S050,6_2_X0650_Y0950_S050,2019-09-28,a7dbb77c1a2cb4c99b04d7fa2db4fd0336db80d955d67ed004941a68afad15eb,b2f1b18ef559a4ee9a521ee0c6009a765e136751d1a5fd2a0832cc3b44a6d044
6_2_X0650_Y0950_S050_2019_10_08_x512_y64_64x64_66,test,author_grid_component:6_2_X0650_Y0900_S050,6_2_X0650_Y0950_S050,2019-10-08,092bb2c0792cb253c49343f275a63f1012603a2f6da6b2511739857b20863b0b,0d2f57369f5acf0d6418238821afa54ef9b089887adbeb523ecee75505dd1ac8
6_2_X0650_Y0950_S050_2019_11_15_x0_y512_64x64_7,test,author_grid_component:6_2_X0650_Y0900_S050,6_2_X0650_Y0950_S050,2019-11-15,56a4f3d4ea1edfe4ad36dae3696870150c03242119482440772cb4035014adf6,06a9c033c64aca2820e3d6ba5f74dc3c188c14cead16e3fb236d27ba4baeeeed
6_2_X0650_Y0950_S050_2019_11_15_x128_y640_64x64_28,test,author_grid_component:6_2_X0650_Y0900_S050,6_2_X0650_Y0950_S050,2019-11-15,d49b1d4731ca1da82df948d2e84018d62285adad1992b0f6509abfc7801f97d9,62cd72e7a87bc816d0a5bf9597d904ff9b174cdce7c52603aaf18d892980f791
6_2_X0650_Y0950_S050_2020_01_16_x576_y704_64x64_1,test,author_grid_component:6_2_X0650_Y0900_S050,6_2_X0650_Y0950_S050,2020-01-16,4eed8284b94926ca1dd90a83ef27894e449322a6e5a2fbce0dbc062ec2f5a4eb,0fdb357829edd3928619b07ff1872876667bfe0338647759ccdd0249a41b06bd
6_2_X0650_Y0950_S050_2020_05_20_x320_y64_64x64_53,test,author_grid_component:6_2_X0650_Y0900_S050,6_2_X0650_Y0950_S050,2020-05-20,8ece5b2dfa8d582925a7ffe9fcb6b3d9ec56504e3268470b405339f0243fd5d8,12025c03d99666d31df742a63e1d874bd9aee4855a4db344eba3e4086bc18782
6_2_X0650_Y0950_S050_2020_06_14_x0_y576_64x64_8,test,author_grid_component:6_2_X0650_Y0900_S050,6_2_X0650_Y0950_S050,2020-06-14,58134a52bee3512ad2dfba1d2e2f92b0e290b8015eb18a5a7c93e2701150877c,06a9c033c64aca2820e3d6ba5f74dc3c188c14cead16e3fb236d27ba4baeeeed
6_2_X0650_Y0950_S050_2020_06_17_x256_y576_64x64_52,test,author_grid_component:6_2_X0650_Y0900_S050,6_2_X0650_Y0950_S050,2020-06-17,2858a2b02a9afe1480c9b892effd0837e6a9798ae876446001eadb14d4ee6057,60a11bd0d06fcb1d86d1fd91de6d058070228b4d42774327616e2bcafc25ab35
6_2_X0650_Y0950_S050_2020_07_17_x256_y256_64x64_47,test,author_grid_component:6_2_X0650_Y0900_S050,6_2_X0650_Y0950_S050,2020-07-17,b920155052880f96b0dbc21883625c2e48d15fdcf0a447c817bec9394458fdff,49eaa99e9e16336fde9579e6a0c58dbf64dbfb7450cc2545715f1ac80f54b68a
6_2_X0650_Y0950_S050_2020_07_17_x320_y384_64x64_58,test,author_grid_component:6_2_X0650_Y0900_S050,6_2_X0650_Y0950_S050,2020-07-17,0d9716ee596d8ab21281b4bce14b51a01a4ae56e7ca987e12977754a1d78531e,5fa61bdf2e5ae0bdcdff4da37a28bb2e946179cf361990486afdcc1702bff5e1
6_2_X0650_Y0950_S050_2020_07_17_x384_y384_64x64_64,test,author_grid_component:6_2_X0650_Y0900_S050,6_2_X0650_Y0950_S050,2020-07-17,4f4cde24e7f40b73d5670a84cfe8cfafd98bb4550a525d4173018b5839b90b5b,8d6973e0ad451b70a2758d692a361816bbc4ed6af82d5c328d68868eeb7c6669
6_2_X0650_Y0950_S050_2020_09_02_x128_y256_64x64_26,test,author_grid_component:6_2_X0650_Y0900_S050,6_2_X0650_Y0950_S050,2020-09-02,85bc4bd9bcb8813d389da7fb6351fd8884fda627a55fa1a83671011aa689bd48,86c26314db8e58f5371ca53eea8915de205bdbfe400028efd2c6bc4fb5c61b22
6_2_X0650_Y0950_S050_2020_10_10_x0_y128_64x64_1,test,author_grid_component:6_2_X0650_Y0900_S050,6_2_X0650_Y0950_S050,2020-10-10,76a8301ab98e6ae7bb56de4e81bba25f22b1059f8d5c2986a3d0f7e3501d66b9,5115c22a294186d1e63273afe86cbd67bf548acf54e89809e19e23d9cc32ffdb
6_2_X0650_Y0950_S050_2020_11_09_x0_y128_64x64_1,test,author_grid_component:6_2_X0650_Y0900_S050,6_2_X0650_Y0950_S050,2020-11-09,5aa6877892cff7501aad905dc05ed761c8f88939a89f7d82d57762640d51e042,6c3508ec6498080e8c64dd336f45ab2542faffcb3317518a82cd53855aeb43dd
6_2_X0650_Y0950_S050_2020_11_09_x128_y384_64x64_28,test,author_grid_component:6_2_X0650_Y0900_S050,6_2_X0650_Y0950_S050,2020-11-09,0b5b3f1da9b9ba72e60ae66c2f253c2eb59db7af18450a1a1dd2cf60fba08a5e,06a9c033c64aca2820e3d6ba5f74dc3c188c14cead16e3fb236d27ba4baeeeed
6_5_X0250_Y0300_S050_2019_01_06_x512_y576_64x64_8,train,author_grid_component:6_5_X0250_Y0300_S050,6_5_X0250_Y0300_S050,2019-01-06,f2688f8ac2143e8bbbb5653ae955040f68f3c04ae83e2fe134f38a9347c7b3a2,06a9c033c64aca2820e3d6ba5f74dc3c188c14cead16e3fb236d27ba4baeeeed
6_5_X0250_Y0300_S050_2019_03_22_x320_y640_64x64_1,train,author_grid_component:6_5_X0250_Y0300_S050,6_5_X0250_Y0300_S050,2019-03-22,3742759262e8119014fda3774aee6887816a0f99f0101de1a9a315ad1e7b7584,a59712ace636e7634f84cad88e1e8ae2c236abb904774a6269d26e65add32d32
6_5_X0250_Y0300_S050_2019_03_22_x448_y512_64x64_4,train,author_grid_component:6_5_X0250_Y0300_S050,6_5_X0250_Y0300_S050,2019-03-22,2132d61cf0922342fdb119aff549062359f5c3789c5f25f1b14af7959a249f8f,92afe4aa92b365b932b16699cb1ff9bb05c788431a3b611c7a67db72915927b7
6_5_X0250_Y0300_S050_2019_03_22_x576_y512_64x64_10,train,author_grid_component:6_5_X0250_Y0300_S050,6_5_X0250_Y0300_S050,2019-03-22,53cdb622bbddb474b4ea5e70a16a38c5f1412bd3e6375b91170551bf0406b336,46c5e77d44aadedc31f7f900d02087844bd1984ad18e408ec4646c8d36b0d57e
6_5_X0250_Y0300_S050_2019_03_27_x512_y640_64x64_9,train,author_grid_component:6_5_X0250_Y0300_S050,6_5_X0250_Y0300_S050,2019-03-27,1475d4b754097c427f93e84b74511e2aafb9e936b971d2ad84eac329e3e0a3ef,06a9c033c64aca2820e3d6ba5f74dc3c188c14cead16e3fb236d27ba4baeeeed
6_5_X0250_Y0300_S050_2019_04_01_x576_y512_64x64_10,train,author_grid_component:6_5_X0250_Y0300_S050,6_5_X0250_Y0300_S050,2019-04-01,95079ec2393438e2d1c32332ed4208727def77c90cc0bb27cbe5c3698ab7b455,fa3ae0f7f6e2208bc50f2ccc791f7a83f5a634e22cdb6336f212c56d7f25f6e5
6_5_X0250_Y0300_S050_2019_04_01_x640_y640_64x64_15,train,author_grid_component:6_5_X0250_Y0300_S050,6_5_X0250_Y0300_S050,2019-04-01,592832ec9fb20dfdb41d3482e2bba268c70902d3cbbd2f56a1a3700ea6e9f8bf,06a9c033c64aca2820e3d6ba5f74dc3c188c14cead16e3fb236d27ba4baeeeed
6_5_X0250_Y0300_S050_2019_09_23_x448_y576_64x64_5,train,author_grid_component:6_5_X0250_Y0300_S050,6_5_X0250_Y0300_S050,2019-09-23,3b84e92fe670429ac948d63db8463d2a25b08c2ffccb25dda021c66e2db48837,7653f5897a4d7e3c23179b5422b4c5693f2c6f8890c8fb45d4570b48aa993535
6_5_X0250_Y0300_S050_2019_09_23_x448_y640_64x64_6,train,author_grid_component:6_5_X0250_Y0300_S050,6_5_X0250_Y0300_S050,2019-09-23,9f6dcd08269a990a44a4c96f092404f86de61e394eb04d826e736c58a4625d8a,181352f51dc4d5fd26312e4798962422d9d2de8fea5a03470815926e8b8bf9cd
6_5_X0250_Y0300_S050_2019_10_23_x576_y640_64x64_12,train,author_grid_component:6_5_X0250_Y0300_S050,6_5_X0250_Y0300_S050,2019-10-23,5485cb0497c993e5adfefa286147e73cc4d5c8519e379e2fe79dd61d65dc1ba4,06a9c033c64aca2820e3d6ba5f74dc3c188c14cead16e3fb236d27ba4baeeeed
6_5_X0250_Y0300_S050_2020_01_06_x512_y576_64x64_8,train,author_grid_component:6_5_X0250_Y0300_S050,6_5_X0250_Y0300_S050,2020-01-06,9e2f26484a9d8a8eab242f90cbbeff0b0dc0f2d4442bb21db98e51977474084e,e3fb1d7acd5768473afe20e32e91aae145903b432e5f3f9ac9031c27278ba2a9
6_5_X0250_Y0300_S050_2020_01_06_x576_y640_64x64_12,train,author_grid_component:6_5_X0250_Y0300_S050,6_5_X0250_Y0300_S050,2020-01-06,ba5174b509a6df948baff3fbf795e22d625695ad371d98ac36691f8533935298,dc374f20887d5b2952d956efbfe1908497d062be11014f48206e8b8f9c17458d
6_5_X0250_Y0300_S050_2020_04_05_x512_y512_64x64_7,train,author_grid_component:6_5_X0250_Y0300_S050,6_5_X0250_Y0300_S050,2020-04-05,68cbde8772998790bfd409269c5b88e173269575b467753ed5029a9d680afed8,b03d44ac06f61ac8605ee62c93a9cddd0d27acf3f5719d0a14887f82c83aa8e2
6_5_X0250_Y0300_S050_2020_04_05_x640_y640_64x64_15,train,author_grid_component:6_5_X0250_Y0300_S050,6_5_X0250_Y0300_S050,2020-04-05,17362baa02683a5f628b2b559936a4a305206d2f1eafe4f2cc983a4c0bf36ca6,7984791ff8ac2d388f39c2bd66d5ecce3a14c0b792619d3ced3351dec6baf0cc
6_5_X0250_Y0300_S050_2020_11_01_x448_y512_64x64_3,train,author_grid_component:6_5_X0250_Y0300_S050,6_5_X0250_Y0300_S050,2020-11-01,a6c3f945defba02d1d3ab116d519367441e0864b8338b6fcffb07b8bc7eb09cd,92afe4aa92b365b932b16699cb1ff9bb05c788431a3b611c7a67db72915927b7
6_5_X0250_Y0300_S050_2020_11_21_x384_y640_64x64_3,train,author_grid_component:6_5_X0250_Y0300_S050,6_5_X0250_Y0300_S050,2020-11-21,9f6f37f5715c4c21401a495fdb143a48816dfabdb78c197e421298c27030fd03,d69296c0202b51279808baa24e257d23ce1d93985d24aa94e34e8cb16087ab62
6_5_X0250_Y0300_S050_2020_11_21_x640_y576_64x64_14,train,author_grid_component:6_5_X0250_Y0300_S050,6_5_X0250_Y0300_S050,2020-11-21,c4b1e0d368b3f96b7d9199c15469d37c3015e4e29cc53e68e402993b87b1d98c,06a9c033c64aca2820e3d6ba5f74dc3c188c14cead16e3fb236d27ba4baeeeed
6_5_X0250_Y0450_S050_2019_01_06_x0_y512_64x64_1,validation,author_grid_component:6_5_X0250_Y0450_S050,6_5_X0250_Y0450_S050,2019-01-06,7f0442e6c23c259c2ac62e7b2317f27c4ae7d905cabdbded519f2b63914ae878,859670b480c1e8ec302f60fe212c5b95572925f51d33b374f90bb9f74f5c0efc
6_5_X0250_Y0450_S050_2019_01_06_x64_y448_64x64_4,validation,author_grid_component:6_5_X0250_Y0450_S050,6_5_X0250_Y0450_S050,2019-01-06,8797e3863298ca60cdb3de86ce7d514a22a9f9839cabc6a8953f5a67a2195bf9,fc6e34644743828482984b37baeaefbf7044a4f706924dd36da1904d55250201
6_5_X0250_Y0450_S050_2019_01_06_x64_y640_64x64_7,validation,author_grid_component:6_5_X0250_Y0450_S050,6_5_X0250_Y0450_S050,2019-01-06,01eb2e86776adc5e751e91b5b16bb38f044672875709cbd1897e7c5603f467c5,90bb0c71ccdd05384293a45b3d4d12401d671f2759c5c37d3631a099a3458c93
6_5_X0250_Y0450_S050_2019_01_11_x384_y448_64x64_23,validation,author_grid_component:6_5_X0250_Y0450_S050,6_5_X0250_Y0450_S050,2019-01-11,dacbed2e275f09a1890d79bb071c7ed6a6ce776b8767a7945f6d04e566595ad3,7d011249f6f0b6787bcd7f4a40f8ecd6bae0399ce714f5e45740c2660b31cdf0
6_5_X0250_Y0450_S050_2019_01_11_x384_y576_64x64_25,validation,author_grid_component:6_5_X0250_Y0450_S050,6_5_X0250_Y0450_S050,2019-01-11,07a2fb796f08914b36b1b95ec1582e7ab3665ec1a1457904fa2387d6c5d309bf,b675d60f98170a8653aea00156662a748218bf10ea2696477aa118cb56c2fdb1
6_5_X0250_Y0450_S050_2019_03_22_x256_y640_64x64_19,validation,author_grid_component:6_5_X0250_Y0450_S050,6_5_X0250_Y0450_S050,2019-03-22,4312dc3552a3299a662e04114179ed0c5714f46ed43776d24f8b3f012cf2c1c5,15365a840718d6443e34e3dc77c02e72fb87ea016aa4407caf9dd8ae50cf0e1d
6_5_X0250_Y0450_S050_2019_04_01_x0_y576_64x64_2,validation,author_grid_component:6_5_X0250_Y0450_S050,6_5_X0250_Y0450_S050,2019-04-01,d639a09ecf4c9881e59079124b6d44b4b220788331b4554e49b28ed403d6d582,d51b61a1424edd61f9877206d92e13f022c2b3242c3b050c0cc7437a28f5a529
6_5_X0250_Y0450_S050_2019_04_01_x128_y576_64x64_10,validation,author_grid_component:6_5_X0250_Y0450_S050,6_5_X0250_Y0450_S050,2019-04-01,62c18ca85fee3f2c74fee6055682832ac9b7393af290d9175c4e2998c3cd8956,975ef179dd03f1ada10c1eda002b9b5f1d18663cffd520274c1c3d14230bb0c3
6_5_X0250_Y0450_S050_2019_09_03_x256_y576_64x64_18,validation,author_grid_component:6_5_X0250_Y0450_S050,6_5_X0250_Y0450_S050,2019-09-03,72ce37a204bdc6268b50f689836924fa35acbc23603c42561c6f5f9e0f09d68f,67c4d46443d4fd93cc32dd943e2af27047da2fea56a5cc66919d9281baffb0a7
6_5_X0250_Y0450_S050_2019_09_03_x256_y640_64x64_19,validation,author_grid_component:6_5_X0250_Y0450_S050,6_5_X0250_Y0450_S050,2019-09-03,f6183911cc29342bb0affb1c176fd8e21f99eeea8d0e167e12e8e7a96bd356a2,aee9a8b7d95d09145d79464d71edf12bfbe74df2283ac3892fe06e5514f6d380
6_5_X0250_Y0450_S050_2019_09_03_x384_y640_64x64_26,validation,author_grid_component:6_5_X0250_Y0450_S050,6_5_X0250_Y0450_S050,2019-09-03,6cbe6c8f13a8d0538d8317db37c1f37f2518a7c87236ffe6b494e105d63b5231,cd732f6af03113679d1cc5997541558151a694e4e48e9f6b0f8bb8ff7a311445
6_5_X0250_Y0450_S050_2019_09_08_x128_y640_64x64_11,validation,author_grid_component:6_5_X0250_Y0450_S050,6_5_X0250_Y0450_S050,2019-09-08,5f84288989da8cbdc89be8b0a62b7d545b549aeb6cb2529633011a5f4f4aa72b,a704e8637d568a141e25b2aa5fc2631c860ab6806a51df837518b8ba1378dac6
6_5_X0250_Y0450_S050_2019_09_08_x192_y576_64x64_14,validation,author_grid_component:6_5_X0250_Y0450_S050,6_5_X0250_Y0450_S050,2019-09-08,b22143e83e9030ee87b4b61d9dd7f1b683c95740eaab92f0a93edce672aa163a,06a9c033c64aca2820e3d6ba5f74dc3c188c14cead16e3fb236d27ba4baeeeed
6_5_X0250_Y0450_S050_2019_09_13_x128_y640_64x64_12,validation,author_grid_component:6_5_X0250_Y0450_S050,6_5_X0250_Y0450_S050,2019-09-13,831b9259e0d74fb666bbd84e4346a3902ebcd56a9e48acaa2a4af567e9fdd2c3,06a9c033c64aca2820e3d6ba5f74dc3c188c14cead16e3fb236d27ba4baeeeed
6_5_X0250_Y0450_S050_2019_09_23_x128_y640_64x64_11,validation,author_grid_component:6_5_X0250_Y0450_S050,6_5_X0250_Y0450_S050,2019-09-23,7e53e1dd410159e6ac9c358ae2fce341071b943d7c46fd80d8f23a106bf7c1fc,09cbc617aa1eafeb2a51b82863eb208f139b9d92c8c8c74ca6ccac8ec5d70d25
6_5_X0250_Y0450_S050_2019_09_23_x320_y576_64x64_19,validation,author_grid_component:6_5_X0250_Y0450_S050,6_5_X0250_Y0450_S050,2019-09-23,2952ad87792a2a4c30e971bf56a237c730710905044c64b15df460a198b451bd,712dcaa41cbeb582595bf50e5be8c076d6c8de51198051ebb1d03dfe522e1fef
6_5_X0250_Y0450_S050_2019_09_23_x64_y640_64x64_7,validation,author_grid_component:6_5_X0250_Y0450_S050,6_5_X0250_Y0450_S050,2019-09-23,a19af4a7964cd42aafde9e89d8c688d60ef9fea3fa0b01c49c57dc9fc525d9b8,77d72a481596e63ae03e6706196b5c4ef0b129e16a2988d210ceb6f310617ef8
6_5_X0250_Y0450_S050_2019_10_23_x64_y384_64x64_4,validation,author_grid_component:6_5_X0250_Y0450_S050,6_5_X0250_Y0450_S050,2019-10-23,ff6a1e338230080dbdbc156d3e951c2b9eec95e8ad31f9edc65bf1bd2e3af5c0,30379873d6f4c6c3448eb88c3d7eeb82f4f345b984c20f54f4788b3df59cbb14
6_5_X0250_Y0450_S050_2019_10_28_x320_y640_64x64_20,validation,author_grid_component:6_5_X0250_Y0450_S050,6_5_X0250_Y0450_S050,2019-10-28,635cbf6eb319286592382cfadd566d69020132eb0112d8cffd31dc0203144543,06a9c033c64aca2820e3d6ba5f74dc3c188c14cead16e3fb236d27ba4baeeeed
6_5_X0250_Y0450_S050_2019_12_02_x192_y640_64x64_15,validation,author_grid_component:6_5_X0250_Y0450_S050,6_5_X0250_Y0450_S050,2019-12-02,e56d1f30a2ef210b74362ef9c47ee1a716aa0363c7b248d717eca7be8868682d,06a9c033c64aca2820e3d6ba5f74dc3c188c14cead16e3fb236d27ba4baeeeed
6_5_X0250_Y0450_S050_2019_12_02_x64_y640_64x64_7,validation,author_grid_component:6_5_X0250_Y0450_S050,6_5_X0250_Y0450_S050,2019-12-02,12d299b5922b682a1695b2bc8667f8747d80bcd894da7da667a5eb3e4ce6a47a,4e3198dba83d6f37d2cfe75ab6a9d705cd6612ef562970b54145a7c1b3d1ffe5
6_5_X0250_Y0450_S050_2020_01_06_x192_y640_64x64_16,validation,author_grid_component:6_5_X0250_Y0450_S050,6_5_X0250_Y0450_S050,2020-01-06,5ed878582fa528a325e4253912d7dff965405da5b23fa8e1330ece028b68a54b,06a9c033c64aca2820e3d6ba5f74dc3c188c14cead16e3fb236d27ba4baeeeed
6_5_X0250_Y0450_S050_2020_01_06_x384_y640_64x64_25,validation,author_grid_component:6_5_X0250_Y0450_S050,6_5_X0250_Y0450_S050,2020-01-06,2f17af9de83bfd8b1675805a6e32f9cb4d4e976086b5e878525ee0ff8191ff84,785ad9060ef6c5ec9d5d6cd60a020f7152166027596b36f01eb21a90481839c8
6_5_X0250_Y0450_S050_2020_01_06_x64_y512_64x64_6,validation,author_grid_component:6_5_X0250_Y0450_S050,6_5_X0250_Y0450_S050,2020-01-06,ff1a072c6d9399b0bc18acd1d532d279f7febeb30f1901d16625877b15ce8d6b,22df42d84bde5b58fdb19161682ed69ebde552c9b0d781598c57151d5bbafa8c
6_5_X0250_Y0450_S050_2020_01_06_x64_y576_64x64_7,validation,author_grid_component:6_5_X0250_Y0450_S050,6_5_X0250_Y0450_S050,2020-01-06,ce39285bde69e3f08b21d2dfa0edeacc1f8c8218bc7ec9147677a9cbb04b963b,1787b84ae3915e5f9f9d48eac18f7f92ab5b3f9e310c06a6712acf5a746a3265
6_5_X0250_Y0450_S050_2020_01_21_x256_y640_64x64_18,validation,author_grid_component:6_5_X0250_Y0450_S050,6_5_X0250_Y0450_S050,2020-01-21,f34c9d9bbd355d9800b016206373f0c0ab1621740185322be22626ba8b23fad9,06a9c033c64aca2820e3d6ba5f74dc3c188c14cead16e3fb236d27ba4baeeeed
6_5_X0250_Y0450_S050_2020_01_21_x64_y448_64x64_4,validation,author_grid_component:6_5_X0250_Y0450_S050,6_5_X0250_Y0450_S050,2020-01-21,8f674ebde004c043086e9712afee03b258f925457af8013a87d425ed214d3362,dc0a6849b81c105e8875d9eb78decd6e1de0cf4db77bcff956dcf9df5909cb1c
6_5_X0250_Y0450_S050_2020_10_12_x384_y576_64x64_25,validation,author_grid_component:6_5_X0250_Y0450_S050,6_5_X0250_Y0450_S050,2020-10-12,18b17c09b65a25a9467f7bcee9454e0a5ec4b542dce6955fe67201f0c956920b,322b1c0ed9572ca43b5e7aea8b9bdc63ab42f11f178054330d0518c861b8c665
6_5_X0250_Y0450_S050_2020_11_06_x128_y448_64x64_9,validation,author_grid_component:6_5_X0250_Y0450_S050,6_5_X0250_Y0450_S050,2020-11-06,d6357e7d92175d8806dceecb94a6b98c3138de149ccab8ed9783340f0612f301,a896f793bc3f47e7e8e6b45c0bcdefef009827717204aaf73531ca3496c250db
6_5_X0250_Y0450_S050_2020_11_21_x0_y576_64x64_2,validation,author_grid_component:6_5_X0250_Y0450_S050,6_5_X0250_Y0450_S050,2020-11-21,53aafa6ad5ed56def9782a55afafadf1b547799f4531b4e5a5c46dc2b97363b0,46e6a69b2cdc33e321d9f2ed2da410f9ec1f04897963c985d9ab6b6c1dfa6872
6_5_X0250_Y0450_S050_2020_12_21_x192_y576_64x64_15,validation,author_grid_component:6_5_X0250_Y0450_S050,6_5_X0250_Y0450_S050,2020-12-21,2c37e8840fa23e18ebb841b116d30dd9b00dec45b9d8c700fba2b34c90d2d992,d8786811e902eb148e52185e8f0765cf109daee15d0ce66483038c65fae87034
6_5_X0300_Y0300_S050_2019_01_11_x192_y320_64x64_14,train,author_grid_component:6_5_X0250_Y0300_S050,6_5_X0300_Y0300_S050,2019-01-11,cbeab22d0760599e21d24830bb71ac4a6b0ce601898cd677c07ed8fb3e549d95,06a9c033c64aca2820e3d6ba5f74dc3c188c14cead16e3fb236d27ba4baeeeed
6_5_X0300_Y0300_S050_2019_01_11_x256_y256_64x64_22,train,author_grid_component:6_5_X0250_Y0300_S050,6_5_X0300_Y0300_S050,2019-01-11,e3358fe979cde29897fafd6d5b6c0ab7eea1682a2fc712fd503d25320088713e,06a9c033c64aca2820e3d6ba5f74dc3c188c14cead16e3fb236d27ba4baeeeed
6_5_X0300_Y0300_S050_2019_03_22_x192_y0_64x64_9,train,author_grid_component:6_5_X0250_Y0300_S050,6_5_X0300_Y0300_S050,2019-03-22,0576d7ff8492fdbf7a22ef778322d6915fbace06603670892cb43e5b2c3dbda5,4f9ca118d47eb7ad631a59646a7fb7e11c70d40ce28775b1a1160e68fa3ce74a
6_5_X0300_Y0300_S050_2019_03_22_x448_y448_64x64_57,train,author_grid_component:6_5_X0250_Y0300_S050,6_5_X0300_Y0300_S050,2019-03-22,e99df820ae56dd6f40c778b843b489b9a8aa85488f2cfe81fd415dc65e703bda,06a9c033c64aca2820e3d6ba5f74dc3c188c14cead16e3fb236d27ba4baeeeed
6_5_X0300_Y0300_S050_2019_03_22_x448_y576_64x64_59,train,author_grid_component:6_5_X0250_Y0300_S050,6_5_X0300_Y0300_S050,2019-03-22,d4309ac71587b421f226b611a2edf0ecd240f46ec20474d42c5bf5ba7a31396b,9a1b3a2b12fefb378bb025402b9679cd78c977e4971dc2b2e09d7fd20475f39c
6_5_X0300_Y0300_S050_2019_03_22_x576_y128_64x64_71,train,author_grid_component:6_5_X0250_Y0300_S050,6_5_X0300_Y0300_S050,2019-03-22,461e051b38fc6dfc064bd209bdbc1cf8513a04e28671864750a5a6118b09a4d9,06a9c033c64aca2820e3d6ba5f74dc3c188c14cead16e3fb236d27ba4baeeeed
6_5_X0300_Y0300_S050_2019_03_22_x576_y384_64x64_75,train,author_grid_component:6_5_X0250_Y0300_S050,6_5_X0300_Y0300_S050,2019-03-22,bc3d27c774e4a0bf001b624a87579ff87a921426f9a9d28e52c71b8a75a4d693,06a9c033c64aca2820e3d6ba5f74dc3c188c14cead16e3fb236d27ba4baeeeed
6_5_X0300_Y0300_S050_2019_09_03_x128_y64_64x64_3,train,author_grid_component:6_5_X0250_Y0300_S050,6_5_X0300_Y0300_S050,2019-09-03,bf903d5a4b0b8e3cde23323cd8d6fbd29d471d5a7c6c168e51c12005657ab791,245a47222591ea110b0a30344b755e04eea93baa7ee97ec5bd34394d4f92baa0
6_5_X0300_Y0300_S050_2019_09_03_x256_y448_64x64_25,train,author_grid_component:6_5_X0250_Y0300_S050,6_5_X0300_Y0300_S050,2019-09-03,972f90565f902842e61d1c767c8120deae69a952c961e2a8629fa2032bdf8f09,001370103fd47e4b1ef466355ea931ea5594beeacc372f4685f47fa178fba433
6_5_X0300_Y0300_S050_2019_09_03_x576_y0_64x64_68,train,author_grid_component:6_5_X0250_Y0300_S050,6_5_X0300_Y0300_S050,2019-09-03,5ecab91684cd6b0b05b00807adfecb6ff19011d8ca9992dfeb1a8a8f3e9633cf,d2feba6390e67244c8683b55be8df0ed407ac11b83ff7ef83e5f9b827ae660b1
6_5_X0300_Y0300_S050_2019_09_08_x128_y64_64x64_3,train,author_grid_component:6_5_X0250_Y0300_S050,6_5_X0300_Y0300_S050,2019-09-08,654f5a8d70c6d2004b9d4c942b729059fd8deb3b949ca959876510ad3e059fd8,ed867f5d19bc7fd0fd858d48f3dba4fa43419074570e21974d73ce81147ddaab
6_5_X0300_Y0300_S050_2019_09_08_x192_y512_64x64_17,train,author_grid_component:6_5_X0250_Y0300_S050,6_5_X0300_Y0300_S050,2019-09-08,3fc0416d814f627caa815dd24267b46c4666a3ccc9b0ea9a6d8323adc3b6bdea,29d1f0fb0c3415fa40755647d8e8f08f9ddc5006e405e27abe3e1d5844e0051c
6_5_X0300_Y0300_S050_2019_09_08_x256_y128_64x64_20,train,author_grid_component:6_5_X0250_Y0300_S050,6_5_X0300_Y0300_S050,2019-09-08,4eb22cf44405026dd8f3efff01cb3da526f997c0226983215db117c0d2a2cca1,06a9c033c64aca2820e3d6ba5f74dc3c188c14cead16e3fb236d27ba4baeeeed
6_5_X0300_Y0300_S050_2019_09_08_x640_y448_64x64_84,train,author_grid_component:6_5_X0250_Y0300_S050,6_5_X0300_Y0300_S050,2019-09-08,17974bc92a54cf2ee7a93cf8c210e89336f43df7314f3562ee87a0d298504f89,04e561a4192cdd8d1f98f4ac98e570dd580df4e6ebdf6d2f66f3dc015024ed89
6_5_X0300_Y0300_S050_2020_12_01_x640_y192_64x64_80,train,author_grid_component:6_5_X0250_Y0300_S050,6_5_X0300_Y0300_S050,2020-12-01,1e8d20109dadb02924c2544edae8563d4023293ce4dfc9d242a642ad1eab02cc,06a9c033c64aca2820e3d6ba5f74dc3c188c14cead16e3fb236d27ba4baeeeed
6_5_X0300_Y0350_S050_2019_01_11_x384_y512_64x64_48,train,author_grid_component:6_5_X0250_Y0300_S050,6_5_X0300_Y0350_S050,2019-01-11,2ddbd2e963fdb8a78ecb07166348d9ab1adcdd7a5282b13577302edace4c1370,5be4e7abe89b7628438b98cba3219fec15e9aa64ea992f7b8f6ea3432b4e6b5e
6_5_X0300_Y0350_S050_2019_03_22_x0_y512_64x64_9,train,author_grid_component:6_5_X0250_Y0300_S050,6_5_X0300_Y0350_S050,2019-03-22,a8f4a68454c84cb20b4910d036f58318d267d7df76adb1f56b74ffb90b90efe9,65a7583e73e0583513310afcd1dd49507f53df727626892a7bb075ed368d382f
6_5_X0300_Y0350_S050_2019_03_22_x128_y640_64x64_27,train,author_grid_component:6_5_X0250_Y0300_S050,6_5_X0300_Y0350_S050,2019-03-22,6e53c76ffbe76fc7dec7a9fe80a0f2471193807f6833285729b4a150a467e90d,3747995595f9c921802cf1d09d368db8284b1683b450aa9facf72eab9f15dca1
6_5_X0300_Y0350_S050_2019_03_22_x256_y64_64x64_38,train,author_grid_component:6_5_X0250_Y0300_S050,6_5_X0300_Y0350_S050,2019-03-22,3213a0eeb86d01a3bec4fa82dae480c361d029985a361e5023fcfea49800f577,c9fdcc48f7a2d7283d876618a90f8052d6c7e11c9d7b95bb5f3b1e00d8e5ad78
6_5_X0300_Y0350_S050_2019_03_22_x512_y576_64x64_55,train,author_grid_component:6_5_X0250_Y0300_S050,6_5_X0300_Y0350_S050,2019-03-22,762fa1dc8a82b2bdc9747de1c2624c8c7ee65514f8137b5f004f48b8724f84e0,892a3e9f580988faafd3a114a373c795d73356e3fc77f1515663f86daad2b80d
6_5_X0300_Y0350_S050_2019_03_22_x64_y384_64x64_16,train,author_grid_component:6_5_X0250_Y0300_S050,6_5_X0300_Y0350_S050,2019-03-22,4c6e8152b95d5953dece6f3d63895c32b3affd51cc646cdd185a7e7c5b0ae3ae,06a9c033c64aca2820e3d6ba5f74dc3c188c14cead16e3fb236d27ba4baeeeed
6_5_X0300_Y0350_S050_2019_03_27_x192_y576_64x64_35,train,author_grid_component:6_5_X0250_Y0300_S050,6_5_X0300_Y0350_S050,2019-03-27,7e1cbb4be6370be7eccd982164f28ce2b2501c461dea55a5fce6607ce07b3c0c,27371d1a3478f4cbd91dda83b9381db36bef5a99b7840dc7e747d785ebf82c5d
6_5_X0300_Y0350_S050_2019_03_27_x384_y576_64x64_49,train,author_grid_component:6_5_X0250_Y0300_S050,6_5_X0300_Y0350_S050,2019-03-27,a88772bcacca3b428a6bb920bd799126a1e6d1adf6534078cd7977ebd6b5e576,06a9c033c64aca2820e3d6ba5f74dc3c188c14cead16e3fb236d27ba4baeeeed
6_5_X0300_Y0350_S050_2019_03_27_x576_y576_64x64_57,train,author_grid_component:6_5_X0250_Y0300_S050,6_5_X0300_Y0350_S050,2019-03-27,dd32a114efaf3981eb4608de100fb5fe93571bbd9dfbfe9155cc11e3ac58a271,d4f513ff5cfb15ea003119dd1ff9bf5a6e8acee6060e28e9449f2248f06043d0
6_5_X0300_Y0350_S050_2019_09_03_x128_y384_64x64_25,train,author_grid_component:6_5_X0250_Y0300_S050,6_5_X0300_Y0350_S050,2019-09-03,449f8e8b1425a10ceeccb824380887e0eb53737937c92d8b0a063a38c5bda4ae,b1d2cf1fba871451aec63bb332959998d38f0c9e66b0a18b438877f527ebdbdc
6_5_X0300_Y0350_S050_2019_09_03_x128_y576_64x64_26,train,author_grid_component:6_5_X0250_Y0300_S050,6_5_X0300_Y0350_S050,2019-09-03,2a5945eaf84458431d43c683ac46e032a6c9f9c616045dac9e001d0c58b0c5bb,36030bc103adfadc7b9e8e216060f4c5e73d82e8c23c10530afc1313886b5f33
6_5_X0300_Y0350_S050_2019_09_03_x192_y0_64x64_28,train,author_grid_component:6_5_X0250_Y0300_S050,6_5_X0300_Y0350_S050,2019-09-03,cdee620839c15cc1822376104d3960dbe0c133b2fdac47e8ab52e64b5fe68ed2,06a9c033c64aca2820e3d6ba5f74dc3c188c14cead16e3fb236d27ba4baeeeed
6_5_X0300_Y0350_S050_2019_09_03_x192_y192_64x64_31,train,author_grid_component:6_5_X0250_Y0300_S050,6_5_X0300_Y0350_S050,2019-09-03,e26e4a5ddd71e2404d427a1df91b02145e606cd2f17c8f2d622ac730fcfb5a93,9a170483cfceeb76426db7492cceeb479052706773dc5c8a8d6b68014e5bcca4
6_5_X0300_Y0350_S050_2019_09_03_x256_y640_64x64_44,train,author_grid_component:6_5_X0250_Y0300_S050,6_5_X0300_Y0350_S050,2019-09-03,e10611934abe4e360bf260a74994f80ac722bfde385a87595c069f0acd05a7b6,06a9c033c64aca2820e3d6ba5f74dc3c188c14cead16e3fb236d27ba4baeeeed
6_5_X0300_Y0350_S050_2020_12_01_x448_y640_64x64_53,train,author_grid_component:6_5_X0250_Y0300_S050,6_5_X0300_Y0350_S050,2020-12-01,b5068ccadc77385aa74b8fe53b86156d13c65bbb2f0d7013a2d5de6c170051d2,06a9c033c64aca2820e3d6ba5f74dc3c188c14cead16e3fb236d27ba4baeeeed
6_5_X0300_Y0350_S050_2020_12_01_x64_y448_64x64_17,train,author_grid_component:6_5_X0250_Y0300_S050,6_5_X0300_Y0350_S050,2020-12-01,5ffc74b3dfa2f683aa8b1524f3316c8f84150c78b85c51222ddfb9d454439a2f,838b78db52dde073936d6bb89d1ad9cdbf874d33fbfb9cce2730451a30d6671b
6_5_X0300_Y0450_S050_2019_01_21_x192_y0_64x64_6,validation,author_grid_component:6_5_X0250_Y0450_S050,6_5_X0300_Y0450_S050,2019-01-21,29d1551018ff89590d8e1bc0f39f4ef1f8e676fd067c320df5f6450f2a94f098,06a9c033c64aca2820e3d6ba5f74dc3c188c14cead16e3fb236d27ba4baeeeed
6_5_X0300_Y0450_S050_2019_01_21_x320_y128_64x64_12,validation,author_grid_component:6_5_X0250_Y0450_S050,6_5_X0300_Y0450_S050,2019-01-21,d11650ce06802d2439238e38753504635e3a2d77cb1c358a3060f5c3358e4217,46764942f92330a5909431fb8b31661604f5fd1d91093b394eb5aec516edfa49
6_5_X0300_Y0450_S050_2019_03_27_x64_y0_64x64_2,validation,author_grid_component:6_5_X0250_Y0450_S050,6_5_X0300_Y0450_S050,2019-03-27,a3dd0275f4fec843b96473b19839d9badd7e8c2b06200a33a01887f4f0eafa03,23a34e6389239e0cf60381939075e170e313c3e324c3a66e78d98b97cac8bb57
6_5_X0300_Y0450_S050_2019_04_01_x0_y0_64x64_1,validation,author_grid_component:6_5_X0250_Y0450_S050,6_5_X0300_Y0450_S050,2019-04-01,69439e3e399585656c363402282be82bef3bbb991b951d4dce3cd4f122fa81c1,d728128549ac5a2bdc606266001ed16be1ebd95d182cd7fd91a46f1f03f0ad35
6_5_X0300_Y0450_S050_2019_09_08_x192_y0_64x64_6,validation,author_grid_component:6_5_X0250_Y0450_S050,6_5_X0300_Y0450_S050,2019-09-08,746087b8e8ab07885f9b21b5f7024e0e6b0f2c3d1bcd90dbc97e716f0480e93c,096154ed7d28a8f5e83e411619ce9c05d71f09b1f0fe22de9023e3b64009bdc6
6_5_X0300_Y0450_S050_2019_09_23_x192_y64_64x64_6,validation,author_grid_component:6_5_X0250_Y0450_S050,6_5_X0300_Y0450_S050,2019-09-23,6ad0fc10b1c17cdf5c9b975c414d324a018446aec6b6a83d0c0702b2eb56f6e8,6764ac340e9ade17ccdb93ee84eb064a62d1a807d285ee3c95f79eaa7e704fc2
6_5_X0300_Y0450_S050_2019_10_28_x192_y64_64x64_7,validation,author_grid_component:6_5_X0250_Y0450_S050,6_5_X0300_Y0450_S050,2019-10-28,68de69794424dc5c7f7612fc994970bcd9d16e876667d418caf84dc40a54c425,55b57f7528554c85122db05f158ab7e4f52cddae4ec6e56191dd06acdfd7ef87
6_5_X0300_Y0450_S050_2019_10_28_x448_y192_64x64_17,validation,author_grid_component:6_5_X0250_Y0450_S050,6_5_X0300_Y0450_S050,2019-10-28,a8da9d1b93eee0b8acc14a8e7a85585e40bddfe7f2f4d11eef307aad32127e95,6b6b082e7c89d328eb8670f497cc80cded75c9e500f3a7d577e6bac8321fb26c
6_5_X0300_Y0450_S050_2020_01_06_x256_y64_64x64_9,validation,author_grid_component:6_5_X0250_Y0450_S050,6_5_X0300_Y0450_S050,2020-01-06,bf2945b9a1a6f34fea029a6d31ddb3b008fb06ec60c9a5329f56b943f4dca192,2f95083242dcc5bf05364abfb7c917d6e09d89d52340b423b789d3627a40e200
6_5_X0300_Y0450_S050_2020_01_06_x384_y192_64x64_15,validation,author_grid_component:6_5_X0250_Y0450_S050,6_5_X0300_Y0450_S050,2020-01-06,d64843c60e485c7d8c7e228a68878a5a83c36541ad637a800267efb191b250bf,646a90e86947389afbe5f89a86118ff3b4b36cc9dd224f875cd55f4ec393f03e
6_5_X0300_Y0450_S050_2020_01_06_x64_y64_64x64_3,validation,author_grid_component:6_5_X0250_Y0450_S050,6_5_X0300_Y0450_S050,2020-01-06,0c9c7c4a78864f2124f7db96efd1fd5ba482aa1de3f28792b638e90a64233776,82875513e5f3e9d2dc2bec9da6b630a31e8b344c6f6d79f8ad1cb5267d9264c5
6_5_X0300_Y0450_S050_2020_04_05_x0_y0_64x64_1,validation,author_grid_component:6_5_X0250_Y0450_S050,6_5_X0300_Y0450_S050,2020-04-05,d5cda4996b3f4b4e64cb13f4d587a4b36b30563c52d5557a79a00d53318318b6,a75ae02844843d7a89ea5bfc4e0738dfee7b406aaabf49b33815f3d1da4600bc
6_5_X0300_Y0450_S050_2020_04_05_x64_y0_64x64_2,validation,author_grid_component:6_5_X0250_Y0450_S050,6_5_X0300_Y0450_S050,2020-04-05,c4c688f769446597d17e10eeccd74ab6db9f2de1f1f47714f47d3259d5b8e498,49a247c60f2c04ae9ff940451a230b2e674ea2dcd1c89b4a9d688a263f2da89f
6_5_X0300_Y0450_S050_2020_10_02_x448_y192_64x64_17,validation,author_grid_component:6_5_X0250_Y0450_S050,6_5_X0300_Y0450_S050,2020-10-02,1b2fdf3cd5583f85a7b79cf464460f37711bf20d6a317e1f229bd764c7ea8c39,10478c46929d95100043781c7aeef304ebb3db9be0029279624c7036ddc597e5
6_5_X0300_Y0450_S050_2020_10_17_x128_y64_64x64_5,validation,author_grid_component:6_5_X0250_Y0450_S050,6_5_X0300_Y0450_S050,2020-10-17,97eaddcc2fcaee3c5abcb1e658cc5d7f946f348a80e09c7855db91118226a219,902c0dfec0cc1c0339efb857c4f1975a3136924dae68a22d320b8ee94f6237cc
6_5_X0300_Y0450_S050_2020_11_01_x0_y0_64x64_1,validation,author_grid_component:6_5_X0250_Y0450_S050,6_5_X0300_Y0450_S050,2020-11-01,5be50be3b0786dab258fafee16aa2ff292553e30adf3d9a84d3a90fbd135e344,5c25b8b783da6926dedd0ae9f2c8ecc6229d72ab6108b08a3b3fefaf08ee91d2
6_5_X0300_Y0450_S050_2020_12_26_x320_y0_64x64_10,validation,author_grid_component:6_5_X0250_Y0450_S050,6_5_X0300_Y0450_S050,2020-12-26,01bc35a33b67e7ed90eacf2f502310711e56608d435f9b7594752dc0831b5e9a,d505b5a06313a0881e34e8d7838461fdd7657c122cf20db458cf47e142c324ba
7_5_X1300_Y0900_S050_2019_03_25_x192_y576_64x64_2,train,author_grid_component:7_5_X1300_Y0900_S050,7_5_X1300_Y0900_S050,2019-03-25,2a6af77dcbf73795d5a8c359d7274e4ca840dc84b1d62abc1f2f99c0ef1aa6d0,51a1408d34ce0d52787cb5480cb6d6318e66dcfe0f4d4986dfddc069423c311b
7_5_X1300_Y0900_S050_2019_04_24_x704_y256_64x64_26,train,author_grid_component:7_5_X1300_Y0900_S050,7_5_X1300_Y0900_S050,2019-04-24,d85648c49143570bd91ff284d35c874f752338176b23e3848ec65a48d8ef36d4,ba92cfb36e7cafa7cbfbb269f77e910c2dce34970718590098b9e7ded202e93a
7_5_X1300_Y0900_S050_2019_05_29_x704_y128_64x64_24,train,author_grid_component:7_5_X1300_Y0900_S050,7_5_X1300_Y0900_S050,2019-05-29,38d46d1f31eb44c8fe5af91c9720794d65df46ad57eee6cb0c59c2da2b981ba4,873e84e7e1e964e65455ce6544f72583e6ae9a2c2cd0b935a8165ecfe77f496a
7_5_X1300_Y0900_S050_2019_11_30_x448_y64_64x64_12,train,author_grid_component:7_5_X1300_Y0900_S050,7_5_X1300_Y0900_S050,2019-11-30,ec1833583624abf7d3f8335c442301ec4323ebdf9d5d1b8b586083a684b4541c,a2681b7fe108fb6d034a6159710c548fc8a21d09ebd237491317ee9c74cfdb5d
7_5_X1300_Y0900_S050_2020_12_09_x704_y256_64x64_25,train,author_grid_component:7_5_X1300_Y0900_S050,7_5_X1300_Y0900_S050,2020-12-09,d202a7e71384019886187e22b21865660693221351c151b787571abf4575e2c3,5399c4b292cdd6a84343daabd9560978e34ed176037cb0e94af88c40bc38a6a9
7_5_X1300_Y0950_S050_2019_01_29_x320_y192_64x64_22,train,author_grid_component:7_5_X1300_Y0900_S050,7_5_X1300_Y0950_S050,2019-01-29,4db6608dec4fc51049fe39b9b7308a97018a458422b0f438c8464bb88d4ea18c,5259938682d706d66fa6f7f13f9016c70ab2f13bfd8f4c97df0c3c1c9f2d8fd5
7_5_X1300_Y0950_S050_2019_04_24_x0_y320_64x64_6,train,author_grid_component:7_5_X1300_Y0900_S050,7_5_X1300_Y0950_S050,2019-04-24,19bdeac2eae4207860ebfb8118e830dabf0397f39631175a73180b62ecdd2f58,d017661991e48704bf3990f0aa8802c23ff4b8e1bea70e53735be969eeaf2a63
7_5_X1300_Y0950_S050_2019_05_24_x576_y192_64x64_22,train,author_grid_component:7_5_X1300_Y0900_S050,7_5_X1300_Y0950_S050,2019-05-24,92cabe89a1c4140a971efbb2bbe4c46e3a55e11ecd6aaa7d9a9a0ca26e32c6d7,f7c79c48d91616cdee1f7bb405ef883f92904c98510695c92b7e2ca015aab66a
7_5_X1300_Y0950_S050_2019_05_29_x320_y192_64x64_22,train,author_grid_component:7_5_X1300_Y0900_S050,7_5_X1300_Y0950_S050,2019-05-29,c3536595c00395d36723596a460bf2df0a46ae6f84607875444cac464093b795,0a41be2f541f32c5c01bea80562b12c7487ab7bb57eeeb9cc21e4c39a92f2bca
7_5_X1300_Y0950_S050_2019_12_15_x64_y128_64x64_9,train,author_grid_component:7_5_X1300_Y0900_S050,7_5_X1300_Y0950_S050,2019-12-15,297134f86ae1f0f167c1d8ceee276fda00e264e7e46f2d6f35e046b81b735a73,bf021c2b6ce2b5bcb3c51b64051f9d4ca394816a33d3a08af0326dc5defeea49
7_5_X1300_Y0950_S050_2020_04_08_x64_y384_64x64_14,train,author_grid_component:7_5_X1300_Y0900_S050,7_5_X1300_Y0950_S050,2020-04-08,9d686ea8b298241b11e45d0dc44175836d832377dd2b2d0a2a266352f0e0fcd4,97b5c0796892f3a3f6d5b9cd8a89cfffd5c3fb56bf62bcc92fc1235cd0282cd9
7_5_X1300_Y0950_S050_2020_12_09_x0_y0_64x64_1,train,author_grid_component:7_5_X1300_Y0900_S050,7_5_X1300_Y0950_S050,2020-12-09,19652fa0f5cebd53e4b435dc20bbf3d017d2d433747e974e7db312383ee43133,0634e152391ba0d56d0782549a6183f0ba27b8852f4a939d2fc8eabc309be087
7_5_X1300_Y0950_S050_2020_12_09_x64_y64_64x64_9,train,author_grid_component:7_5_X1300_Y0900_S050,7_5_X1300_Y0950_S050,2020-12-09,15aaf8a454489632273390116f683f0097b5fc54af7b775ca7fa77941da07f03,f84b2dd7c3af8f724392d021ca2ff4b023a64becaa72b4a10d6cba70541075d6
7_5_X1350_Y0850_S050_2019_01_29_x128_y320_64x64_7,train,author_grid_component:7_5_X1300_Y0900_S050,7_5_X1350_Y0850_S050,2019-01-29,ae8fc9a7ecc209a3b08a00b9bc94612a10a8e710594147a511f472108f25ac88,34e0fe7a01e7cbab4226725900cc2d03a6d8cedb616a189cfb9aba35dc67d8e2
7_5_X1350_Y0850_S050_2019_01_29_x256_y320_64x64_23,train,author_grid_component:7_5_X1300_Y0900_S050,7_5_X1350_Y0850_S050,2019-01-29,5b6e271f3373e7fbf051d8bd6f994b7eaf0e59b5e214a99ed5b1a0aabcbff9d4,4b42c4841ae23cfc3448c875abb6af561d880fb2734c54c4cee8f6488b98f18f
7_5_X1350_Y0850_S050_2019_01_29_x384_y128_64x64_37,train,author_grid_component:7_5_X1300_Y0900_S050,7_5_X1350_Y0850_S050,2019-01-29,b1545b73a861dcfb900f77fa3728063c801dde012785d7e6219987d5419ac6a9,eafd81d8dae4aacfca5f8c4bfb649f8f9021e9f27af051f24192b743b1d6d93d
7_5_X1350_Y0850_S050_2019_01_29_x512_y192_64x64_54,train,author_grid_component:7_5_X1300_Y0900_S050,7_5_X1350_Y0850_S050,2019-01-29,5c292e6810a677d57dc6b193a2756ff8877ef8aba268a121ee97e3c2cdeb1560,4cd55a7982485120f6013b0e95e3df96127d77c7a59d4938aabd9cca33dd3c4d
7_5_X1350_Y0850_S050_2019_03_25_x256_y512_64x64_26,train,author_grid_component:7_5_X1300_Y0900_S050,7_5_X1350_Y0850_S050,2019-03-25,6d86fd29fbf20636ad315a81ab1d6a4afdcaf460b0b35ab88610b2087af25646,385ab048822d1bd9367a083e09979fdb2360326eb5162c80f2ec123898b73076
7_5_X1350_Y0850_S050_2019_04_24_x512_y192_64x64_54,train,author_grid_component:7_5_X1300_Y0900_S050,7_5_X1350_Y0850_S050,2019-04-24,69a4e1db88e555e4abd093e2474865fc80ce5cf0fda17e93c2e27bed410b23c6,1e552e9a5bf42fe09bda0168093db6393f1725a04678d01bcfd1d107274980c7
7_5_X1350_Y0850_S050_2019_05_24_x576_y512_64x64_67,train,author_grid_component:7_5_X1300_Y0900_S050,7_5_X1350_Y0850_S050,2019-05-24,25800a7410bd06dbf3a37f73a072cca24521ae5defaf826b8ae8d5aa1f6d2a39,50004d65569e1bfb679e8fe66628893f5bfd7fe115aec5aaed5a58ba12f7c136
7_5_X1350_Y0850_S050_2019_11_20_x320_y576_64x64_34,train,author_grid_component:7_5_X1300_Y0900_S050,7_5_X1350_Y0850_S050,2019-11-20,7152d10fcc2fc4d43996f6d67cdf4d5ad6e0b1ebc32de2d037f360bf959263e9,3936763860667977f040511648d3158581227f581227ef6db5121cb1cdc44fc0
7_5_X1350_Y0850_S050_2019_11_20_x640_y576_64x64_72,train,author_grid_component:7_5_X1300_Y0900_S050,7_5_X1350_Y0850_S050,2019-11-20,4ea09bd23ec085e878e8d23b6a37d3c0ee2fc8879540676fda1d7bb6aade549a,de83515091d4f82b49c237293bbec9aa81f9c56abcb89331589c6971c6790eb7
7_5_X1350_Y0850_S050_2019_11_20_x64_y384_64x64_4,train,author_grid_component:7_5_X1300_Y0900_S050,7_5_X1350_Y0850_S050,2019-11-20,571cc53b3a5a31b93e4bb603ad5325efbed3bde5e4694fa5d61e69ae9e1d01e3,f6a26f543a6b17c9a3022d7e073b43bed8eeb58d6708c4154c47ca2d138e2bd4
7_5_X1350_Y0850_S050_2019_11_30_x256_y256_64x64_22,train,author_grid_component:7_5_X1300_Y0900_S050,7_5_X1350_Y0850_S050,2019-11-30,5d561ca9c6607af9c24f406285114359fde67f11a5f8cd5da6be426ff0b08f8f,2b290bc8ee87eba826bde7ea7d93653c2a9d5d9c3d851f842fc766d00ce53dd7
7_5_X1350_Y0850_S050_2019_11_30_x320_y256_64x64_31,train,author_grid_component:7_5_X1300_Y0900_S050,7_5_X1350_Y0850_S050,2019-11-30,29dbfd06c93bdf48d91f98ba33dd680ba0bec893fca8dc33018266af4cc19a1c,aeefeefdce40a5745b3c1f9a38f93a97bc72602d704a43f14831b7fc71181c93
7_5_X1350_Y0850_S050_2019_11_30_x384_y256_64x64_39,train,author_grid_component:7_5_X1300_Y0900_S050,7_5_X1350_Y0850_S050,2019-11-30,6f5ce40bba0bc0782bf2c9709601f07285881145efb8c185a2d3a208e98c95f1,403abdadfe5b2c3a9e3f7d8c4a05b42dadcb0e7e407504e9ce0f9f6efc64aa1e
7_5_X1350_Y0850_S050_2019_11_30_x512_y512_64x64_59,train,author_grid_component:7_5_X1300_Y0900_S050,7_5_X1350_Y0850_S050,2019-11-30,12dec8562a4f9491e2dd90933ef1eed14e2e80c749239d188bad4aaefc9738de,5d21ee8652835b0b48b4e2c61954302d553256b39021419a35242ed63e6a046c
7_5_X1350_Y0850_S050_2019_12_15_x704_y384_64x64_74,train,author_grid_component:7_5_X1300_Y0900_S050,7_5_X1350_Y0850_S050,2019-12-15,b750b92229519699e87600bc571dcaa57348b6d7be96e8ef774a5f51ba4035d6,aa5c6942b90360cf62105a76bebcc17658f9c5848429d2561e9000e3a4941be3
7_5_X1350_Y0850_S050_2020_02_28_x128_y192_64x64_5,train,author_grid_component:7_5_X1300_Y0900_S050,7_5_X1350_Y0850_S050,2020-02-28,2e0db3695b76ad977bdddca50b135f0fa835c0b617b39b6dd6fc6aa0c48ceec4,3505659c06c279d4db3f82092587b78a7f08ab02fcf26b64fb141f253eeaf307
7_5_X1350_Y0850_S050_2020_02_28_x192_y192_64x64_13,train,author_grid_component:7_5_X1300_Y0900_S050,7_5_X1350_Y0850_S050,2020-02-28,e1faaed3660c87b45fde703dde81100d26bcf37436d7fe66ba8f51c7818983c0,5e1cf7585a12e10e004a61c852e2973f2a05861bcf61256eb4e1941cd47f5947
7_5_X1350_Y0850_S050_2020_02_28_x512_y192_64x64_54,train,author_grid_component:7_5_X1300_Y0900_S050,7_5_X1350_Y0850_S050,2020-02-28,c841ca50e1c6c95fb841dbafcfeee7ab1b95f83a69b2e792f11f481ac1a4a363,8f82a101dca4a4cdb4d5a53b30a5105721abfc1cc1dac47ca8c3cb9818df4302
7_5_X1350_Y0850_S050_2020_04_08_x64_y256_64x64_2,train,author_grid_component:7_5_X1300_Y0900_S050,7_5_X1350_Y0850_S050,2020-04-08,6aa708db9523dbb9d0ea3996e6cd38f4598d976b6e2094cb5e72c6e01df262f0,e59bc13d7a0d4c4de6b4116001a2d542dc150439d63b55767f7c4ae7bfcff058
7_5_X1350_Y0850_S050_2020_11_24_x192_y512_64x64_17,train,author_grid_component:7_5_X1300_Y0900_S050,7_5_X1350_Y0850_S050,2020-11-24,2812e13389bd152ac6af62db72ae95ffc0462bd65228e41015e1f9e159057c00,b3c27e465d88c1c3b68c078f0c612cc3d99084c6ae231d57a6469f14a21b9e18
7_5_X1350_Y0850_S050_2020_11_24_x256_y128_64x64_20,train,author_grid_component:7_5_X1300_Y0900_S050,7_5_X1350_Y0850_S050,2020-11-24,a0da5988fbb75c1611f2b0c35aeeb3e5a263024ad0c04115fe2035bbde742bde,70831fe94d08973dfe954d7eb3d234e77bbe3afa0bca533cba821e364beea9de
7_5_X1350_Y0850_S050_2020_11_24_x448_y256_64x64_46,train,author_grid_component:7_5_X1300_Y0900_S050,7_5_X1350_Y0850_S050,2020-11-24,0eac86ac92ba45b34c8f24b211b39f483a50094d5eb8e2d96a706f5e5cba336b,4f4b1aa6e4a69cbf6f6d40071f1d4f2e76abbc088c0825b89ccaf37233b003dc
7_5_X1350_Y0850_S050_2020_11_24_x448_y320_64x64_47,train,author_grid_component:7_5_X1300_Y0900_S050,7_5_X1350_Y0850_S050,2020-11-24,d3221280d2f3137b7d181a5716699406e540c1331e44891e4161e14acc45983e,9fb7128d73d8b2b3dac53d9d4d7985712a4ab77980e3fdee08a5fe12a33b64bc
7_5_X1350_Y0850_S050_2020_12_09_x384_y256_64x64_38,train,author_grid_component:7_5_X1300_Y0900_S050,7_5_X1350_Y0850_S050,2020-12-09,e9c1f95457ee851964157ed619ee7adb48dc31ea758ca08ab57ad32cfcaf60b8,c45fa0d2d05a3c4e90d4531e0bca26400ff9a446ba046372f8ea62ea06ef057e
7_5_X1350_Y0850_S050_2020_12_09_x448_y512_64x64_50,train,author_grid_component:7_5_X1300_Y0900_S050,7_5_X1350_Y0850_S050,2020-12-09,ab030fbb31ac814ac8a90a7276076f062ef9d7ef70f87cd5f52944565826d561,7467307428d88b2190c14ec3e79207e74b25b6fccce21f60e4109ce7259178f6
7_5_X1350_Y0850_S050_2020_12_29_x256_y192_64x64_18,train,author_grid_component:7_5_X1300_Y0900_S050,7_5_X1350_Y0850_S050,2020-12-29,2d536da72c8540e3703b7dd31074fbdf7d0e414c8ca2bfbb38257db26b965110,28d95cd1c0c420eeef54854e54164031b14cac5f56c62b44eb0a3ffb9ee2d74d
7_5_X1350_Y0850_S050_2020_12_29_x448_y576_64x64_47,train,author_grid_component:7_5_X1300_Y0900_S050,7_5_X1350_Y0850_S050,2020-12-29,813ba0a451d1d382fb23fdbd0205e150c379b7fb2884a6355d1f110af7e1669d,fd19af5caee6258a3cbb1e2f0ae8df1a92d2f3f90322fb53e9ee08dc12c06558
7_5_X1350_Y0850_S050_2020_12_29_x512_y192_64x64_49,train,author_grid_component:7_5_X1300_Y0900_S050,7_5_X1350_Y0850_S050,2020-12-29,f30b59195fe802dd785e69003dc91552052bbf5e650cccfd8ba8d586fb5ebc64,7b19a81ed58a3ef72b59fa01a6f79ad2e4706da904968a91768de0d3d38f051d
7_5_X1400_Y0850_S050_2019_03_25_x448_y448_64x64_8,train,author_grid_component:7_5_X1300_Y0900_S050,7_5_X1400_Y0850_S050,2019-03-25,536f3de7fd9da40df03ccda7926b257406ca6a21de007eebe3531aa436062395,5e14606fee3302200ea7d2c3fe887ade7255cec5962fd75b278cdf3a8e85de26
7_5_X1400_Y0850_S050_2019_04_24_x576_y448_64x64_15,train,author_grid_component:7_5_X1300_Y0900_S050,7_5_X1400_Y0850_S050,2019-04-24,0df91092e2c901ae3907204aaaccd462d720f5378f6e79ea0020b811d02457af,11f54c69fdb4cc3ac973866bcc75a00f9196a9fd21ffdfe7d399b7e47d23cfc2
7_5_X1400_Y0850_S050_2019_04_24_x640_y0_64x64_18,train,author_grid_component:7_5_X1300_Y0900_S050,7_5_X1400_Y0850_S050,2019-04-24,d4d7d96150f116902498a99eca418cafa6d5c7e7c31bec1ead9eaa2e99a63266,b7d35fe65fb2b9def7bd2b67de5d03b215aa8005b75c7e3781e338308fc33f24
7_5_X1400_Y0850_S050_2019_05_24_x512_y576_64x64_13,train,author_grid_component:7_5_X1300_Y0900_S050,7_5_X1400_Y0850_S050,2019-05-24,1a6dea947b7400be314605bd8d556fef44be62d802518bf5c7c088da7c6fe0dd,b4d970ddc88ec9ab281b5572de7b9fd071849f47c9796dcc15a5e1422537a39a
7_5_X1400_Y0850_S050_2019_05_29_x576_y576_64x64_11,train,author_grid_component:7_5_X1300_Y0900_S050,7_5_X1400_Y0850_S050,2019-05-29,e7b95cbacec52f23558615bd4766d71425ac69dfcbab8e4ad770cadb1457f99b,84f2c8e817494380e2703ccf7457b38f53855afc8f34483903ec09b726b271fc
7_5_X1400_Y0850_S050_2019_11_20_x512_y512_64x64_11,train,author_grid_component:7_5_X1300_Y0900_S050,7_5_X1400_Y0850_S050,2019-11-20,24f7d55d395742813ccf919c8201f64cadd71989b1b950a18fdc2fe484db0234,de98ce97dac1fee50cc28ac84c3e64a244d27423a26b35d46976fd45ee4549f7
7_5_X1400_Y0850_S050_2020_12_29_x576_y576_64x64_12,train,author_grid_component:7_5_X1300_Y0900_S050,7_5_X1400_Y0850_S050,2020-12-29,139b68782bdda91b0353914a4b81eb8d3da24c52b97ee5d461eee06b5272a046,e223f32fe7ae0bb3c5153369592787e539165ddfbd6cacd5bff4ff52b1de7cb5
7_5_X1800_Y1700_S050_2019_01_06_x192_y512_64x64_7,test,author_grid_component:7_5_X1800_Y1700_S050,7_5_X1800_Y1700_S050,2019-01-06,6e02c00e2e96d5f88dfa2ffe15b523bb3dc4117dad7b429de821fd6e58904bfe,06a9c033c64aca2820e3d6ba5f74dc3c188c14cead16e3fb236d27ba4baeeeed
7_5_X1800_Y1700_S050_2019_01_06_x448_y512_64x64_14,test,author_grid_component:7_5_X1800_Y1700_S050,7_5_X1800_Y1700_S050,2019-01-06,24f4e41df4ed6bedfd682c1ec7cf8a3abc8e0d27b1915a02a0b6a5ca68aad84b,05e208493b895412fedacfa91b0ac824cd6e6372f818790d4ae8ae1149057bcf
7_5_X1800_Y1700_S050_2019_01_06_x576_y384_64x64_19,test,author_grid_component:7_5_X1800_Y1700_S050,7_5_X1800_Y1700_S050,2019-01-06,978d33f64b65e2f079724a327a1d9a466da72cd2549a5af53a1ab9582bcc0618,9601e6ea4e850c48cef0e5dea1af45100c3edf3bb239c1a6f8d968371731efaf
7_5_X1800_Y1700_S050_2019_01_06_x640_y448_64x64_24,test,author_grid_component:7_5_X1800_Y1700_S050,7_5_X1800_Y1700_S050,2019-01-06,49a32c8b49b1e7c6f9283081d95ec885afa4040a517358d46246e0095e9b7d8b,e6dfe974a612680e305c66c0293048ca5a13f7f0b6f4627919369a8abcb3d498
7_5_X1800_Y1700_S050_2019_01_11_x192_y512_64x64_8,test,author_grid_component:7_5_X1800_Y1700_S050,7_5_X1800_Y1700_S050,2019-01-11,7eb313d07897668d16a08bd59f8a5d5dc8866989e9f8a7051ba9de3a514e6fb1,b0db979c4747abff26eacffed2e3fa85d265216ac3b690ed24b7eca891fbe91b
7_5_X1800_Y1700_S050_2019_01_11_x256_y512_64x64_10,test,author_grid_component:7_5_X1800_Y1700_S050,7_5_X1800_Y1700_S050,2019-01-11,2135d267a3c8c54092c20917f1a0e8dff8ba18f2e84eac9dac58002985879c10,ea1bf04e7fa4f882165855b983f1331d15ca76ff2754e8021feb263ae763b096
7_5_X1800_Y1700_S050_2019_01_11_x576_y512_64x64_19,test,author_grid_component:7_5_X1800_Y1700_S050,7_5_X1800_Y1700_S050,2019-01-11,b5e41bf4fbe5a2783d361c6f35a100ea9d9b42a7acec5a081ba56d54b4a9f617,5f8c1688a28ac4448f2e63ee85ded55c1a432dd1b479a2c48dbefc5ab52513a2
7_5_X1800_Y1700_S050_2019_01_11_x640_y448_64x64_22,test,author_grid_component:7_5_X1800_Y1700_S050,7_5_X1800_Y1700_S050,2019-01-11,84a33add23c4c2f7ec3f56c70d5180910aa73c5a8b5ad7c7025653119c699bf7,051db9de37f5a2670ec5ee9c9d201bb4a78c4bb24a3c0f47a2c84a34e7f2e397
7_5_X1800_Y1700_S050_2019_01_21_x576_y512_64x64_26,test,author_grid_component:7_5_X1800_Y1700_S050,7_5_X1800_Y1700_S050,2019-01-21,7cdf487308ef7a7b6c1f2838bdfc732ec3d4102ee4c6a4f47d2ae7994f2c34ff,ea26fb11d3f6ebbc179f6bd1b6dea99c96a18fc872367c63eefd6de1d5129fbf
7_5_X1800_Y1700_S050_2019_02_05_x128_y512_64x64_7,test,author_grid_component:7_5_X1800_Y1700_S050,7_5_X1800_Y1700_S050,2019-02-05,4f2c21252588a9a2c72c096bd7094941b9f51cb0d5a75a1b06647ca7fc12cd60,06a9c033c64aca2820e3d6ba5f74dc3c188c14cead16e3fb236d27ba4baeeeed
7_5_X1800_Y1700_S050_2019_02_05_x320_y448_64x64_12,test,author_grid_component:7_5_X1800_Y1700_S050,7_5_X1800_Y1700_S050,2019-02-05,17bd1b8c6855383b3580358c55f80e0298b607e4abd1ca01d1e9f9204649c2dc,bc62828575f0ef5ae57a51be3a8dbe602cf8328144219cb74d1177cab8e90c1b
7_5_X1800_Y1700_S050_2019_02_05_x576_y384_64x64_22,test,author_grid_component:7_5_X1800_Y1700_S050,7_5_X1800_Y1700_S050,2019-02-05,e4243d631bd7d76705aaf1f84dc3d45296077252423f3c5184753381e3c3f03a,19ff75e755a6a9f01e2db335e988cc0a641bee95dfd43d885c29c93da7219572
7_5_X1800_Y1700_S050_2019_02_05_x704_y384_64x64_30,test,author_grid_component:7_5_X1800_Y1700_S050,7_5_X1800_Y1700_S050,2019-02-05,5e944e910a0f80b96336c3754480edc32393cc9b1c09446d2ce50a678299f156,a39ef63487d29312c0f1805ca0a5f6cad4c02fb0722eeef1c78253bbeb75e9c4
7_5_X1800_Y1700_S050_2019_03_02_x192_y448_64x64_7,test,author_grid_component:7_5_X1800_Y1700_S050,7_5_X1800_Y1700_S050,2019-03-02,3b229f8a8654d6b915b8b9f6511293eb62b5d866f71ca379f5f85467f8ea206a,2dbcee49b47a0cb95da200ac8d1182c2ae371c69030fc0c2004a784e8210a01d
7_5_X1800_Y1700_S050_2019_03_02_x256_y448_64x64_9,test,author_grid_component:7_5_X1800_Y1700_S050,7_5_X1800_Y1700_S050,2019-03-02,da54d67858ca6b16ad829a835ded54a019d3133f1d09bde34c806f85634b3ba8,90b6f203e7efbf5013628a580dbc1a598afbbca468bd3ebae8bfe56932fba5ea
7_5_X1800_Y1700_S050_2019_03_02_x512_y448_64x64_18,test,author_grid_component:7_5_X1800_Y1700_S050,7_5_X1800_Y1700_S050,2019-03-02,1a6ca45abe042a2b6e51abd6ad132aea6f40bef1534ae26c14108d2da2d32bd8,188dcb25cda87378cfb051f550075067b3638bc7cc1a435f8b930e104d0da6c5
7_5_X1800_Y1700_S050_2019_03_02_x64_y448_64x64_3,test,author_grid_component:7_5_X1800_Y1700_S050,7_5_X1800_Y1700_S050,2019-03-02,00088ed90165340673dbc74588ba058361a6b3e9d1bc298b37e07e5236332703,2bc8c1de65b06c917d5996e91811259e82ebbcc07866a62844f68d6904116b25
7_5_X1800_Y1700_S050_2019_03_22_x256_y512_64x64_11,test,author_grid_component:7_5_X1800_Y1700_S050,7_5_X1800_Y1700_S050,2019-03-22,f62e94c1c6a3f0e409de007ddeb55dfe701b22cbdfa2f10e873f6b67c03db999,de83cfe66e07f25375778c28ae19c3e695c6ceb91c5c0bd9fddd47644cc448c8
7_5_X1800_Y1700_S050_2019_03_22_x384_y512_64x64_13,test,author_grid_component:7_5_X1800_Y1700_S050,7_5_X1800_Y1700_S050,2019-03-22,d6127af7d16a970a1b168b65fa22c2cfc4b4e2e4c7f858efacfc450e6e4819a3,557c6b67639c7435501aa604f25b267f060fed46dfd06fd750f385044b6523b7
7_5_X1800_Y1700_S050_2019_03_22_x448_y384_64x64_14,test,author_grid_component:7_5_X1800_Y1700_S050,7_5_X1800_Y1700_S050,2019-03-22,68d599c970831f02df954b03461fa6e6be7fa6efbc4e9a5562891d4dcad9f3a6,5714a3699e36f4bdd0d75a0baa52c6af7680f0751b19415609d2fae4576b8df7
7_5_X1800_Y1700_S050_2019_03_22_x576_y384_64x64_21,test,author_grid_component:7_5_X1800_Y1700_S050,7_5_X1800_Y1700_S050,2019-03-22,47e70607fc0e13f3ce7a8d1fc5c0fb8301b203e49bc35d60b6abbd8fd6bc05ee,054362d7f16b02d166f5d6affb1764063890bbc5abb04d357cc13b8e9b32ce23
7_5_X1800_Y1700_S050_2019_03_27_x192_y448_64x64_9,test,author_grid_component:7_5_X1800_Y1700_S050,7_5_X1800_Y1700_S050,2019-03-27,4a99aecc0ff569f6dbe8c5ba012638fa66db44a7ebccc4b64692e46d8565199b,4793f3d51b9e3bd81e81f6d2ec4c153589e801c337359f2ab4d89e5497a0255d
7_5_X1800_Y1700_S050_2019_03_27_x320_y448_64x64_13,test,author_grid_component:7_5_X1800_Y1700_S050,7_5_X1800_Y1700_S050,2019-03-27,5099b6a8805c30fe42ba7edfb1301f968d2b7b5917f42c7bb1c2f43a41f138e0,6a4e63a49fb4ebc4a42ac3be21ca68c32175bc3984f7c907acde99e0028dbd26
7_5_X1800_Y1700_S050_2019_03_27_x448_y448_64x64_17,test,author_grid_component:7_5_X1800_Y1700_S050,7_5_X1800_Y1700_S050,2019-03-27,1cdf63071492a0c51e4f63826f3cee0b5249437683a7c0735140cac9429a56fb,7fea0074bb86c66de7f04f52a0cc2b3e73193dc19508e3f14cfec5f511e78139
7_5_X1800_Y1700_S050_2019_03_27_x448_y512_64x64_18,test,author_grid_component:7_5_X1800_Y1700_S050,7_5_X1800_Y1700_S050,2019-03-27,cc2fed7e84fee46a9b38a09f1fb3cbaa9d683f0b7a054031e89d55aec0431b9d,ea617a1ae5f8d4811134f19544399f01299e9691d1eff4bf0d26ab4f8d86a9b4
7_5_X1800_Y1700_S050_2019_04_16_x192_y448_64x64_7,test,author_grid_component:7_5_X1800_Y1700_S050,7_5_X1800_Y1700_S050,2019-04-16,c0f6b0dd305dbcfd56a7294410c376ffea556c898c7df4e9cbf7e5582a74261e,cd55cce3ce6b978d6af862366ba243362af748c348e63c5f56c375ee4fe6b839
7_5_X1800_Y1700_S050_2019_04_16_x256_y512_64x64_10,test,author_grid_component:7_5_X1800_Y1700_S050,7_5_X1800_Y1700_S050,2019-04-16,347f992c9e5231f4d74a87446b46f158ce196281445bc064996084fbd28d36e6,908482746b289fab51b55d54632d39b83411eb86456adca6e72811605a268086
7_5_X1800_Y1700_S050_2019_04_16_x448_y384_64x64_14,test,author_grid_component:7_5_X1800_Y1700_S050,7_5_X1800_Y1700_S050,2019-04-16,2dedab756afbf82f8debf9b790b00b78057cb98fac1f875b6c207b1a7c7d893f,9a521e58eaa1730e3d84c56317d4faa4491c2ef6bf5afe0e923c63f08317fec6
7_5_X1800_Y1700_S050_2019_04_16_x704_y320_64x64_28,test,author_grid_component:7_5_X1800_Y1700_S050,7_5_X1800_Y1700_S050,2019-04-16,c34bc07ca2774b1664994abe6043cc54a7f567b24da53268b7f56bb3429f2efd,dc8d03bbce799a8f5cd91885c12309a4a6a4b9e28bc76e8686144d00de1397d4
7_5_X1800_Y1700_S050_2019_12_07_x128_y512_64x64_8,test,author_grid_component:7_5_X1800_Y1700_S050,7_5_X1800_Y1700_S050,2019-12-07,894b884d7c761a643347278a503775e889007f40bdb4813da97c3c1254cf923b,06a9c033c64aca2820e3d6ba5f74dc3c188c14cead16e3fb236d27ba4baeeeed
7_5_X1800_Y1700_S050_2019_12_07_x640_y448_64x64_28,test,author_grid_component:7_5_X1800_Y1700_S050,7_5_X1800_Y1700_S050,2019-12-07,02295f5c851251a5bd9fd6a4c8ce6f58d5b579240e5bbf3b360d4c51b96056f5,8ef837e9a946b8f2cfd1c8d64adf68f4c033505bd8b618711ecfcd94f038b746
7_5_X1800_Y1700_S050_2019_12_07_x64_y512_64x64_6,test,author_grid_component:7_5_X1800_Y1700_S050,7_5_X1800_Y1700_S050,2019-12-07,bd9ee0d8ce4fdc08d4825dc5e17370fb303bda27f97b163f3b9d931cf0a106ca,a158f2093b40eb918a8ea102de5e065dcd2160d2d1ae9812d4e2a4d6892bd8da
7_5_X1800_Y1700_S050_2019_12_07_x704_y448_64x64_32,test,author_grid_component:7_5_X1800_Y1700_S050,7_5_X1800_Y1700_S050,2019-12-07,cbfc0e27d6b848f8897d7e1acfa93dce5b4d1ba37de320af96ac73ee47c628f7,ffd68fd618229e556ad0323505bd5f94ec7603634a8d0fc2ef663f983fac4d89
7_5_X1800_Y1700_S050_2020_01_01_x576_y384_64x64_23,test,author_grid_component:7_5_X1800_Y1700_S050,7_5_X1800_Y1700_S050,2020-01-01,44b5005bb11b1e1a8b7300a58ad47e9bacd578627b9d537556060d1d9b4613c5,89bba48037c4a0a4ba94ccd9af197620a24838fe0c064e53fffb3eb5273c9aea
7_5_X1800_Y1700_S050_2020_01_01_x64_y320_64x64_4,test,author_grid_component:7_5_X1800_Y1700_S050,7_5_X1800_Y1700_S050,2020-01-01,39d334a0ea341793849f3bade82ca9fca698c133252ea9b537f1a06d06c7c309,7de63850f83875ee34832e6b0b041fd0cad3d89c2bafb1fc8f27e4da75646106
7_5_X1800_Y1700_S050_2020_01_16_x192_y448_64x64_11,test,author_grid_component:7_5_X1800_Y1700_S050,7_5_X1800_Y1700_S050,2020-01-16,db71005f49c58d1643a84bb0b563cd4ac1e8456cd425a2e4d58b9b0b6bc72365,bccd3c034c99ded3ac6c463a70aee0703b8698b91d62e5b0d66e9dbc57b1a9f4
7_5_X1800_Y1700_S050_2020_01_16_x448_y512_64x64_20,test,author_grid_component:7_5_X1800_Y1700_S050,7_5_X1800_Y1700_S050,2020-01-16,483c7afe510069be8564e03ce10d776b0c0ce5327d134e796806f4d75df5fcd5,d356e1ef03ed4f0b3d1ceb07b0d31b44cc2e04aa0ea8c1b0e292afff24ad19e7
7_5_X1800_Y1700_S050_2020_01_16_x64_y320_64x64_5,test,author_grid_component:7_5_X1800_Y1700_S050,7_5_X1800_Y1700_S050,2020-01-16,e9f20bfc21f5dfda61efc252f3cb2bab3aa1f679e6e344cc466ffb5b3f2320ec,223e109d35062bfb1543dc81f10cb3a7ccfab255960ccfaeedccf4b18f66afd1
7_5_X1800_Y1700_S050_2020_01_16_x64_y384_64x64_6,test,author_grid_component:7_5_X1800_Y1700_S050,7_5_X1800_Y1700_S050,2020-01-16,41ecef9e4d22a3f05d7f98da68c96524aa25c6d821f26748946b3fa4bf8573cc,f8a9607fac4dfcfa8931b3967636cfab3ba118b0c6417a575bb2cb962db849ad
7_5_X1800_Y1700_S050_2020_03_26_x576_y512_64x64_24,test,author_grid_component:7_5_X1800_Y1700_S050,7_5_X1800_Y1700_S050,2020-03-26,ce8acb890df6a9c6630aea0d33611e10381257e1e2ececfec357f4d96d7a4693,cc3ba32ef5ff16ec19abcafddc6e8fecdda5e16396f5bdde9e5459030a27f64b
7_5_X1800_Y1700_S050_2020_03_26_x640_y512_64x64_28,test,author_grid_component:7_5_X1800_Y1700_S050,7_5_X1800_Y1700_S050,2020-03-26,2f77bd3ab68293eef7cb72066ed3cac6e054ae8eb55e1ec875b3f0fc349b8968,0634ba559dd5678d5827012c0844fc92c2807056bab1b919294cb5a3de648843
7_5_X1800_Y1700_S050_2020_11_26_x0_y512_64x64_1,test,author_grid_component:7_5_X1800_Y1700_S050,7_5_X1800_Y1700_S050,2020-11-26,f92b661cda3d5386fdb102a96ffaf88014e38db60086be0ea0b8593fb4c574c1,401940ac97d034795913960f214c658a88f9cf71f548386145410f834b1334f3
7_5_X1800_Y1700_S050_2020_11_26_x320_y448_64x64_10,test,author_grid_component:7_5_X1800_Y1700_S050,7_5_X1800_Y1700_S050,2020-11-26,0c9abcede79b9caf474bcb9586b4109ab0512303ba9f9daf2abc242844bb28d3,27936f949485f8259eab518482f0da503c1b4c084843d55bc8d0a20552ea807f
7_5_X1800_Y1700_S050_2020_11_26_x512_y512_64x64_18,test,author_grid_component:7_5_X1800_Y1700_S050,7_5_X1800_Y1700_S050,2020-11-26,ef44498cf51a3bb4da2ab04eb895bbad2622d5c6686e3ffe7ce3a9347c0efda3,6745ba5024418ed7be73da55f4bf246a668044cd63d092445481fd0eab092d69
7_5_X1800_Y1700_S050_2020_11_26_x640_y320_64x64_23,test,author_grid_component:7_5_X1800_Y1700_S050,7_5_X1800_Y1700_S050,2020-11-26,1f3f96f13d4fcd74e6469d7365988582f90e0cb8aed2c5fc3812877b84446923,bf86009b68226a9f64caa468f8c9e8a38f40382b5d56665ce749348a2c938a6b
7_5_X1800_Y1700_S050_2020_12_01_x256_y512_64x64_12,test,author_grid_component:7_5_X1800_Y1700_S050,7_5_X1800_Y1700_S050,2020-12-01,2b469f64760f790985e22b6adcffbf082283c740a786178cfad74f9549f7fd65,05d3a425e1e8765c2d67dfc3879aa9aabb73b09774404484518524dbd880e8d4
7_5_X1800_Y1700_S050_2020_12_01_x448_y448_64x64_17,test,author_grid_component:7_5_X1800_Y1700_S050,7_5_X1800_Y1700_S050,2020-12-01,d4a1ae31b867231e6271b282a412e1df4ba5e5d6c466bfc1fcd7665781f5bda1,d9eb8e428e81934a4f7078be86e0b01d26d73a84524264b6b5d1b46107d2e964
7_5_X1800_Y1700_S050_2020_12_01_x704_y512_64x64_33,test,author_grid_component:7_5_X1800_Y1700_S050,7_5_X1800_Y1700_S050,2020-12-01,585e76e46310c3c09f2a5991a457d506effbfa18daeb731dbc6ff3fe7a4627ad,b81bcb77a1c6e5deb2b5b9d3a379306504858ffb5ef783601721435514823822
