model_a,model_b,prediction_agreement,error_jaccard,high_miss_jaccard
baseline_NDCI,baseline_NDVI,0.7703489253695828,0.4021073624307708,0.9996822707053591
baseline_NDCI,baseline_FAI,0.2590823941641258,0.11517410106347303,0.3230479923720733
baseline_NDCI,baseline_B8AB4,0.7256747204654516,0.3848786745312425,0.9988876824068434
baseline_NDCI,baseline_B3B2,0.8058713336241627,0.45896692794038185,0.9996822707053591
baseline_NDCI,baseline_LogisticRegression,0.8449933396942558,0.43875213387937056,0.44400021181952976
baseline_NDCI,baseline_RandomForest,0.8685715218856946,0.5677808804204993,0.9990732895572971
baseline_NDCI,baseline_SmallSegCNN,0.008500929643376204,0.10545420481955926,0.01136213152528008
baseline_NDCI,baseline_DeepLabV3_ResNet18,0.6086492993265042,0.2467288044452411,0.6459249060001059
baseline_NDCI,lr_weighted,0.7648597136651745,0.34285060563409575,0.460454894484603
baseline_NDCI,lr_balanced,0.7568720124854488,0.33045580582152956,0.42746312918685625
baseline_NDCI,rf_weighted,0.8611180448794963,0.5514381922187512,0.9996822707053591
baseline_NDCI,rf_balanced,0.8604135221703032,0.5560439020797014,0.9996822707053591
baseline_NDCI,small_weighted,0.010857114862863022,0.10794041760125121,0.0431443176099796
baseline_NDCI,small_focal,0.010033616464369115,0.10545431509597314,0.008157427761739545
baseline_NDCI,deep_weighted,0.597591558791487,0.19674545356693787,0.4770770982864105
baseline_NDCI,deep_focal,0.6099440347688956,0.2501032215717205,0.6545040512630408
baseline_NDCI,ablation_rgb,0.5820267392029562,0.22066083208341222,0.6331859227285968
baseline_NDCI,ablation_visible_rededge_nir,0.6392727086098741,0.22496985263026012,0.5081702375592574
baseline_NDCI,ablation_compact_hab,0.6245617145563257,0.24394932975165257,0.6536821756746021
baseline_NDVI,baseline_FAI,0.24751142516545785,0.20979175591084334,0.32294535056132173
baseline_NDVI,baseline_B8AB4,0.8587828553698861,0.712739104948979,0.9987290828214361
baseline_NDVI,baseline_B3B2,0.6614021868198264,0.31626504517929205,1.0
baseline_NDVI,baseline_LogisticRegression,0.6617567810310759,0.20941226079574773,0.4443179411141707
baseline_NDVI,baseline_RandomForest,0.6784437046696792,0.29731324723499997,0.9993910188519382
baseline_NDVI,baseline_SmallSegCNN,0.006706962877252081,0.23535902024906064,0.01138529972463461
baseline_NDVI,baseline_DeepLabV3_ResNet18,0.5832258275225762,0.325210156544486,0.6461554755348443
baseline_NDVI,lr_weighted,0.6000830496968452,0.2033879464501474,0.4607339546706206
baseline_NDVI,lr_balanced,0.5944655308765242,0.20010267827155045,0.4277430629104003
baseline_NDVI,rf_weighted,0.6894431237883726,0.31504350191771174,1.0
baseline_NDVI,rf_balanced,0.6855635831745047,0.31205328743030347,1.0
baseline_NDVI,small_weighted,0.010427869238718888,0.23840843908748383,0.043158229188731204
baseline_NDVI,small_focal,0.007887388343648449,0.2354687386332436,0.008181529337004872
baseline_NDVI,deep_weighted,0.5819240935102261,0.28566100823045265,0.47696462613852997
baseline_NDVI,deep_focal,0.5818261135308018,0.32607083551329585,0.6547341664901504
baseline_NDVI,ablation_rgb,0.558520875567759,0.2981187482016824,0.6332874391018852
baseline_NDVI,ablation_visible_rededge_nir,0.611665682978778,0.29986058625497025,0.5081285744545647
baseline_NDVI,ablation_compact_hab,0.5975845602215281,0.31856673693352994,0.6537809786062275
baseline_FAI,baseline_B8AB4,0.1797676008202324,0.19503705007762112,0.323356309650053
baseline_FAI,baseline_B3B2,0.24941736905092393,0.17257185434575634,0.32294535056132173
baseline_FAI,baseline_LogisticRegression,0.2960161806937449,0.1298547084347676,0.1142813196954549
baseline_FAI,baseline_RandomForest,0.263218549009819,0.1558051097207109,0.3223363694132599
baseline_FAI,baseline_SmallSegCNN,0.25986156828621354,0.7129127367285347,0.008949260886935676
baseline_FAI,baseline_DeepLabV3_ResNet18,0.13539900013763853,0.1734385997598642,0.25785277338648704
baseline_FAI,lr_weighted,0.3300548921170441,0.20400725927272406,0.07196407229002934
baseline_FAI,lr_balanced,0.33220345309441773,0.2073202553059244,0.07166616268521318
baseline_FAI,rf_weighted,0.2963544449084237,0.18508142130918614,0.32294535056132173
baseline_FAI,rf_balanced,0.2931537655805664,0.18088732251374204,0.32294535056132173
baseline_FAI,small_weighted,0.25379380813187175,0.7081895804974632,0.02149822695035461
baseline_FAI,small_focal,0.2624463734576901,0.7147851612629921,0.006924315619967794
baseline_FAI,deep_weighted,0.1714253054292573,0.19824723989605966,0.21066762843632283
baseline_FAI,deep_focal,0.13244327075834172,0.169239184844591,0.25873529913073123
baseline_FAI,ablation_rgb,0.14320707135508645,0.20442940665285156,0.23613773274917854
baseline_FAI,ablation_visible_rededge_nir,0.20043437790878063,0.18773553397343348,0.27143840887916715
baseline_FAI,ablation_compact_hab,0.15371892343331178,0.17876763640903984,0.2665751072961373
baseline_B8AB4,baseline_B3B2,0.6707872691346735,0.38064372829335275,0.9987290828214361
baseline_B8AB4,baseline_LogisticRegression,0.6485271509521554,0.23665404266155204,0.44304702393560685
baseline_B8AB4,baseline_RandomForest,0.6509883147210254,0.31126085133794823,0.9981201016733743
baseline_B8AB4,baseline_SmallSegCNN,0.009487728007577119,0.2591474482232064,0.011399787910922587
baseline_B8AB4,baseline_DeepLabV3_ResNet18,0.656241907903485,0.43464921446076105,0.6448845583562804
baseline_B8AB4,lr_weighted,0.5901824060616947,0.23773673180023583,0.45946303749205675
baseline_B8AB4,lr_balanced,0.5843455987159957,0.2342457637160801,0.42647214573183645
baseline_B8AB4,rf_weighted,0.6526563072278898,0.3154082573506813,0.9987290828214361
baseline_B8AB4,rf_balanced,0.6504424262642333,0.3143932189798656,0.9987290828214361
baseline_B8AB4,small_weighted,0.012711735901964031,0.2618445396847701,0.043213149522799574
baseline_B8AB4,small_focal,0.01058650349111998,0.2593433768720188,0.008191940615058324
baseline_B8AB4,deep_weighted,0.6118313158011379,0.3627940284868242,0.4775715800636267
baseline_B8AB4,deep_focal,0.6565848378314698,0.4370094864370619,0.6534632493115865
baseline_B8AB4,ablation_rgb,0.617831423112544,0.3875606671305596,0.6321893867175087
baseline_B8AB4,ablation_visible_rededge_nir,0.6175561460274951,0.36405599044109965,0.5084552586938084
baseline_B8AB4,ablation_compact_hab,0.6506337205097759,0.4090851782153714,0.6529477196885428
baseline_B3B2,baseline_LogisticRegression,0.7047863219948723,0.26125184456468276,0.4443179411141707
baseline_B3B2,baseline_RandomForest,0.7583230493235882,0.4196236837142527,0.9993910188519382
baseline_B3B2,baseline_SmallSegCNN,0.004677377589179277,0.20473032776521166,0.01138529972463461
baseline_B3B2,baseline_DeepLabV3_ResNet18,0.6344833539013528,0.3528287795462702,0.6461554755348443
baseline_B3B2,lr_weighted,0.6296636720563431,0.22720942076434578,0.4607339546706206
baseline_B3B2,lr_balanced,0.6227864106434252,0.22068000473297286,0.4277430629104003
baseline_B3B2,rf_weighted,0.7409689286822393,0.38873800255549285,1.0
baseline_B3B2,rf_balanced,0.7506829437851532,0.4038048332971198,1.0
baseline_B3B2,small_weighted,0.00612374871401277,0.20669385768473864,0.043158229188731204
baseline_B3B2,small_focal,0.006366365805920323,0.2049838945415047,0.008181529337004872
baseline_B3B2,deep_weighted,0.6089455721214299,0.3022254681376107,0.47696462613852997
baseline_B3B2,deep_focal,0.6362703220975181,0.3578971992221957,0.6547341664901504
baseline_B3B2,ablation_rgb,0.607688162385486,0.32948429174921073,0.6332874391018852
baseline_B3B2,ablation_visible_rededge_nir,0.6062487898306113,0.305668893642283,0.5081285744545647
baseline_B3B2,ablation_compact_hab,0.6384002202216681,0.349191131254146,0.6537809786062275
baseline_LogisticRegression,baseline_RandomForest,0.7798203233805893,0.3459020498694237,0.4445886872433435
baseline_LogisticRegression,baseline_SmallSegCNN,0.08486465932127868,0.15554072589283735,0.02190951193444959
baseline_LogisticRegression,baseline_DeepLabV3_ResNet18,0.609153196363543,0.2287018148934828,0.34701553556827475
baseline_LogisticRegression,lr_weighted,0.8638498200201092,0.555368156893419,0.6157118547929665
baseline_LogisticRegression,lr_balanced,0.8574437956510886,0.5425429365551147,0.5795127565701131
baseline_LogisticRegression,rf_weighted,0.7779983623346296,0.34414792304235237,0.4443179411141707
baseline_LogisticRegression,rf_balanced,0.7768739254279042,0.3436520516700975,0.4443179411141707
baseline_LogisticRegression,small_weighted,0.08594010623829197,0.15742791063871667,0.07995072735804787
baseline_LogisticRegression,small_focal,0.08648366183843101,0.15554524842782036,0.015569289279771808
baseline_LogisticRegression,deep_weighted,0.5940152895425035,0.1890574907066853,0.3531013027415905
baseline_LogisticRegression,deep_focal,0.6092465106296613,0.22931338723695646,0.3465581003049374
baseline_LogisticRegression,ablation_rgb,0.5792179797927957,0.20931216416640328,0.39122854994188827
baseline_LogisticRegression,ablation_visible_rededge_nir,0.6213913623649567,0.19833070621979895,0.3462071030275813
baseline_LogisticRegression,ablation_compact_hab,0.6127714570322798,0.2186801595755791,0.4045312923327012
baseline_RandomForest,baseline_SmallSegCNN,0.011615293275074127,0.16411725201414287,0.011392237382434759
baseline_RandomForest,baseline_DeepLabV3_ResNet18,0.5812289022276448,0.29535979743930846,0.6455464943867825
baseline_RandomForest,lr_weighted,0.7366788052974509,0.3415391208522101,0.46101470393429594
baseline_RandomForest,lr_balanced,0.7266218602665522,0.32766519186488086,0.42800370910054314
baseline_RandomForest,rf_weighted,0.923284008967501,0.7573019490789933,0.9993910188519382
baseline_RandomForest,rf_balanced,0.9256705213234763,0.7659086440789042,0.9993910188519382
baseline_RandomForest,small_weighted,0.018107633340254142,0.16746502219475193,0.043184527752020134
baseline_RandomForest,small_focal,0.00805535402266137,0.1627631452634438,0.008186514770168234
baseline_RandomForest,deep_weighted,0.5866131353826701,0.2492217025863066,0.47725526559809245
baseline_RandomForest,deep_focal,0.5818121163908841,0.3015861169985174,0.6541251853420885
baseline_RandomForest,ablation_rgb,0.5796542239868987,0.2732995222615101,0.6332838904486942
baseline_RandomForest,ablation_visible_rededge_nir,0.6192754613807245,0.2716050589839988,0.5083982408732051
baseline_RandomForest,ablation_compact_hab,0.6084603379376148,0.2940801123828933,0.6534346697738467
baseline_SmallSegCNN,baseline_DeepLabV3_ResNet18,0.1288156786629932,0.3071439058615121,0.0076688983566646374
baseline_SmallSegCNN,lr_weighted,0.11061706391327372,0.22953998608923046,0.013758599124452783
baseline_SmallSegCNN,lr_balanced,0.11745933247639732,0.23595633022004975,0.014062977682665852
baseline_SmallSegCNN,rf_weighted,0.009821326508950004,0.16506465391141537,0.01138529972463461
baseline_SmallSegCNN,rf_balanced,0.008972166687273566,0.16315801798426377,0.01138529972463461
baseline_SmallSegCNN,small_weighted,0.9875798711796556,0.9913228005035738,0.25304136253041365
baseline_SmallSegCNN,small_focal,0.9930947443072465,0.9968856230294441,0.7186046511627907
baseline_SmallSegCNN,deep_weighted,0.17757704842310554,0.3491814835121798,0.008750820389411508
baseline_SmallSegCNN,deep_focal,0.1307962739613539,0.3052244279582046,0.007690459024273011
baseline_SmallSegCNN,ablation_rgb,0.13988041776796942,0.3466176988673381,0.00899258215573329
baseline_SmallSegCNN,ablation_visible_rededge_nir,0.18086870916042821,0.32179837843118103,0.014424568296970324
baseline_SmallSegCNN,ablation_compact_hab,0.1333880777027894,0.3074256698326593,0.008956182979236114
baseline_DeepLabV3_ResNet18,lr_weighted,0.5457904768125713,0.2406838920732822,0.4301597618966166
baseline_DeepLabV3_ResNet18,lr_balanced,0.5466303052076359,0.24491219854834934,0.4142403849506608
baseline_DeepLabV3_ResNet18,rf_weighted,0.5449179884243653,0.23547230610504694,0.6461554755348443
baseline_DeepLabV3_ResNet18,rf_balanced,0.5576250586130234,0.24463613401324882,0.6461554755348443
baseline_DeepLabV3_ResNet18,small_weighted,0.12385835827545905,0.3085315862234778,0.03568444921828381
baseline_DeepLabV3_ResNet18,small_focal,0.13214466510676318,0.3051742191731359,0.0049611646537351065
baseline_DeepLabV3_ResNet18,deep_weighted,0.7691358399100451,0.6832262365017998,0.37935744016649325
baseline_DeepLabV3_ResNet18,deep_focal,0.9721876829834437,0.9565577372574245,0.9213201939621462
baseline_DeepLabV3_ResNet18,ablation_rgb,0.8298391028766455,0.7648265899116807,0.6312324882692503
baseline_DeepLabV3_ResNet18,ablation_visible_rededge_nir,0.7215175699098817,0.6445402020593267,0.3543867279731577
baseline_DeepLabV3_ResNet18,ablation_compact_hab,0.8581996412066468,0.7972188746797084,0.6145220165082705
lr_weighted,lr_balanced,0.9869546655966631,0.9554109973348296,0.9269553233030895
lr_weighted,rf_weighted,0.7511471822590917,0.3671484642701389,0.4607339546706206
lr_weighted,rf_balanced,0.7452077292206626,0.3601497483430508,0.4607339546706206
lr_weighted,small_weighted,0.11088067671505789,0.230571772841833,0.06371918841875804
lr_weighted,small_focal,0.1124296935326215,0.23000475358920616,0.009174311926605505
lr_weighted,deep_weighted,0.5358851674641149,0.20820472852391939,0.38199484898150315
lr_weighted,deep_focal,0.5440151728996708,0.23894584918745665,0.4304777426912499
lr_weighted,ablation_rgb,0.5178171926869609,0.22571089268576988,0.4517251071604244
lr_weighted,ablation_visible_rededge_nir,0.5615955806363566,0.202262863519329,0.3140374187524688
lr_weighted,ablation_compact_hab,0.5510394042817252,0.2269156345851334,0.42254139912132477
lr_balanced,rf_weighted,0.7416267942583732,0.35269009757084774,0.4277430629104003
lr_balanced,rf_balanced,0.7355986926671317,0.3455391462674489,0.4277430629104003
lr_balanced,small_weighted,0.1174826610429269,0.23681717169977087,0.06599136897626469
lr_balanced,small_focal,0.11935127922194565,0.23648207986244923,0.0093801728894611
lr_balanced,deep_weighted,0.5358968317473796,0.21190995430477344,0.36327002872646025
lr_balanced,deep_focal,0.5446427113393163,0.24286068685317894,0.4128278674361544
lr_balanced,ablation_rgb,0.5182067797480048,0.22963352160777617,0.43497099477189716
lr_balanced,ablation_visible_rededge_nir,0.5616702320492513,0.20577086435089192,0.30039365733416723
lr_balanced,ablation_compact_hab,0.550883102885977,0.22995043772291446,0.4030983786754603
rf_weighted,rf_balanced,0.9480122894888477,0.8332837962923648,1.0
rf_weighted,small_weighted,0.016388317987024652,0.168826818521477,0.043158229188731204
rf_weighted,small_focal,0.007287844183838436,0.16380626727247177,0.008181529337004872
rf_weighted,deep_weighted,0.549026148990223,0.19801576575578586,0.47696462613852997
rf_weighted,deep_focal,0.5452329240725146,0.23934778391320188,0.6547341664901504
rf_weighted,ablation_rgb,0.5353112847274873,0.2171547988567565,0.6332874391018852
rf_weighted,ablation_visible_rededge_nir,0.5809792865657784,0.217322812561353,0.5081285744545647
rf_weighted,ablation_compact_hab,0.5693056718743803,0.235119370399536,0.6537809786062275
rf_balanced,small_weighted,0.01313631581280225,0.16609519259144756,0.043158229188731204
rf_balanced,small_focal,0.008633902472594766,0.16284861959305436,0.008181529337004872
rf_balanced,deep_weighted,0.5530853195663686,0.20228331093480018,0.47696462613852997
rf_balanced,deep_focal,0.5578606771349721,0.24869307954501935,0.6547341664901504
rf_balanced,ablation_rgb,0.5448130098749822,0.2249408925775272,0.6332874391018852
rf_balanced,ablation_visible_rededge_nir,0.5830555289869104,0.22076815530689964,0.5081285744545647
rf_balanced,ablation_compact_hab,0.5780748800328466,0.24306614563476936,0.6537809786062275
small_weighted,small_focal,0.9812998210698948,0.9883520573437177,0.18665850673194614
small_weighted,deep_weighted,0.18183451181475252,0.3516367889670293,0.03826638477801268
small_weighted,deep_focal,0.12521608084748018,0.306644373818395,0.03592202483886182
small_weighted,ablation_rgb,0.14473975817607934,0.3489673538109734,0.038409950006096816
small_weighted,ablation_visible_rededge_nir,0.1858073666947387,0.3253272281691104,0.04759748427672956
small_weighted,ablation_compact_hab,0.13489510310059977,0.31034964563268175,0.03973771527887502
small_focal,deep_weighted,0.17416874485313502,0.3468931725177687,0.005708326472364016
small_focal,deep_focal,0.13466181743530406,0.30323429390515494,0.004896648605257877
small_focal,ablation_rgb,0.13513772019250733,0.34441074492033963,0.006230012044689953
small_focal,ablation_visible_rededge_nir,0.17774268124546552,0.31934400132820934,0.010258004351880633
small_focal,ablation_compact_hab,0.1323289607823468,0.3052311857482826,0.006238428720920872
deep_weighted,deep_focal,0.7645307808771075,0.6775480672036432,0.3759335565284574
deep_weighted,ablation_rgb,0.8577610641558908,0.7923347969859598,0.5667899712289355
deep_weighted,ablation_visible_rededge_nir,0.8889956818823354,0.8526232518050169,0.66816123391472
deep_weighted,ablation_compact_hab,0.8547936704933292,0.7791331430054503,0.6301244369799222
deep_focal,ablation_rgb,0.8273872705343874,0.7641583301849084,0.6239150754439845
deep_focal,ablation_visible_rededge_nir,0.7172577736615818,0.6404179312938143,0.35715830783968355
deep_focal,ablation_compact_hab,0.8532633165289892,0.7894239683733623,0.6025682599390363
ablation_rgb,ablation_visible_rededge_nir,0.7993836592722887,0.7370687553829404,0.49986083083988586
ablation_rgb,ablation_compact_hab,0.8848222013301948,0.8309409344562265,0.787921141680153
ablation_visible_rededge_nir,ablation_compact_hab,0.8203513748690684,0.7472450766114729,0.596325936704256
