experiment_id,partition,macro_f1,high_precision,high_recall,high_f1,moderate_f1,low_f1
baseline_NDCI,validation,0.5751118579258218,,0.0,0.0,0.7708879879163686,0.9544475858610969
baseline_NDCI,test,0.5184960249980755,0.008141112618724558,0.0003177292946409659,0.0006115896233627236,0.6334625791514408,0.9214139062194228
baseline_NDVI,validation,0.4575840473570667,,0.0,0.0,0.5031566174179689,0.8695955246532312
baseline_NDVI,test,0.41412374934351975,0.0,0.0,0.0,0.4172404757711522,0.8251307722594071
baseline_FAI,validation,0.10068242788044131,0.01721357063403782,0.664876476906552,0.03355832045756418,0.24854287153955493,0.019946091644204852
baseline_FAI,test,0.30885917508208627,0.2291944895087345,0.6770546494386782,0.3424603413755466,0.29399561141033315,0.290121572460379
baseline_B8AB4,validation,0.34893295301265637,,0.0,0.0,0.2455027158115044,0.8012961432264646
baseline_B8AB4,test,0.36525609759596156,0.03905614320585842,0.0012709171785638637,0.0024617278252173245,0.2895195142737662,0.8037870506889013
baseline_B3B2,validation,0.3108776469842297,0.0,0.0,0.0,0.13721375450997716,0.7954191864427119
baseline_B3B2,test,0.4212321833325854,0.0,0.0,0.0,0.4177614110663894,0.8459351389313668
baseline_LogisticRegression,validation,0.5437002980174629,,0.0,0.0,0.7049286965223918,0.9261721975299967
baseline_LogisticRegression,test,0.6983118192371219,0.6071221939365887,0.5556820588858292,0.5802643220526432,0.6028552688216123,0.9118158668371101
baseline_RandomForest,validation,0.44003426536185675,,0.0,0.0,0.5021611707517283,0.8179416253338421
baseline_RandomForest,test,0.4794160815417758,0.696969696969697,0.0006089811480618513,0.0012168990238353482,0.5641144772484973,0.8729168683529949
baseline_SmallSegCNN,validation,0.017484746750360804,0.006202320101250953,0.9527389903329753,0.012324408442289256,0.040129831808793155,0.0
baseline_SmallSegCNN,test,0.06324980821921118,0.08866882769921276,0.9886147002753654,0.16274138468344582,0.020100396746050957,0.006907643228136782
baseline_DeepLabV3_ResNet18,validation,0.33432017225039096,0.03766629267510819,0.5048335123523093,0.07010217018420464,0.0480633305060786,0.8847950160608896
baseline_DeepLabV3_ResNet18,test,0.3627458068112422,0.21829824074225324,0.3538445244651557,0.27001525452837244,0.02857200265225341,0.7896501632531008
lr_weighted,validation,0.4154314262808035,0.14285714285714285,0.015037593984962405,0.027210884353741496,0.4839581667054762,0.7351252277831928
lr_weighted,test,0.6214490095949551,0.44671331125392055,0.5392660453293794,0.4886457696044913,0.5054631916881771,0.8702380674921968
lr_balanced,validation,0.42185215695915496,0.11587982832618025,0.02900107411385607,0.04639175257731959,0.4827207676044885,0.7364439506956568
lr_balanced,test,0.6216078862911935,0.44439189883828517,0.5722569370895997,0.5002835549691562,0.49619196075402455,0.8683481431503998
rf_weighted,validation,0.38041183064460293,,0.0,0.0,0.44879793134606694,0.692437560587742
rf_weighted,test,0.48404883001850657,0.0,0.0,0.0,0.5819236766905985,0.870222813364921
rf_balanced,validation,0.3853819413444594,,0.0,0.0,0.4423664006004239,0.7137794234329542
rf_balanced,test,0.48418812747718504,0.0,0.0,0.0,0.5815249373977768,0.8710394450337782
small_weighted,validation,0.019399069289864696,0.005960468992953899,0.9140708915145005,0.011843707595421176,0.04635350027417291,0.0
small_weighted,test,0.06652486311651377,0.08661596611867571,0.9568417708112688,0.15885219203101614,0.040722397318525186,0.0
small_focal,validation,0.016606847148869012,0.006315936561168169,0.9709989258861439,0.012550239134810948,0.03727030231179609,0.0
small_focal,test,0.06422631122188498,0.08855199672826387,0.9918184706629951,0.16258775784802024,0.01711960943856794,0.012971566379066757
deep_weighted,validation,0.36758014767329444,0.033829618535811824,0.41245972073039744,0.0625305324865657,0.1895112925864489,0.8506986179468687
deep_weighted,test,0.4407120809305911,0.26546080038702397,0.52303537386147,0.35217771121926866,0.19081488331610727,0.7791436482563973
deep_focal,validation,0.33297496305443103,0.03564623690060337,0.4822771213748657,0.06638574702446957,0.04853240337111305,0.8840067387677105
deep_focal,test,0.3583103595048949,0.20852656155051652,0.34526583350984963,0.2600147554385755,0.024460654974390813,0.7904556681017186
ablation_rgb,validation,0.3707267937288769,0.037975885312826356,0.4296455424274973,0.06978367062107467,0.1796739900779589,0.8627227204875971
ablation_rgb,test,0.3895525399325626,0.24501132182281346,0.3667125608981148,0.2937558326970391,0.11624101238827964,0.7586607747123691
ablation_visible_rededge_nir,validation,0.37367667748704725,0.024241819632881086,0.26100966702470463,0.04436330442720219,0.20002639567110994,0.8766403323628295
ablation_visible_rededge_nir,test,0.47060996535435623,0.24589990337141118,0.4918714255454353,0.3278824515730486,0.27130509409673265,0.8126423503932874
ablation_compact_hab,validation,0.37891023828422127,0.035464922974620415,0.34371643394199786,0.06429576049829214,0.1923951171600954,0.8800398371942763
ablation_compact_hab,test,0.40954098759778573,0.2267815952409858,0.34621902139377253,0.2740524170308194,0.15990804310088672,0.794662502661651
