feature,rf_impurity_importance,Low_standardized_logit_coefficient,Moderate_standardized_logit_coefficient,High_standardized_logit_coefficient,high_minus_moderate_coefficient
B01,0.06348686591300538,0.30971757,-0.8028365,0.49322218,1.2960587
B02,0.05729178631799858,0.3957248,1.7358408,-2.1315637,-3.8674045
B03,0.07704112542280514,-2.1305454,-0.9797905,3.110477,4.0902677
B04,0.06763801184613334,4.062003,-2.647306,-1.4147241,1.2325819
B05,0.11207827356339575,-7.9895077,4.587012,3.4024723,-1.1845396
B06,0.02686115281173274,5.0543737,-5.0455923,-0.008754744,5.0368376
B07,0.02238004936855697,-0.9034732,1.1957268,-0.29217702,-1.4879038
B08,0.03306717436428184,-0.11884659,0.19010483,-0.07098349,-0.2610883
B8A,0.020327734852002368,1.8395227,-0.8426642,-0.99686706,-0.15420288
B09,0.029164507107201632,1.0209252,0.61009395,-1.6310022,-2.241096
B11,0.023470428081308378,-1.8070663,2.316188,-0.50916046,-2.8253486
B12,0.027637408197119368,0.30730492,-0.045099612,-0.2621983,-0.21709868
NDCI,0.2092371755383698,-1.0431063,-0.046186943,1.089134,1.1353209
NDVI,0.04027323290421001,0.050733298,-0.064666815,0.01419876,0.07886557
FAI,0.08926893884434996,-1.6287696,1.2891362,0.33966422,-0.94947195
B8AB4,0.03872665120810112,0.37314656,-0.2118419,-0.16140758,0.05043432
B3B2,0.06204948365942775,-0.14239378,-0.3124138,0.454897,0.7673108
NDCI_missing,0.0,-0.02202829,0.02152904,0.0004991165,-0.021029923
NDVI_missing,0.0,0.0,0.0,0.0,0.0
FAI_missing,0.0,0.0,0.0,0.0,0.0
B8AB4_missing,0.0,-0.02202829,0.02152904,0.0004991165,-0.021029923
B3B2_missing,0.0,0.0051923017,-0.008500455,0.0033091041,0.01180956
