experiment_id,omitted_region,remaining_regions,macro_f1,high_f1
baseline_NDCI,author_grid_component:6_2_X0500_Y1150_S050,2,0.49411613618366906,0.000732421875
baseline_NDCI,author_grid_component:6_2_X0650_Y0900_S050,2,0.5127681460280734,0.0006732495511669659
baseline_NDCI,author_grid_component:7_5_X1800_Y1700_S050,2,0.5338513549984706,0.0
baseline_NDVI,author_grid_component:6_2_X0500_Y1150_S050,2,0.43063421415536346,0.0
baseline_NDVI,author_grid_component:6_2_X0650_Y0900_S050,2,0.4219088066718663,0.0
baseline_NDVI,author_grid_component:7_5_X1800_Y1700_S050,2,0.3904406820817063,0.0
baseline_FAI,author_grid_component:6_2_X0500_Y1150_S050,2,0.2573552815041685,0.43748718004080794
baseline_FAI,author_grid_component:6_2_X0650_Y0900_S050,2,0.39925017569506255,0.379525742362743
baseline_FAI,author_grid_component:7_5_X1800_Y1700_S050,2,0.2625026871620302,0.19485508874410246
baseline_B8AB4,author_grid_component:6_2_X0500_Y1150_S050,2,0.3976505361980278,0.0029432504522181684
baseline_B8AB4,author_grid_component:6_2_X0650_Y0900_S050,2,0.35428815907845496,0.0027100271002710027
baseline_B8AB4,author_grid_component:7_5_X1800_Y1700_S050,2,0.34497677239689994,0.0
baseline_B3B2,author_grid_component:6_2_X0500_Y1150_S050,2,0.4066313857986945,0.0
baseline_B3B2,author_grid_component:6_2_X0650_Y0900_S050,2,0.42045858591695756,0.0
baseline_B3B2,author_grid_component:7_5_X1800_Y1700_S050,2,0.4229984431538933,0.0
baseline_LogisticRegression,author_grid_component:6_2_X0500_Y1150_S050,2,0.6387598019837645,0.5801351396331924
baseline_LogisticRegression,author_grid_component:6_2_X0650_Y0900_S050,2,0.6940476017973908,0.5935593069351031
baseline_LogisticRegression,author_grid_component:7_5_X1800_Y1700_S050,2,0.7155258313560049,0.5287529739453374
baseline_RandomForest,author_grid_component:6_2_X0500_Y1150_S050,2,0.46255313562327455,0.0014623601220752798
baseline_RandomForest,author_grid_component:6_2_X0650_Y0900_S050,2,0.48162201182357833,0.0013439289470608858
baseline_RandomForest,author_grid_component:7_5_X1800_Y1700_S050,2,0.47747567719345013,0.0
baseline_SmallSegCNN,author_grid_component:6_2_X0500_Y1150_S050,2,0.08732374640148594,0.21386316207033337
baseline_SmallSegCNN,author_grid_component:6_2_X0650_Y0900_S050,2,0.08142939171346324,0.22041658100748254
baseline_SmallSegCNN,author_grid_component:7_5_X1800_Y1700_S050,2,0.026782191401693634,0.06162912992339144
baseline_DeepLabV3_ResNet18,author_grid_component:6_2_X0500_Y1150_S050,2,0.4363069456931891,0.381714057211408
baseline_DeepLabV3_ResNet18,author_grid_component:6_2_X0650_Y0900_S050,2,0.3408847217469524,0.2909158095707335
baseline_DeepLabV3_ResNet18,author_grid_component:7_5_X1800_Y1700_S050,2,0.2894010748641926,0.06649846048580225
lr_weighted,author_grid_component:6_2_X0500_Y1150_S050,2,0.5978022836695417,0.5982314946959554
lr_weighted,author_grid_component:6_2_X0650_Y0900_S050,2,0.6176869007862371,0.5053937793977729
lr_weighted,author_grid_component:7_5_X1800_Y1700_S050,2,0.536595230663114,0.1282115033979778
lr_balanced,author_grid_component:6_2_X0500_Y1150_S050,2,0.5977384454524898,0.613720774692983
lr_balanced,author_grid_component:6_2_X0650_Y0900_S050,2,0.6149319736326926,0.5098162071846283
lr_balanced,author_grid_component:7_5_X1800_Y1700_S050,2,0.5461218384298252,0.1646287367405979
rf_weighted,author_grid_component:6_2_X0500_Y1150_S050,2,0.4594566220895097,0.0
rf_weighted,author_grid_component:6_2_X0650_Y0900_S050,2,0.4898726942789038,0.0
rf_weighted,author_grid_component:7_5_X1800_Y1700_S050,2,0.48379790692144803,0.0
rf_balanced,author_grid_component:6_2_X0500_Y1150_S050,2,0.45738234125893396,0.0
rf_balanced,author_grid_component:6_2_X0650_Y0900_S050,2,0.4902862244899495,0.0
rf_balanced,author_grid_component:7_5_X1800_Y1700_S050,2,0.4842609344853594,0.0
small_weighted,author_grid_component:6_2_X0500_Y1150_S050,2,0.0996813297119019,0.20797529116889366
small_weighted,author_grid_component:6_2_X0650_Y0900_S050,2,0.0870532281883038,0.21491394281307977
small_weighted,author_grid_component:7_5_X1800_Y1700_S050,2,0.024573628481710918,0.06154741346947969
small_focal,author_grid_component:6_2_X0500_Y1150_S050,2,0.0881504624693068,0.2139380439714557
small_focal,author_grid_component:6_2_X0650_Y0900_S050,2,0.08037350184316001,0.22034768814687677
small_focal,author_grid_component:7_5_X1800_Y1700_S050,2,0.028973195012958513,0.06133328380110333
deep_weighted,author_grid_component:6_2_X0500_Y1150_S050,2,0.5328877296477191,0.4137681071872999
deep_weighted,author_grid_component:6_2_X0650_Y0900_S050,2,0.416511149665026,0.37399537050834997
deep_weighted,author_grid_component:7_5_X1800_Y1700_S050,2,0.35214291888670785,0.1739873943421117
deep_focal,author_grid_component:6_2_X0500_Y1150_S050,2,0.43476346403460187,0.3697350326778854
deep_focal,author_grid_component:6_2_X0650_Y0900_S050,2,0.3359093464841048,0.28212905435154834
deep_focal,author_grid_component:7_5_X1800_Y1700_S050,2,0.2863920217242472,0.06235637538041115
ablation_rgb,author_grid_component:6_2_X0500_Y1150_S050,2,0.4611758925052034,0.36103573195021854
ablation_rgb,author_grid_component:6_2_X0650_Y0900_S050,2,0.3627911424358787,0.3185939357907253
ablation_rgb,author_grid_component:7_5_X1800_Y1700_S050,2,0.3112426153081298,0.08078913128990287
ablation_visible_rededge_nir,author_grid_component:6_2_X0500_Y1150_S050,2,0.5558301012931609,0.37275497216615455
ablation_visible_rededge_nir,author_grid_component:6_2_X0650_Y0900_S050,2,0.44357194970436914,0.342307256411049
ablation_visible_rededge_nir,author_grid_component:7_5_X1800_Y1700_S050,2,0.4121911092106821,0.23345176488761876
ablation_compact_hab,author_grid_component:6_2_X0500_Y1150_S050,2,0.502136292868611,0.35001951893336536
ablation_compact_hab,author_grid_component:6_2_X0650_Y0900_S050,2,0.38346138040705435,0.2899936034372473
ablation_compact_hab,author_grid_component:7_5_X1800_Y1700_S050,2,0.33767114974827256,0.11991786447638604
