model,benchmark,random_macro_f1,geographic_macro_f1,high_f1,worst_region_high_f1,ece,robustness_worst_delta_macro_f1
baseline_NDCI,v2_288_pairs,,0.5184960249980755,0.0006115896233627236,0.0,,
baseline_NDVI,v2_288_pairs,,0.41412374934351975,0.0,0.0,,
baseline_FAI,v2_288_pairs,,0.30885917508208627,0.3424603413755466,0.1872398956055583,,
baseline_B8AB4,v2_288_pairs,,0.36525609759596156,0.0024617278252173245,0.0,,
baseline_B3B2,v2_288_pairs,,0.4212321833325854,0.0,0.0,,
baseline_LogisticRegression,v2_288_pairs,,0.6983118192371219,0.5802643220526432,0.40056191049568535,0.07865499865036558,
baseline_RandomForest,v2_288_pairs,,0.4794160815417758,0.0012168990238353482,0.0,0.044151376265703306,
baseline_SmallSegCNN,v2_288_pairs,,0.06324980821921118,0.16274138468344582,0.046779865630904895,0.26896244536310826,
baseline_DeepLabV3_ResNet18,v2_288_pairs,,0.3627458068112422,0.27001525452837244,0.0,0.15787447447262698,
lr_weighted,v2_288_pairs,,0.6214490095949551,0.4886457696044913,0.004807067688709887,0.12014833345522477,
lr_balanced,v2_288_pairs,,0.6216078862911935,0.5002835549691562,0.006075635461872288,0.12416274326032772,
rf_weighted,v2_288_pairs,,0.48404883001850657,0.0,0.0,0.03300315568642401,
rf_balanced,v2_288_pairs,,0.48418812747718504,0.0,0.0,0.03140734712263454,
small_weighted,v2_288_pairs,,0.06652486311651377,0.15885219203101614,0.04657885011351037,0.27579517029002854,
small_focal,v2_288_pairs,,0.06422631122188498,0.16258775784802024,0.046567811273693624,0.26729396620770896,
deep_weighted,v2_288_pairs,,0.4407120809305911,0.35217771121926866,0.16158986375075934,0.113081790475455,-0.006445813635001907
deep_focal,v2_288_pairs,,0.3583103595048949,0.2600147554385755,0.0,0.24263026783800853,
ablation_rgb,v2_288_pairs,,0.3895525399325626,0.2937558326970391,0.03550720919493047,0.14281815198879694,
ablation_visible_rededge_nir,v2_288_pairs,,0.47060996535435623,0.3278824515730486,0.22965214454576158,0.0978816528544907,
ablation_compact_hab,v2_288_pairs,,0.40954098759778573,0.2740524170308194,0.09852558542931483,0.12680013689714556,
NDCI,matched_pilot_272_pairs,0.3762464944024125,0.41851939299739066,,,,
NDVI,matched_pilot_272_pairs,0.31410335505726367,0.2598539230194971,,,,
FAI,matched_pilot_272_pairs,0.32112473729439334,0.2781040838556549,,,,
B8AB4,matched_pilot_272_pairs,0.32071943732285907,0.2891306237516028,,,,
B3B2,matched_pilot_272_pairs,0.33021952824820205,0.4503301943666573,,,,
LogisticRegression,matched_pilot_272_pairs,0.3279139071063282,0.32656920930781436,,,0.046453688144895124,
RandomForest,matched_pilot_272_pairs,0.5165773567606818,0.37679907381155325,,,0.029614254621852066,
SmallSegCNN,matched_pilot_272_pairs,0.19794408733802674,0.26763015430111375,,,0.2536536300233481,
DeepLabV3_ResNet18,matched_pilot_272_pairs,0.3260857394153162,0.3221638958469616,,,0.2933761579203945,
