experiment_id,region,macro_f1,class,support,predicted,precision,recall,f1,tp,fp,fn,true_proportion,predicted_proportion
baseline_NDCI,author_grid_component:6_2_X0500_Y1150_S050,0.5270022187697246,Low,98685,108228,0.8236870310825295,0.9033389066220804,0.8616761634116754,89146,19082,9539,0.5954852101712507,0.6530695984842085
baseline_NDCI,author_grid_component:6_2_X0500_Y1150_S050,0.5270022187697246,Moderate,60692,57365,0.740190011330951,0.6996144467145587,0.7193304928974986,42461,14904,18231,0.3662277790516648,0.34615198947635195
baseline_NDCI,author_grid_component:6_2_X0500_Y1150_S050,0.5270022187697246,High,6345,129,0.0,0.0,0.0,0,129,6345,0.03828701077708452,0.0007784120394395433
baseline_NDCI,author_grid_component:6_2_X0650_Y0900_S050,0.5056496302329934,Low,138215,129874,0.9906139797034048,0.9308323987989726,0.9597932030034801,128655,1219,9560,0.9093929704051689,0.8545129156632848
baseline_NDCI,author_grid_component:6_2_X0650_Y0900_S050,0.5056496302329934,Moderate,10198,22091,0.40717939432348016,0.8820356932731909,0.5571556876955001,8995,13096,1203,0.06709828536838919,0.14534891371573697
baseline_NDCI,author_grid_component:6_2_X0650_Y0900_S050,0.5056496302329934,High,3573,21,0.0,0.0,0.0,0,21,3573,0.02350874422644191,0.000138170620978248
baseline_NDCI,author_grid_component:7_5_X1800_Y1700_S050,0.48445751466021086,Low,65484,62496,0.960013440860215,0.9162085394905626,0.9375996249413971,59997,2499,5487,0.5902064875485574,0.5632756802552478
baseline_NDCI,author_grid_component:7_5_X1800_Y1700_S050,0.48445751466021086,Moderate,17617,47131,0.35371623772039634,0.9463018675143328,0.5149502687341694,16671,30460,946,0.15878180458040037,0.424791124009698
baseline_NDCI,author_grid_component:7_5_X1800_Y1700_S050,0.48445751466021086,High,27850,1324,0.00906344410876133,0.0004308797127468582,0.0008226503050661548,12,1312,27838,0.25101170787104216,0.011933195735054213
baseline_NDVI,author_grid_component:6_2_X0500_Y1150_S050,0.3836691351995383,Low,98685,115648,0.6714080658550083,0.7868166388002229,0.7245454503039662,77647,38001,21038,0.5954852101712507,0.6978433762566225
baseline_NDVI,author_grid_component:6_2_X0500_Y1150_S050,0.3836691351995383,Moderate,60692,50033,0.4718885535546539,0.38901337902853755,0.4264619552946489,23610,26423,37082,0.3662277790516648,0.3019092214672765
baseline_NDVI,author_grid_component:6_2_X0500_Y1150_S050,0.3836691351995383,High,6345,41,0.0,0.0,0.0,0,41,6345,0.03828701077708452,0.00024740227610094015
baseline_NDVI,author_grid_component:6_2_X0650_Y0900_S050,0.37956494623387466,Low,138215,105791,0.9803480447297029,0.7503671815649532,0.8500774571117103,103712,2079,34503,0.9093929704051689,0.696057531614754
baseline_NDVI,author_grid_component:6_2_X0650_Y0900_S050,0.37956494623387466,Moderate,10198,46195,0.17616625175884837,0.7979996077662287,0.2886173815899136,8138,38057,2060,0.06709828536838919,0.303942468385246
baseline_NDVI,author_grid_component:6_2_X0650_Y0900_S050,0.37956494623387466,High,3573,0,,0.0,0.0,0,0,3573,0.02350874422644191,0.0
baseline_NDVI,author_grid_component:7_5_X1800_Y1700_S050,0.48592755457390774,Low,65484,62884,0.9652057757140131,0.9268829026937878,0.9456562383148448,60696,2188,4788,0.5902064875485574,0.5667727194887834
baseline_NDVI,author_grid_component:7_5_X1800_Y1700_S050,0.48592755457390774,Moderate,17617,48066,0.34991470061998087,0.9547028438440143,0.5121264254068785,16819,31247,798,0.15878180458040037,0.43321826752350134
baseline_NDVI,author_grid_component:7_5_X1800_Y1700_S050,0.48592755457390774,High,27850,1,0.0,0.0,0.0,0,1,27850,0.25101170787104216,9.012987715297744e-06
baseline_FAI,author_grid_component:6_2_X0500_Y1150_S050,0.3849074693141414,Low,98685,29284,0.9892091244365524,0.2935400516795866,0.45273464667224095,28968,316,69717,0.5954852101712507,0.17670556715463245
baseline_FAI,author_grid_component:6_2_X0500_Y1150_S050,0.3849074693141414,Moderate,60692,86075,0.43884984025559104,0.6223884531734001,0.5147478656646248,37774,48301,22918,0.3662277790516648,0.5193939247655712
baseline_FAI,author_grid_component:6_2_X0500_Y1150_S050,0.3849074693141414,High,6345,50363,0.10541468935528066,0.8367218282111899,0.1872398956055583,5309,45054,1036,0.03828701077708452,0.3039005080797963
baseline_FAI,author_grid_component:6_2_X0650_Y0900_S050,0.13993730207469868,Low,138215,6565,0.9937547600913937,0.047201823246391494,0.09012294515817101,6524,41,131691,0.9093929704051689,0.04319476793915229
baseline_FAI,author_grid_component:6_2_X0650_Y0900_S050,0.13993730207469868,Moderate,10198,116682,0.066042748667318,0.7556383604628358,0.12146910466582597,7706,108976,2492,0.06709828536838919,0.7677154474754254
baseline_FAI,author_grid_component:6_2_X0650_Y0900_S050,0.13993730207469868,High,3573,28739,0.1170534813319879,0.9415057374755108,0.20821985640009905,3364,25375,209,0.02350874422644191,0.18908978458542233
baseline_FAI,author_grid_component:7_5_X1800_Y1700_S050,0.3683393606423175,Low,65484,18838,0.8655377428601763,0.248992120212571,0.38673181376153315,16305,2533,49179,0.5902064875485574,0.1697866625807789
baseline_FAI,author_grid_component:7_5_X1800_Y1700_S050,0.3683393606423175,Moderate,17617,59646,0.10232035677161921,0.34642674689220637,0.15797988687987782,6103,53543,11514,0.15878180458040037,0.5375886652666493
baseline_FAI,author_grid_component:7_5_X1800_Y1700_S050,0.3683393606423175,High,27850,32467,0.5204669356577448,0.6067504488330341,0.5603063812855414,16898,15569,10952,0.25101170787104216,0.2926246721525719
baseline_B8AB4,author_grid_component:6_2_X0500_Y1150_S050,0.31511842561887254,Low,98685,124084,0.6109006801843913,0.7681309216192937,0.6805525005723417,75803,48281,22882,0.5954852101712507,0.748747903114855
baseline_B8AB4,author_grid_component:6_2_X0500_Y1150_S050,0.31511842561887254,Moderate,60692,41603,0.32555344566497607,0.22315955974428262,0.26480277628427584,13544,28059,47148,0.3662277790516648,0.2510408998201808
baseline_B8AB4,author_grid_component:6_2_X0500_Y1150_S050,0.31511842561887254,High,6345,35,0.0,0.0,0.0,0,35,6345,0.03828701077708452,0.00021119706496421718
baseline_B8AB4,author_grid_component:6_2_X0650_Y0900_S050,0.35593839836808777,Low,138215,123654,0.9432044252511039,0.843837499547806,0.8907583562773753,116631,7023,21584,0.9093929704051689,0.8135880936402037
baseline_B8AB4,author_grid_component:6_2_X0650_Y0900_S050,0.35593839836808777,Moderate,10198,28332,0.12039390088945362,0.33447734849970584,0.17705683882688814,3411,24921,6787,0.06709828536838919,0.1864119063597963
baseline_B8AB4,author_grid_component:6_2_X0650_Y0900_S050,0.35593839836808777,High,3573,0,,0.0,0.0,0,0,3573,0.02350874422644191,0.0
baseline_B8AB4,author_grid_component:7_5_X1800_Y1700_S050,0.42387052947656856,Low,65484,79286,0.7633251772065687,0.9242104941665139,0.836098639220833,60521,18765,4963,0.5902064875485574,0.714603743995097
baseline_B8AB4,author_grid_component:7_5_X1800_Y1700_S050,0.42387052947656856,Moderate,17617,30471,0.3410455843260805,0.5898847703922347,0.4322076193644984,10392,20079,7225,0.15878180458040037,0.27463474867283755
baseline_B8AB4,author_grid_component:7_5_X1800_Y1700_S050,0.42387052947656856,High,27850,1194,0.04020100502512563,0.0017235188509874327,0.003305329844374053,48,1146,27802,0.25101170787104216,0.010761507332065507
baseline_B3B2,author_grid_component:6_2_X0500_Y1150_S050,0.4290623238812333,Low,98685,128663,0.6938980126376658,0.9046866291736333,0.7853950771504478,89279,39384,9406,0.5954852101712507,0.7763785134140307
baseline_B3B2,author_grid_component:6_2_X0500_Y1150_S050,0.4290623238812333,Moderate,60692,36970,0.6627806329456316,0.4037270150925987,0.5017918944932522,24503,12467,36189,0.3662277790516648,0.22308444262077454
baseline_B3B2,author_grid_component:6_2_X0500_Y1150_S050,0.4290623238812333,High,6345,89,0.0,0.0,0.0,0,89,6345,0.03828701077708452,0.0005370439651947237
baseline_B3B2,author_grid_component:6_2_X0650_Y0900_S050,0.3384081384330866,Low,138215,134996,0.9213235947731785,0.8998661505625294,0.9104684657645556,124375,10621,13840,0.9093929704051689,0.8882133880752174
baseline_B3B2,author_grid_component:6_2_X0650_Y0900_S050,0.3384081384330866,Moderate,10198,16989,0.0838189416681382,0.13963522259266523,0.10475594953470409,1424,15565,8774,0.06709828536838919,0.11178003237140263
baseline_B3B2,author_grid_component:6_2_X0650_Y0900_S050,0.3384081384330866,High,3573,1,0.0,0.0,0.0,0,1,3573,0.02350874422644191,6.579553379916571e-06
baseline_B3B2,author_grid_component:7_5_X1800_Y1700_S050,0.41156999647049836,Low,65484,51924,0.9191510669439951,0.728819253558121,0.8129940038157536,47726,4198,17758,0.5902064875485574,0.46799037412912003
baseline_B3B2,author_grid_component:7_5_X1800_Y1700_S050,0.41156999647049836,Moderate,17617,59027,0.2737899605265387,0.9173525571890787,0.42171598559574136,16161,42866,1456,0.15878180458040037,0.53200962587088
baseline_B3B2,author_grid_component:7_5_X1800_Y1700_S050,0.41156999647049836,High,27850,0,,0.0,0.0,0,0,27850,0.25101170787104216,0.0
baseline_LogisticRegression,author_grid_component:6_2_X0500_Y1150_S050,0.7299158560390072,Low,98685,104769,0.8423102253529193,0.8942392460860313,0.8674983042849981,88248,16521,10437,0.5954852101712507,0.6321972942638877
baseline_LogisticRegression,author_grid_component:6_2_X0500_Y1150_S050,0.7299158560390072,Moderate,60692,55048,0.7793561982270019,0.7068806432478745,0.7413513046483498,42902,12146,17790,0.3662277790516648,0.3321707437757208
baseline_LogisticRegression,author_grid_component:6_2_X0500_Y1150_S050,0.7299158560390072,High,6345,5905,0.6025402201524133,0.5607565011820331,0.5808979591836735,3558,2347,2787,0.03828701077708452,0.0356319619603915
baseline_LogisticRegression,author_grid_component:6_2_X0650_Y0900_S050,0.6399688956392477,Low,138215,127110,0.9946739044921722,0.9147559960930435,0.9530424950532366,126433,677,11782,0.9093929704051689,0.8363270301211954
baseline_LogisticRegression,author_grid_component:6_2_X0650_Y0900_S050,0.6399688956392477,Moderate,10198,23466,0.406204721725049,0.9346930770739361,0.5663022813688213,9532,13934,666,0.06709828536838919,0.15439579961312225
baseline_LogisticRegression,author_grid_component:6_2_X0650_Y0900_S050,0.6399688956392477,High,3573,1410,0.7078014184397163,0.27931710047579067,0.40056191049568535,998,412,2575,0.02350874422644191,0.009277170265682366
baseline_LogisticRegression,author_grid_component:7_5_X1800_Y1700_S050,0.590550368665599,Low,65484,55571,0.9758507135016465,0.8281259544316169,0.8959398620461774,54229,1342,11255,0.5902064875485574,0.5008607403268109
baseline_LogisticRegression,author_grid_component:7_5_X1800_Y1700_S050,0.590550368665599,Moderate,17617,28127,0.2271482916770363,0.3626610660157802,0.2793371808324589,6389,21738,11228,0.15878180458040037,0.25350830546817965
baseline_LogisticRegression,author_grid_component:7_5_X1800_Y1700_S050,0.590550368665599,High,27850,27253,0.6029061020805049,0.5899820466786355,0.5963740631181605,16431,10822,11419,0.25101170787104216,0.2456309542050094
baseline_RandomForest,author_grid_component:6_2_X0500_Y1150_S050,0.4699388811096566,Low,98685,90140,0.8035944086975816,0.7340122612352434,0.7672289156626506,72436,17704,26249,0.5954852101712507,0.543922955310701
baseline_RandomForest,author_grid_component:6_2_X0500_Y1150_S050,0.4699388811096566,Moderate,60692,75582,0.5792913656690747,0.721413036314506,0.6425877276663193,43784,31798,16908,0.3662277790516648,0.45607704468929894
baseline_RandomForest,author_grid_component:6_2_X0500_Y1150_S050,0.4699388811096566,High,6345,0,,0.0,0.0,0,0,6345,0.03828701077708452,0.0
baseline_RandomForest,author_grid_component:6_2_X0650_Y0900_S050,0.4320824201037552,Low,138215,119940,0.9818909454727364,0.8520638136237022,0.9123820960275804,117768,2172,20447,0.9093929704051689,0.7891516323871935
baseline_RandomForest,author_grid_component:6_2_X0650_Y0900_S050,0.4320824201037552,Moderate,10198,32046,0.25301129626162394,0.7950578544812709,0.3838651642836853,8108,23938,2090,0.06709828536838919,0.21084836761280645
baseline_RandomForest,author_grid_component:6_2_X0650_Y0900_S050,0.4320824201037552,High,3573,0,,0.0,0.0,0,0,3573,0.02350874422644191,0.0
baseline_RandomForest,author_grid_component:7_5_X1800_Y1700_S050,0.487914071874791,Low,65484,65992,0.9435689174445387,0.9508887667216419,0.9472147007818917,62268,3724,3216,0.5902064875485574,0.5947850853079287
baseline_RandomForest,author_grid_component:7_5_X1800_Y1700_S050,0.487914071874791,Moderate,17617,44926,0.3583893513778213,0.9139467559743429,0.5148777640983003,16101,28825,1516,0.15878180458040037,0.4049174860974665
baseline_RandomForest,author_grid_component:7_5_X1800_Y1700_S050,0.487914071874791,High,27850,33,0.696969696969697,0.0008258527827648115,0.0016497507441810423,23,10,27827,0.25101170787104216,0.0002974285946048255
baseline_SmallSegCNN,author_grid_component:6_2_X0500_Y1150_S050,0.029476065717024647,Low,98685,133,1.0,0.001347722551552921,0.0026918172802525855,133,0,98552,0.5954852101712507,0.0008025488468640253
baseline_SmallSegCNN,author_grid_component:6_2_X0500_Y1150_S050,0.029476065717024647,Moderate,60692,2976,0.11458333333333333,0.0056185329203189876,0.010711817553559088,341,2635,60351,0.3662277790516648,0.017957784723814582
baseline_SmallSegCNN,author_grid_component:6_2_X0500_Y1150_S050,0.029476065717024647,High,6345,162613,0.038975973630644534,0.9988967691095351,0.07502456231726227,6338,156275,7,0.03828701077708452,0.9812396664293214
baseline_SmallSegCNN,author_grid_component:6_2_X0650_Y0900_S050,0.02190911133466134,Low,138215,915,1.0,0.00662012082624896,0.013153166103644073,915,0,137300,0.9093929704051689,0.006020291342623663
baseline_SmallSegCNN,author_grid_component:6_2_X0650_Y0900_S050,0.02190911133466134,Moderate,10198,2228,0.01615798922800718,0.003530103941949402,0.005794302269435055,36,2192,10162,0.06709828536838919,0.01465924493045412
baseline_SmallSegCNN,author_grid_component:6_2_X0650_Y0900_S050,0.02190911133466134,High,3573,148843,0.02395141189038114,0.9977609851665268,0.046779865630904895,3565,145278,8,0.02350874422644191,0.9793204637269222
baseline_SmallSegCNN,author_grid_component:7_5_X1800_Y1700_S050,0.1533855959204736,Low,65484,0,,0.0,0.0,0,0,65484,0.5902064875485574,0.0
baseline_SmallSegCNN,author_grid_component:7_5_X1800_Y1700_S050,0.1533855959204736,Moderate,17617,1312,0.4405487804878049,0.03280921836862122,0.06107031538908553,578,734,17039,0.15878180458040037,0.01182503988247064
baseline_SmallSegCNN,author_grid_component:7_5_X1800_Y1700_S050,0.1533855959204736,High,27850,109639,0.25023030126141244,0.9850987432675045,0.39908647237233524,27435,82204,415,0.25101170787104216,0.9881749601175294
baseline_DeepLabV3_ResNet18,author_grid_component:6_2_X0500_Y1150_S050,0.21744526576687928,Low,98685,139610,0.5425757467230141,0.7675837259968586,0.6357581988711472,75749,63861,22936,0.5954852101712507,0.8424349211329818
baseline_DeepLabV3_ResNet18,author_grid_component:6_2_X0500_Y1150_S050,0.21744526576687928,Moderate,60692,3491,0.15239186479518763,0.008765570421142819,0.016577598429490675,532,2959,60160,0.3662277790516648,0.021065398679716633
baseline_DeepLabV3_ResNet18,author_grid_component:6_2_X0500_Y1150_S050,0.21744526576687928,High,6345,22621,0.0,0.0,0.0,0,22621,6345,0.03828701077708452,0.13649968018730163
baseline_DeepLabV3_ResNet18,author_grid_component:6_2_X0650_Y0900_S050,0.3703093960140222,Low,138215,133889,0.9288141669591975,0.899743153782151,0.9140475700467469,124358,9531,13857,0.9093929704051689,0.8809298224836498
baseline_DeepLabV3_ResNet18,author_grid_component:6_2_X0650_Y0900_S050,0.3703093960140222,Moderate,10198,3868,0.04033092037228542,0.01529711708178074,0.022181146025878003,156,3712,10042,0.06709828536838919,0.025449712473517298
baseline_DeepLabV3_ResNet18,author_grid_component:6_2_X0650_Y0900_S050,0.3703093960140222,High,3573,14229,0.1092838569119404,0.4352085082563672,0.17469947196944163,1555,12674,2018,0.02350874422644191,0.09362046504283289
baseline_DeepLabV3_ResNet18,author_grid_component:7_5_X1800_Y1700_S050,0.4433049299890328,Low,65484,82910,0.7236883367506936,0.9162696231140431,0.8086715096297694,60001,22909,5483,0.5902064875485574,0.7472668114753359
baseline_DeepLabV3_ResNet18,author_grid_component:7_5_X1800_Y1700_S050,0.4433049299890328,Moderate,17617,3672,0.19989106753812635,0.04166430152693421,0.06895579876931748,734,2938,16883,0.15878180458040037,0.033095690890573314
baseline_DeepLabV3_ResNet18,author_grid_component:7_5_X1800_Y1700_S050,0.4433049299890328,High,27850,24369,0.4845910788296606,0.42402154398563735,0.45228748156801163,11809,12560,16041,0.25101170787104216,0.2196374976340907
lr_weighted,author_grid_component:6_2_X0500_Y1150_S050,0.49519840190704767,Low,98685,90246,0.8760166655585843,0.8011045244971373,0.8368875409541049,79057,11189,19628,0.5954852101712507,0.5445625807074498
lr_weighted,author_grid_component:6_2_X0500_Y1150_S050,0.49519840190704767,Moderate,60692,66427,0.6161048971050929,0.6743228102550584,0.6439005970783281,40926,25501,19766,0.3662277790516648,0.40083392669651585
lr_weighted,author_grid_component:6_2_X0500_Y1150_S050,0.49519840190704767,High,6345,9049,0.0040888495966405125,0.0058313632781717886,0.004807067688709887,37,9012,6308,0.03828701077708452,0.05460349259603432
lr_weighted,author_grid_component:6_2_X0650_Y0900_S050,0.5697508644413792,Low,138215,118526,0.9946931474950643,0.8529971421336324,0.918411940438029,117897,629,20318,0.9093929704051689,0.7798481439079915
lr_weighted,author_grid_component:6_2_X0650_Y0900_S050,0.5697508644413792,Moderate,10198,28295,0.30284502562290155,0.8402627966267896,0.4452238069259346,8569,19726,1629,0.06709828536838919,0.18616846288473937
lr_weighted,author_grid_component:6_2_X0650_Y0900_S050,0.5697508644413792,High,3573,5165,0.29235237173281703,0.42261404981808004,0.34561684596017395,1510,3655,2063,0.02350874422644191,0.03398339320726909
lr_weighted,author_grid_component:7_5_X1800_Y1700_S050,0.5516314757686348,Low,65484,46627,0.981148261736762,0.6986134017469916,0.8161197384734772,45748,879,19736,0.5902064875485574,0.42024857820118794
lr_weighted,author_grid_component:7_5_X1800_Y1700_S050,0.5516314757686348,Moderate,17617,32945,0.15598725147973896,0.2917068740421184,0.2032751868992524,5139,27806,12478,0.15878180458040037,0.2969328802804842
lr_weighted,author_grid_component:7_5_X1800_Y1700_S050,0.5516314757686348,High,27850,31379,0.5997641734918258,0.6757630161579893,0.6354995019331746,18820,12559,9030,0.25101170787104216,0.2828185415183279
lr_balanced,author_grid_component:6_2_X0500_Y1150_S050,0.4928550749771672,Low,98685,90596,0.8735264250077266,0.8019253179307899,0.8361959203512238,79138,11458,19547,0.5954852101712507,0.546674551357092
lr_balanced,author_grid_component:6_2_X0500_Y1150_S050,0.4928550749771672,Moderate,60692,65341,0.6136575809981482,0.6606636789033151,0.6362936691184055,40097,25244,20595,0.3662277790516648,0.394280783480769
lr_balanced,author_grid_component:6_2_X0500_Y1150_S050,0.4928550749771672,High,6345,9785,0.005007664793050587,0.007722616233254531,0.006075635461872288,49,9736,6296,0.03828701077708452,0.05904466516213901
lr_balanced,author_grid_component:6_2_X0650_Y0900_S050,0.5938117298784715,Low,138215,118317,0.9947175807364961,0.8515139456643634,0.917561941590133,117692,625,20523,0.9093929704051689,0.778473017251589
lr_balanced,author_grid_component:6_2_X0650_Y0900_S050,0.5938117298784715,Moderate,10198,27447,0.3004699967209531,0.8086879780349088,0.43814583610041175,8247,19200,1951,0.06709828536838919,0.18058900161857014
lr_balanced,author_grid_component:6_2_X0650_Y0900_S050,0.5938117298784715,High,3573,6222,0.3351012536162006,0.5835432409739715,0.42572741194486985,2085,4137,1488,0.02350874422644191,0.04093798112984091
lr_balanced,author_grid_component:7_5_X1800_Y1700_S050,0.5467621856425278,Low,65484,45991,0.9812789458807158,0.6891759819192474,0.8096882709127607,45130,861,20354,0.5902064875485574,0.41451631801425853
lr_balanced,author_grid_component:7_5_X1800_Y1700_S050,0.5467621856425278,Moderate,17617,32332,0.1440059383892119,0.2642901742634955,0.18643015876193716,4656,27676,12961,0.15878180458040037,0.29140791881100664
lr_balanced,author_grid_component:7_5_X1800_Y1700_S050,0.5467621856425278,High,27850,32628,0.5970025744759102,0.6994254937163376,0.6441681272528853,19479,13149,8371,0.25101170787104216,0.29407576317473477
rf_weighted,author_grid_component:6_2_X0500_Y1150_S050,0.4812644910900337,Low,98685,82766,0.8441751443829592,0.7080002026650454,0.77011424571923,69869,12897,28816,0.5954852101712507,0.49942675082366855
rf_weighted,author_grid_component:6_2_X0500_Y1150_S050,0.4812644910900337,Moderate,60692,82955,0.5832800916159363,0.7972385157846175,0.6736792275508713,48386,34569,12306,0.3662277790516648,0.5005672149744753
rf_weighted,author_grid_component:6_2_X0500_Y1150_S050,0.4812644910900337,High,6345,1,0.0,0.0,0.0,0,1,6345,0.03828701077708452,6.034201856120491e-06
rf_weighted,author_grid_component:6_2_X0650_Y0900_S050,0.4268211831884985,Low,138215,118284,0.9763281593453045,0.8355388344246283,0.9004635495654953,115484,2800,22731,0.9093929704051689,0.7782558919900517
rf_weighted,author_grid_component:6_2_X0650_Y0900_S050,0.4268211831884985,Moderate,10198,33702,0.24749273040175657,0.81790547166111,0.38,8341,25361,1857,0.06709828536838919,0.2217441080099483
rf_weighted,author_grid_component:6_2_X0650_Y0900_S050,0.4268211831884985,High,3573,0,,0.0,0.0,0,0,3573,0.02350874422644191,0.0
rf_weighted,author_grid_component:7_5_X1800_Y1700_S050,0.4888621974723635,Low,65484,63453,0.9661639323593841,0.9361981552745708,0.9509450351722158,61306,2147,4178,0.5902064875485574,0.5719011094987878
rf_weighted,author_grid_component:7_5_X1800_Y1700_S050,0.4888621974723635,Moderate,17617,47498,0.353446460903617,0.9529431798830675,0.5156415572448745,16788,30710,829,0.15878180458040037,0.42809889050121225
rf_weighted,author_grid_component:7_5_X1800_Y1700_S050,0.4888621974723635,High,27850,0,,0.0,0.0,0,0,27850,0.25101170787104216,0.0
rf_balanced,author_grid_component:6_2_X0500_Y1150_S050,0.48237170383506817,Low,98685,85331,0.8300734785716797,0.7177483913462026,0.7698352317189809,70831,14500,27854,0.5954852101712507,0.5149044785846176
rf_balanced,author_grid_component:6_2_X0500_Y1150_S050,0.48237170383506817,Moderate,60692,80390,0.5943027739768628,0.7871877677453372,0.6772798797862236,47776,32614,12916,0.3662277790516648,0.4850894872135263
rf_balanced,author_grid_component:6_2_X0500_Y1150_S050,0.48237170383506817,High,6345,1,0.0,0.0,0.0,0,1,6345,0.03828701077708452,6.034201856120491e-06
rf_balanced,author_grid_component:6_2_X0650_Y0900_S050,0.41988739728964,Low,138215,120967,0.9682227384327957,0.8473971710740513,0.9037896150195616,117123,3844,21092,0.9093929704051689,0.7959088337083678
rf_balanced,author_grid_component:6_2_X0650_Y0900_S050,0.41988739728964,Moderate,10198,31019,0.23643573293787679,0.7191606197293587,0.3558725768493583,7334,23685,2864,0.06709828536838919,0.20409116629163213
rf_balanced,author_grid_component:6_2_X0650_Y0900_S050,0.41988739728964,High,3573,0,,0.0,0.0,0,0,3573,0.02350874422644191,0.0
rf_balanced,author_grid_component:7_5_X1800_Y1700_S050,0.48829814910810015,Low,65484,64470,0.9564913913448115,0.9416804104819498,0.9490281176416271,61665,2805,3819,0.5902064875485574,0.5810673180052456
rf_balanced,author_grid_component:7_5_X1800_Y1700_S050,0.48829814910810015,Moderate,17617,46481,0.35569372431746304,0.9384685247204405,0.5158663296826734,16533,29948,1084,0.15878180458040037,0.4189326819947544
rf_balanced,author_grid_component:7_5_X1800_Y1700_S050,0.48829814910810015,High,27850,0,,0.0,0.0,0,0,27850,0.25101170787104216,0.0
small_weighted,author_grid_component:6_2_X0500_Y1150_S050,0.029417179881947256,Low,98685,0,,0.0,0.0,0,0,98685,0.5954852101712507,0.0
small_weighted,author_grid_component:6_2_X0500_Y1150_S050,0.029417179881947256,Moderate,60692,3939,0.1084031480071084,0.0070355236274962105,0.01321347341059244,427,3512,60265,0.3662277790516648,0.023768721111258613
small_weighted,author_grid_component:6_2_X0500_Y1150_S050,0.029417179881947256,High,6345,161783,0.038990499619861174,0.9941686367218282,0.07503806623524933,6308,155475,37,0.03828701077708452,0.9762312788887414
small_weighted,author_grid_component:6_2_X0650_Y0900_S050,0.01800947497517134,Low,138215,0,,0.0,0.0,0,0,138215,0.9093929704051689,0.0
small_weighted,author_grid_component:6_2_X0650_Y0900_S050,0.01800947497517134,Moderate,10198,4031,0.01314810220788886,0.005197097470092175,0.007449574812003655,53,3978,10145,0.06709828536838919,0.0265221796744437
small_weighted,author_grid_component:6_2_X0650_Y0900_S050,0.01800947497517134,High,3573,147955,0.02385184684532459,0.987685418415897,0.04657885011351037,3529,144426,44,0.02350874422644191,0.9734778203255563
small_weighted,author_grid_component:7_5_X1800_Y1700_S050,0.1787279693008048,Low,65484,0,,0.0,0.0,0,0,65484,0.5902064875485574,0.0
small_weighted,author_grid_component:7_5_X1800_Y1700_S050,0.1787279693008048,Moderate,17617,3468,0.4483852364475202,0.08826701481523529,0.14749822148446762,1555,1913,16062,0.15878180458040037,0.03125704139665258
small_weighted,author_grid_component:7_5_X1800_Y1700_S050,0.1787279693008048,High,27850,107483,0.24469916172790115,0.9443806104129264,0.3886856864179468,26301,81182,1549,0.25101170787104216,0.9687429586033475
small_focal,author_grid_component:6_2_X0500_Y1150_S050,0.029276175850997902,Low,98685,174,1.0,0.0017631858945128438,0.0035201650836039207,174,0,98511,0.5954852101712507,0.0010499511229649654
small_focal,author_grid_component:6_2_X0500_Y1150_S050,0.029276175850997902,Moderate,60692,2024,0.14970355731225296,0.004992420747380215,0.009662606033548057,303,1721,60389,0.3662277790516648,0.012213224556787874
small_focal,author_grid_component:6_2_X0500_Y1150_S050,0.029276175850997902,High,6345,163524,0.038771067243951955,0.9992119779353822,0.07464575643584173,6340,157184,5,0.03828701077708452,0.9867368243202471
small_focal,author_grid_component:6_2_X0650_Y0900_S050,0.025944280295093342,Low,138215,1800,1.0,0.013023188510653691,0.025711530907402778,1800,0,136415,0.9093929704051689,0.011843196083849828
small_focal,author_grid_component:6_2_X0650_Y0900_S050,0.025944280295093342,Moderate,10198,606,0.04950495049504951,0.0029417532849578347,0.0055534987041836355,30,576,10168,0.06709828536838919,0.003987209348229442
small_focal,author_grid_component:6_2_X0650_Y0900_S050,0.025944280295093342,High,3573,149580,0.02384008557293756,0.9980408620207109,0.046567811273693624,3566,146014,7,0.02350874422644191,0.9841695945679207
small_focal,author_grid_component:7_5_X1800_Y1700_S050,0.14963116824755132,Low,65484,0,,0.0,0.0,0,0,65484,0.5902064875485574,0.0
small_focal,author_grid_component:7_5_X1800_Y1700_S050,0.14963116824755132,Moderate,17617,1038,0.4393063583815029,0.025884089231991828,0.04888769766818547,456,582,17161,0.15878180458040037,0.009355481248479059
small_focal,author_grid_component:7_5_X1800_Y1700_S050,0.14963116824755132,High,27850,109913,0.25068008333864056,0.9893357271095152,0.4000058070744685,27553,82360,297,0.25101170787104216,0.9906445187515209
deep_weighted,author_grid_component:6_2_X0500_Y1150_S050,0.2972574505859706,Low,98685,122802,0.5631830100486963,0.7008157268075189,0.6245061786922032,69160,53642,29525,0.5954852101712507,0.7410120563353085
deep_weighted,author_grid_component:6_2_X0500_Y1150_S050,0.2972574505859706,Moderate,60692,19854,0.17935932305832578,0.058673301258815,0.08842152310480968,3561,16293,57131,0.3662277790516648,0.11980304365141622
deep_weighted,author_grid_component:6_2_X0500_Y1150_S050,0.2972574505859706,High,6345,23066,0.11402063643457903,0.4144996059889677,0.178844649960899,2630,20436,3715,0.03828701077708452,0.13918490001327524
deep_weighted,author_grid_component:6_2_X0650_Y0900_S050,0.4093456403990426,Low,138215,129891,0.9306110508041358,0.8745649893282206,0.901717977217966,120878,9013,17337,0.9093929704051689,0.8546247680707434
deep_weighted,author_grid_component:6_2_X0650_Y0900_S050,0.4093456403990426,Moderate,10198,14145,0.14174620007069635,0.1966071778780153,0.1647290802284024,2005,12140,8193,0.06709828536838919,0.0930677825589199
deep_weighted,author_grid_component:6_2_X0650_Y0900_S050,0.4093456403990426,High,3573,7950,0.1171069182389937,0.260565351245452,0.16158986375075934,931,7019,2642,0.02350874422644191,0.05230744937033674
deep_weighted,author_grid_component:7_5_X1800_Y1700_S050,0.5493026110096474,Low,65484,42995,0.9990464007442726,0.655946490745831,0.7919320790199025,42954,41,22530,0.5902064875485574,0.3875134068192265
deep_weighted,author_grid_component:7_5_X1800_Y1700_S050,0.5493026110096474,Moderate,17617,24558,0.3446941933382197,0.48050178804563776,0.4014226437462952,8465,16093,9152,0.15878180458040037,0.22134095231228199
deep_weighted,author_grid_component:7_5_X1800_Y1700_S050,0.5493026110096474,High,27850,43398,0.37312779390755335,0.5814362657091562,0.4545531102627442,16193,27205,11657,0.25101170787104216,0.3911456408684915
deep_focal,author_grid_component:6_2_X0500_Y1150_S050,0.21457269778886232,Low,98685,139964,0.5427609956846046,0.7697927749911334,0.636642097808916,75967,63997,22718,0.5954852101712507,0.8445710285900484
deep_focal,author_grid_component:6_2_X0500_Y1150_S050,0.21457269778886232,Moderate,60692,2338,0.09538066723695467,0.0036742898569827984,0.00707599555767095,223,2115,60469,0.3662277790516648,0.014107963939609707
deep_focal,author_grid_component:6_2_X0500_Y1150_S050,0.21457269778886232,High,6345,23420,0.0,0.0,0.0,0,23420,6345,0.03828701077708452,0.1413210074703419
deep_focal,author_grid_component:6_2_X0650_Y0900_S050,0.37020604586484884,Low,138215,134439,0.9286070262349467,0.903237709365843,0.9157466972793357,124841,9598,13374,0.9093929704051689,0.8845485768426039
deep_focal,author_grid_component:6_2_X0650_Y0900_S050,0.37020604586484884,Moderate,10198,2582,0.0801704105344694,0.02029809766620906,0.0323943661971831,207,2375,9991,0.06709828536838919,0.016988406826944587
deep_focal,author_grid_component:6_2_X0650_Y0900_S050,0.37020604586484884,High,3573,14965,0.10063481456732376,0.42149454240134343,0.16247707411802784,1506,13459,2067,0.02350874422644191,0.09846301633045149
deep_focal,author_grid_component:7_5_X1800_Y1700_S050,0.44111588020370335,Low,65484,83584,0.7201019333843798,0.9191405534176287,0.8075374996645827,60189,23395,5295,0.5902064875485574,0.7533415651954466
deep_focal,author_grid_component:7_5_X1800_Y1700_S050,0.44111588020370335,Moderate,17617,3218,0.23368551895587322,0.04268604189135494,0.07218622510199184,752,2466,16865,0.15878180458040037,0.02900379446782814
deep_focal,author_grid_component:7_5_X1800_Y1700_S050,0.44111588020370335,High,27850,24149,0.4776181208331608,0.4141472172351885,0.4436239158445355,11534,12615,16316,0.25101170787104216,0.2176546403367252
ablation_rgb,author_grid_component:6_2_X0500_Y1150_S050,0.24155368371273014,Low,98685,133280,0.5374849939975991,0.7259056594213913,0.6176449033259328,71636,61644,27049,0.5954852101712507,0.8042384233837391
ablation_rgb,author_grid_component:6_2_X0500_Y1150_S050,0.24155368371273014,Moderate,60692,19298,0.14820188620582445,0.04712317933170764,0.07150893861732717,2860,16438,57832,0.3662277790516648,0.11644802741941324
ablation_rgb,author_grid_component:6_2_X0500_Y1150_S050,0.24155368371273014,High,6345,13144,0.02632379793061473,0.054531126871552406,0.03550720919493047,346,12798,5999,0.03828701077708452,0.07931354919684773
ablation_rgb,author_grid_component:6_2_X0650_Y0900_S050,0.3942040984443362,Low,138215,128596,0.9265062676910635,0.8620265528343523,0.8931041074018687,119145,9451,19070,0.9093929704051689,0.8461042464437514
ablation_rgb,author_grid_component:6_2_X0650_Y0900_S050,0.3942040984443362,Moderate,10198,13403,0.12646422442736702,0.16620906060011767,0.14363798144146434,1695,11708,8503,0.06709828536838919,0.08818575395102181
ablation_rgb,author_grid_component:6_2_X0650_Y0900_S050,0.3942040984443362,High,3573,9987,0.09902873735856614,0.2767982087881332,0.14587020648967552,989,8998,2584,0.02350874422644191,0.06570999960522679
ablation_rgb,author_grid_component:7_5_X1800_Y1700_S050,0.4507697362679926,Low,65484,63715,0.7443930000784744,0.7242837945146906,0.7342007291078104,47429,16286,18055,0.5902064875485574,0.5742625122801958
ablation_rgb,author_grid_component:7_5_X1800_Y1700_S050,0.4507697362679926,Moderate,17617,13839,0.23802297853891177,0.18697848668899358,0.2094354018311292,3294,10545,14323,0.15878180458040037,0.12473073699200549
ablation_rgb,author_grid_component:7_5_X1800_Y1700_S050,0.4507697362679926,High,27850,33397,0.374734257568045,0.44937163375224415,0.4086730778650383,12515,20882,15335,0.25101170787104216,0.30100675072779876
ablation_visible_rededge_nir,author_grid_component:6_2_X0500_Y1150_S050,0.3524444512682472,Low,98685,109490,0.6351904283496209,0.7047372954349699,0.6681590008406388,69547,39943,29138,0.5954852101712507,0.6606847612266326
ablation_visible_rededge_nir,author_grid_component:6_2_X0500_Y1150_S050,0.3524444512682472,Moderate,60692,27045,0.2587539286374561,0.115303499637514,0.15952220841834117,6998,20047,53694,0.3662277790516648,0.16319498919877867
ablation_visible_rededge_nir,author_grid_component:6_2_X0500_Y1150_S050,0.3524444512682472,High,6345,29187,0.13978826189742008,0.6430260047281324,0.22965214454576158,4080,25107,2265,0.03828701077708452,0.17612024957458877
ablation_visible_rededge_nir,author_grid_component:6_2_X0650_Y0900_S050,0.4903133227396581,Low,138215,122635,0.979410445631345,0.8690084288970082,0.9209124017634656,120110,2525,18105,0.9093929704051689,0.8068835287460687
ablation_visible_rededge_nir,author_grid_component:6_2_X0650_Y0900_S050,0.4903133227396581,Moderate,10198,16668,0.2484401247900168,0.4060600117670131,0.3082706766917293,4141,12527,6057,0.06709828536838919,0.1096679957364494
ablation_visible_rededge_nir,author_grid_component:6_2_X0650_Y0900_S050,0.4903133227396581,High,3573,12683,0.15493179847039343,0.5499580184718724,0.24175688976377951,1965,10718,1608,0.02350874422644191,0.08344847551748187
ablation_visible_rededge_nir,author_grid_component:7_5_X1800_Y1700_S050,0.5631211032341269,Low,65484,46364,1.0,0.7080202797629955,0.829053715757099,46364,0,19120,0.5902064875485574,0.4178781624320646
ablation_visible_rededge_nir,author_grid_component:7_5_X1800_Y1700_S050,0.5631211032341269,Moderate,17617,30910,0.3555483662245228,0.6238292558324345,0.45294372205164135,10990,19920,6627,0.15878180458040037,0.27859145027985327
ablation_visible_rededge_nir,author_grid_component:7_5_X1800_Y1700_S050,0.5631211032341269,High,27850,33677,0.37212340766695373,0.44998204667863556,0.4073658718936402,12532,21145,15318,0.25101170787104216,0.3035303872880821
ablation_compact_hab,author_grid_component:6_2_X0500_Y1150_S050,0.2744120981112401,Low,98685,128786,0.573501778143587,0.748431879211633,0.6493926698348361,73859,54927,24826,0.5954852101712507,0.7771207202423336
ablation_compact_hab,author_grid_component:6_2_X0500_Y1150_S050,0.2744120981112401,Moderate,60692,14456,0.19576646375207526,0.046628880247808605,0.07531803906956938,2830,11626,57862,0.3662277790516648,0.08723042203207781
ablation_compact_hab,author_grid_component:6_2_X0500_Y1150_S050,0.2744120981112401,High,6345,22480,0.06316725978647687,0.22379826635145783,0.09852558542931483,1420,21060,4925,0.03828701077708452,0.13564885772558863
ablation_compact_hab,author_grid_component:6_2_X0650_Y0900_S050,0.4253816080333466,Low,138215,132679,0.9308556742212407,0.8935716094490468,0.91183267255827,123505,9174,14710,0.9093929704051689,0.8729685628939508
ablation_compact_hab,author_grid_component:6_2_X0650_Y0900_S050,0.4253816080333466,Moderate,10198,10310,0.19427740058195928,0.19641106099235145,0.1953384045250634,2003,8307,8195,0.06709828536838919,0.06783519534693985
ablation_compact_hab,author_grid_component:6_2_X0650_Y0900_S050,0.4253816080333466,High,3573,8997,0.11803934644881627,0.2972292191435768,0.16897374701670645,1062,7935,2511,0.02350874422644191,0.05919624175910939
ablation_compact_hab,author_grid_component:7_5_X1800_Y1700_S050,0.5103363716024474,Low,65484,70156,0.7774958663549804,0.8329668315924501,0.8042760247714539,54546,15610,10938,0.5902064875485574,0.6323151661544285
ablation_compact_hab,author_grid_component:7_5_X1800_Y1700_S050,0.5103363716024474,Moderate,17617,14613,0.36898651885307604,0.30606800249758753,0.3345950977350295,5392,9221,12225,0.15878180458040037,0.13170678948364595
ablation_compact_hab,author_grid_component:7_5_X1800_Y1700_S050,0.5103363716024474,High,27850,26182,0.4046291345198992,0.38039497307001796,0.3921379923008588,10594,15588,17256,0.25101170787104216,0.23597804436192554
