tree,depth,leaves,high_majority_leaves,leaves_with_high_weight,bootstrap_high_count,bootstrap_unique_high,maximum_leaf_high_fraction,original_high_in_high_majority_leaf
0,12,483,4,8,58,36,1.0,24
1,12,467,4,15,56,38,1.0,18
2,12,449,5,16,55,35,1.0,26
3,12,433,5,11,59,35,1.0,31
4,12,482,4,15,57,36,1.0,14
5,12,413,8,17,62,41,1.0,20
6,12,466,5,14,61,37,1.0,28
7,12,433,5,13,60,39,1.0,22
8,12,507,6,12,41,29,1.0,26
9,12,522,8,20,63,35,1.0,28
10,12,490,9,16,63,38,1.0,35
11,12,470,9,19,54,37,1.0,26
12,12,517,6,13,63,34,1.0,29
13,12,510,3,9,59,35,1.0,20
14,12,467,7,10,63,35,1.0,25
15,12,442,6,15,50,29,1.0,26
16,12,444,5,11,59,32,1.0,20
17,12,403,4,10,66,40,1.0,30
18,12,392,6,9,54,33,1.0,31
19,12,409,6,14,71,42,1.0,24
20,12,483,5,12,52,38,1.0,14
21,12,428,5,10,61,37,1.0,31
22,12,473,4,9,47,33,1.0,25
23,12,481,5,15,62,38,1.0,31
24,12,446,9,13,56,34,1.0,26
25,12,459,6,11,45,32,1.0,22
26,12,478,5,12,57,32,1.0,16
27,12,525,6,14,53,33,1.0,23
28,12,481,9,16,68,39,1.0,28
29,12,572,9,16,55,34,1.0,26
30,12,512,9,17,56,33,1.0,28
31,12,470,5,10,59,38,1.0,26
32,12,476,6,14,57,36,1.0,28
33,12,438,7,12,66,37,1.0,31
34,12,514,9,18,56,36,1.0,33
35,12,481,6,10,60,34,1.0,28
36,12,379,8,18,66,41,1.0,35
37,12,520,5,13,61,37,1.0,17
38,12,414,3,10,53,34,1.0,20
39,12,521,2,8,47,32,1.0,10
40,12,454,6,12,63,33,1.0,31
41,12,477,4,11,59,37,1.0,26
42,12,492,10,16,66,35,1.0,26
43,12,488,8,22,68,41,1.0,32
44,12,438,7,16,54,34,1.0,34
45,12,512,6,12,45,34,1.0,29
46,12,445,2,5,52,34,0.75,19
47,12,479,7,16,57,36,1.0,25
48,12,449,4,10,51,33,1.0,19
49,12,529,7,15,54,32,1.0,28
50,12,453,7,15,77,39,1.0,28
51,12,485,8,17,55,34,1.0,24
52,12,430,3,9,58,36,1.0,24
53,12,459,10,19,56,34,1.0,36
54,12,500,10,18,58,41,1.0,28
55,12,450,3,6,54,32,1.0,12
56,12,381,2,11,61,38,1.0,8
57,12,478,5,12,57,36,1.0,19
58,12,429,2,11,51,33,1.0,6
59,12,426,6,13,55,39,1.0,21
60,12,443,4,11,48,31,1.0,27
61,12,501,9,16,52,33,1.0,29
62,12,422,3,12,62,36,1.0,10
63,12,358,6,18,43,34,1.0,20
