experiment_id,kind,level,parameter,original_macro_f1,perturbed_macro_f1,delta_macro_f1,original_high_f1,perturbed_high_f1,delta_high_f1,fraction_values_clipped
deep_weighted,brightness,mild,1.05,0.4407120809305911,0.43957087869460115,-0.0011412022359899576,0.35217771121926866,0.3444621372965322,-0.007715573922736474,0.0003315960919415509
deep_weighted,brightness,moderate,1.15,0.4407120809305911,0.43720894263307847,-0.0035031382975126424,0.35217771121926866,0.32439995508839814,-0.027777756130870523,0.00041453043619791663
deep_weighted,contrast,mild,1.05,0.4407120809305911,0.43752342535989497,-0.0031886555706961417,0.35217771121926866,0.3462424632985814,-0.005935247920687281,0.028952139395254633
deep_weighted,contrast,moderate,1.15,0.4407120809305911,0.4342662672955892,-0.006445813635001907,0.35217771121926866,0.3363424070265937,-0.01583530419267498,0.05963756419994212
deep_weighted,noise,mild,0.002,0.4407120809305911,0.44076914419636964,5.7063265778534156e-05,0.35217771121926866,0.3524320673905703,0.00025435617130165067,0.02873018052842882
deep_weighted,noise,moderate,0.005,0.4407120809305911,0.44204374260225027,0.0013316616716591567,0.35217771121926866,0.3558657936073704,0.0036880823881017544,0.04745652940538195
deep_weighted,blur,mild,0.5,0.4407120809305911,0.44739642839985055,0.006684347469259444,0.35217771121926866,0.3660400513192391,0.01386234009997045,0.0002483791775173611
deep_weighted,blur,moderate,1.0,0.4407120809305911,0.44558462143315497,0.00487254050256386,0.35217771121926866,0.35734323598861734,0.005165524769348673,0.00024074978298611112
deep_weighted,resolution,mild,48,0.4407120809305911,0.44617952882885187,0.005467447898260758,0.35217771121926866,0.3614855302327851,0.00930781901351646,0.00024385805483217594
deep_weighted,resolution,moderate,32,0.4407120809305911,0.43999381620425115,-0.0007182647263399566,0.35217771121926866,0.3437315580771739,-0.008446153142094737,0.00023594609013310184
deep_weighted,mask,mild,0.05,0.4407120809305911,0.43638809166389486,-0.004323989266696249,0.35217771121926866,0.3403305046895936,-0.01184720652967508,0.00024724889684606485
deep_weighted,mask,moderate,0.15,0.4407120809305911,0.43566842177927884,-0.005043659151312274,0.35217771121926866,0.34606973804404995,-0.006107973175218717,0.0002071239330150463
