experiment_id,region,kind,level,macro_f1,delta_macro_f1,high_f1,delta_high_f1
deep_weighted,author_grid_component:6_2_X0500_Y1150_S050,brightness,mild,0.3045794505107991,0.007321999924828515,0.19423791821561337,0.015393268254714376
deep_weighted,author_grid_component:6_2_X0650_Y0900_S050,brightness,mild,0.41050414001878205,0.0011584996197394615,0.16352201257861634,0.0019321488278569998
deep_weighted,author_grid_component:7_5_X1800_Y1700_S050,brightness,mild,0.5397039805103948,-0.00959863049925258,0.4367793574387104,-0.017773752824033817
deep_weighted,author_grid_component:6_2_X0500_Y1150_S050,brightness,moderate,0.31465955982554233,0.01740210923957175,0.20170811353931173,0.022863463578412735
deep_weighted,author_grid_component:6_2_X0650_Y0900_S050,brightness,moderate,0.4122005560637198,0.0028549156646772156,0.1638655462184874,0.002275682467728052
deep_weighted,author_grid_component:7_5_X1800_Y1700_S050,brightness,moderate,0.523144102238312,-0.02615850877133541,0.4051641563129034,-0.049388953949840775
deep_weighted,author_grid_component:6_2_X0500_Y1150_S050,contrast,mild,0.2971194846012213,-0.00013796598474929977,0.17950358670393696,0.0006589367430379633
deep_weighted,author_grid_component:6_2_X0650_Y0900_S050,contrast,mild,0.4089088303695249,-0.0004368100295176758,0.1595252639846409,-0.0020645997661184468
deep_weighted,author_grid_component:7_5_X1800_Y1700_S050,contrast,mild,0.5391812912664266,-0.010121319743220836,0.44454919794251807,-0.010003912320226127
deep_weighted,author_grid_component:6_2_X0500_Y1150_S050,contrast,moderate,0.3010019275344203,0.0037444769484497042,0.18210277416991374,0.003258124209014751
deep_weighted,author_grid_component:6_2_X0650_Y0900_S050,contrast,moderate,0.40466196425771767,-0.004683676141324922,0.14716948114445708,-0.014420382606302268
deep_weighted,author_grid_component:7_5_X1800_Y1700_S050,contrast,moderate,0.5246974911872374,-0.024605119822409982,0.429011840453975,-0.025541269808769196
deep_weighted,author_grid_component:6_2_X0500_Y1150_S050,noise,mild,0.30147990306441924,0.004222452478448657,0.18823609042913225,0.009391440468233259
deep_weighted,author_grid_component:6_2_X0650_Y0900_S050,noise,mild,0.40861909632478194,-0.0007265440742606488,0.16050124452836667,-0.0010886192223926727
deep_weighted,author_grid_component:7_5_X1800_Y1700_S050,noise,mild,0.5463944738944624,-0.0029081371151850055,0.45178654032156323,-0.002766569941180963
deep_weighted,author_grid_component:6_2_X0500_Y1150_S050,noise,moderate,0.3086296680479244,0.011372217461953826,0.20441988950276244,0.025575239541863443
deep_weighted,author_grid_component:6_2_X0650_Y0900_S050,noise,moderate,0.40789105517476326,-0.0014545852242793256,0.16010786213870398,-0.0014820016120553614
deep_weighted,author_grid_component:7_5_X1800_Y1700_S050,noise,moderate,0.5436011587209997,-0.005701452288647713,0.45087575069321556,-0.0036773595695286376
deep_weighted,author_grid_component:6_2_X0500_Y1150_S050,blur,mild,0.29532999595644027,-0.0019274546295303119,0.1705562379364801,-0.008288412024418906
deep_weighted,author_grid_component:6_2_X0650_Y0900_S050,blur,mild,0.41457052922659426,0.005224888827551677,0.17754066818261327,0.015950804431853927
deep_weighted,author_grid_component:7_5_X1800_Y1700_S050,blur,mild,0.5716159073272974,0.02231329631765,0.4802685079768752,0.025715397714131005
deep_weighted,author_grid_component:6_2_X0500_Y1150_S050,blur,moderate,0.29015835622292624,-0.007099094363044345,0.15265421115065242,-0.026190438810246575
deep_weighted,author_grid_component:6_2_X0650_Y0900_S050,blur,moderate,0.4172375187762248,0.007891878377182193,0.1904093977382309,0.028819533987471557
deep_weighted,author_grid_component:7_5_X1800_Y1700_S050,blur,moderate,0.5817562552516594,0.032453644242012025,0.4796508276373219,0.02509771737457772
deep_weighted,author_grid_component:6_2_X0500_Y1150_S050,resolution,mild,0.2920041964575681,-0.005253254128402496,0.1573908928766425,-0.02145375708425648
deep_weighted,author_grid_component:6_2_X0650_Y0900_S050,resolution,mild,0.40951626607656344,0.00017062567752085256,0.17260034904013963,0.011010485289380284
deep_weighted,author_grid_component:7_5_X1800_Y1700_S050,resolution,mild,0.5794246600492771,0.030122049039629673,0.4838323730361135,0.029279262773369286
deep_weighted,author_grid_component:6_2_X0500_Y1150_S050,resolution,moderate,0.28845760269004117,-0.008799847895929414,0.14841416852530903,-0.030430481435589962
deep_weighted,author_grid_component:6_2_X0650_Y0900_S050,resolution,moderate,0.41739735820998497,0.008051717810942383,0.19038359554534207,0.028793731794582722
deep_weighted,author_grid_component:7_5_X1800_Y1700_S050,resolution,moderate,0.5730660731073848,0.023763462097737387,0.4610676640598436,0.0065145537970994205
deep_weighted,author_grid_component:6_2_X0500_Y1150_S050,mask,mild,0.29420241730719704,-0.0030550332787735446,0.17739013753773902,-0.0014545124231599704
deep_weighted,author_grid_component:6_2_X0650_Y0900_S050,mask,mild,0.3998994211498219,-0.009446219249220678,0.13677966101694916,-0.024810202733810183
deep_weighted,author_grid_component:7_5_X1800_Y1700_S050,mask,mild,0.5475223605911376,-0.0017802504185098211,0.4435314188228604,-0.011021691439883796
deep_weighted,author_grid_component:6_2_X0500_Y1150_S050,mask,moderate,0.279234962366212,-0.018022488219758603,0.13532799652262106,-0.04351665343827793
deep_weighted,author_grid_component:6_2_X0650_Y0900_S050,mask,moderate,0.3964573902019493,-0.012888250197093276,0.12617103566824237,-0.03541882808251698
deep_weighted,author_grid_component:7_5_X1800_Y1700_S050,mask,moderate,0.5509678844275018,0.0016652734178543849,0.467230780357272,0.012677670094527804
