region,feature,standardized_mean_difference,wasserstein_train_sd
author_grid_component:6_2_X0500_Y1150_S050,B01,0.5422750115394592,0.6104201741187699
author_grid_component:6_2_X0500_Y1150_S050,B02,0.4840759038925171,0.5260461787691562
author_grid_component:6_2_X0500_Y1150_S050,B03,0.4388614296913147,0.45029998074443883
author_grid_component:6_2_X0500_Y1150_S050,B04,0.21303561329841614,0.43190058659350516
author_grid_component:6_2_X0500_Y1150_S050,B05,0.43903571367263794,0.4396189275439265
author_grid_component:6_2_X0500_Y1150_S050,B06,0.507392406463623,0.5074953660457191
author_grid_component:6_2_X0500_Y1150_S050,B07,0.4199831783771515,0.42014142748020566
author_grid_component:6_2_X0500_Y1150_S050,B08,0.3694045841693878,0.37140136467257984
author_grid_component:6_2_X0500_Y1150_S050,B8A,0.32102152705192566,0.34014922093670547
author_grid_component:6_2_X0500_Y1150_S050,B09,0.3146214485168457,0.3353345057267851
author_grid_component:6_2_X0500_Y1150_S050,B11,-0.07303697615861893,0.21009527193087654
author_grid_component:6_2_X0500_Y1150_S050,B12,-0.061778441071510315,0.19634466946612203
author_grid_component:6_2_X0500_Y1150_S050,NDCI,0.45597073435783386,0.46467337750193977
author_grid_component:6_2_X0500_Y1150_S050,NDVI,0.4775426685810089,0.4896260016504872
author_grid_component:6_2_X0500_Y1150_S050,FAI,0.242690771818161,0.35721572883466407
author_grid_component:6_2_X0500_Y1150_S050,B8AB4,0.4869247078895569,0.503401241463042
author_grid_component:6_2_X0500_Y1150_S050,B3B2,0.14806915819644928,0.25538293809811835
author_grid_component:6_2_X0650_Y0900_S050,B01,0.47358500957489014,0.5055641655596693
author_grid_component:6_2_X0650_Y0900_S050,B02,0.38820967078208923,0.4787215721517179
author_grid_component:6_2_X0650_Y0900_S050,B03,0.22023923695087433,0.47750470883123175
author_grid_component:6_2_X0650_Y0900_S050,B04,-0.02422766387462616,0.5507348214727669
author_grid_component:6_2_X0650_Y0900_S050,B05,0.02997175045311451,0.4714572071498201
author_grid_component:6_2_X0650_Y0900_S050,B06,0.200430765748024,0.3031778128372139
author_grid_component:6_2_X0650_Y0900_S050,B07,0.1200396865606308,0.21564619973359683
author_grid_component:6_2_X0650_Y0900_S050,B08,0.14268968999385834,0.20225794887971738
author_grid_component:6_2_X0650_Y0900_S050,B8A,0.07468421012163162,0.13052488938394408
author_grid_component:6_2_X0650_Y0900_S050,B09,0.08708206564188004,0.1547516024790403
author_grid_component:6_2_X0650_Y0900_S050,B11,-0.11184240877628326,0.1787481784940515
author_grid_component:6_2_X0650_Y0900_S050,B12,-0.1255960911512375,0.18343749726308425
author_grid_component:6_2_X0650_Y0900_S050,NDCI,-0.18335305154323578,0.26274639605071
author_grid_component:6_2_X0650_Y0900_S050,NDVI,0.3050169050693512,0.4177147954015142
author_grid_component:6_2_X0650_Y0900_S050,FAI,0.18344901502132416,0.4981601947788638
author_grid_component:6_2_X0650_Y0900_S050,B8AB4,0.25968876481056213,0.37231968532466553
author_grid_component:6_2_X0650_Y0900_S050,B3B2,-0.2729894816875458,0.3100325725904055
author_grid_component:7_5_X1800_Y1700_S050,B01,-0.09439689666032791,0.2962676751238339
author_grid_component:7_5_X1800_Y1700_S050,B02,0.06438761949539185,0.2923879699214942
author_grid_component:7_5_X1800_Y1700_S050,B03,0.7865360379219055,0.8001876865776998
author_grid_component:7_5_X1800_Y1700_S050,B04,-0.07114263623952866,0.2110102032024959
author_grid_component:7_5_X1800_Y1700_S050,B05,0.7095980048179626,0.8445049453524414
author_grid_component:7_5_X1800_Y1700_S050,B06,0.6028264164924622,0.8441082398744807
author_grid_component:7_5_X1800_Y1700_S050,B07,0.6716551184654236,0.8942705914023736
author_grid_component:7_5_X1800_Y1700_S050,B08,0.6126967072486877,0.7874333783189164
author_grid_component:7_5_X1800_Y1700_S050,B8A,0.5336998105049133,0.6471171717528394
author_grid_component:7_5_X1800_Y1700_S050,B09,0.4865436553955078,0.48662272862041545
author_grid_component:7_5_X1800_Y1700_S050,B11,0.24950392544269562,0.2664140383605032
author_grid_component:7_5_X1800_Y1700_S050,B12,0.037698063999414444,0.14752858187954918
author_grid_component:7_5_X1800_Y1700_S050,NDCI,0.3934027850627899,1.2993647175803817
author_grid_component:7_5_X1800_Y1700_S050,NDVI,-0.2509077787399292,1.193675929792587
author_grid_component:7_5_X1800_Y1700_S050,FAI,0.857800304889679,0.9036492672677188
author_grid_component:7_5_X1800_Y1700_S050,B8AB4,-0.12359831482172012,0.7517649516465263
author_grid_component:7_5_X1800_Y1700_S050,B3B2,1.0108965635299683,1.3278171881300114
