pool,feature,n_finite,n_undefined,mean,std,q05,q25,median,q75,q95
Train,B01,267862,0,0.031507458537817,0.028758766129612923,0.0038999998942017555,0.008700000122189522,0.024800000712275505,0.042399998754262924,0.06390000134706497
Train,B02,267862,0,0.03732144087553024,0.031038446351885796,0.0044999998062849045,0.012600000016391277,0.031599998474121094,0.04989999905228615,0.0746999979019165
Train,B03,267862,0,0.04836476221680641,0.03657175600528717,0.0066999997943639755,0.017899999395012856,0.04749999940395355,0.06360000371932983,0.10939999669790268
Train,B04,267862,0,0.04433866962790489,0.035212691873311996,0.006200000178068876,0.013799999840557575,0.039500001817941666,0.06239999830722809,0.09650000184774399
Train,B05,267862,0,0.047217920422554016,0.035594891756772995,0.008200000040233135,0.017999999225139618,0.045499999076128006,0.06289999932050705,0.09929999709129333
Train,B06,267862,0,0.029665885493159294,0.03240043297410011,0.004399999976158142,0.008899999782443047,0.0215000007301569,0.03620000183582306,0.12069500163197343
Train,B07,267862,0,0.02975723147392273,0.03295304626226425,0.004399999976158142,0.009200000204145908,0.020800000056624413,0.0357000008225441,0.12250000238418579
Train,B08,267862,0,0.026991242542862892,0.03310379013419151,0.003800000064074993,0.007600000128149986,0.01730000041425228,0.03290000185370445,0.12150000035762787
Train,B8A,267862,0,0.024211890995502472,0.03274274617433548,0.002199999988079071,0.006099999882280827,0.012199999764561653,0.029200000688433647,0.1185000017285347
Train,B09,267862,0,0.019009694457054138,0.03213232755661011,0.0,9.999999747378752e-05,0.00570000009611249,0.024700000882148743,0.10130000114440918
Train,B11,267862,0,0.016827529296278954,0.029790880158543587,0.00019999999494757503,0.0015999999595806003,0.004100000020116568,0.0203000009059906,0.08869999647140503
Train,B12,267862,0,0.014992094598710537,0.026967322453856468,0.0003000000142492354,0.001500000013038516,0.0032999999821186066,0.018200000748038292,0.05220000073313713
Train,NDCI,267860,2,0.0680900290608406,0.12843221426010132,-0.0958904329687357,-0.030528686940670013,0.04191615432500839,0.16553476080298424,0.2945736050605774
Train,NDVI,267861,1,-0.281545490026474,0.2406591773033142,-0.6389380097389221,-0.44186046719551086,-0.26315784454345703,-0.14109162986278534,0.007092186249792576
Train,FAI,267862,0,-0.01430431567132473,0.020840080454945564,-0.04572960324585438,-0.0256804246455431,-0.009746559895575047,-0.0034756623208522797,0.00046772507485002277
Train,B8AB4,267860,2,-0.3654222786426544,0.2837914228439331,-0.7749999195337296,-0.5817223191261292,-0.35793769359588623,-0.16598080098628998,-0.013574445573613092
Train,B3B2,267859,3,0.13702607154846191,0.13562579452991486,-0.05194805562496185,0.05627971142530441,0.13513511419296265,0.19533690810203552,0.3333333432674408
Validation,B01,144289,0,0.02561023086309433,0.02624802105128765,0.0038999998942017555,0.010700000450015068,0.01720000058412552,0.033799998462200165,0.06930000334978104
Validation,B02,144289,0,0.029952889308333397,0.023917948827147484,0.00989999994635582,0.016899999231100082,0.023499999195337296,0.03579999879002571,0.06469999998807907
Validation,B03,144289,0,0.038255661725997925,0.023689668625593185,0.016499999910593033,0.024700000882148743,0.032499998807907104,0.04500000178813934,0.0722000002861023
Validation,B04,144289,0,0.03366057574748993,0.020809181034564972,0.015599999576807022,0.02239999920129776,0.02879999950528145,0.03759999945759773,0.06369999796152115
Validation,B05,144289,0,0.043573688715696335,0.027114994823932648,0.01860000006854534,0.0272000003606081,0.03629999980330467,0.05620000138878822,0.08460000157356262
Validation,B06,144289,0,0.027957197278738022,0.026826772838830948,0.006940000038594062,0.011300000362098217,0.01860000006854534,0.035599999129772186,0.07259999960660934
Validation,B07,144289,0,0.02814195305109024,0.02715376205742359,0.007000000216066837,0.011300000362098217,0.01850000023841858,0.0348999984562397,0.0738999992609024
Validation,B08,144289,0,0.024899600073695183,0.026179954409599304,0.006399999838322401,0.00989999994635582,0.016100000590085983,0.030899999663233757,0.06509999930858612
Validation,B8A,144289,0,0.022229613736271858,0.02632693387567997,0.0038999998942017555,0.007000000216066837,0.012500000186264515,0.02669999934732914,0.06880000233650208
Validation,B09,144289,0,0.026406852528452873,0.055464692413806915,0.0,9.999999747378752e-05,0.004000000189989805,0.02070000022649765,0.17560000717639923
Validation,B11,144289,0,0.012939684092998505,0.022705761715769768,9.999999747378752e-05,0.0019000000320374966,0.004699999932199717,0.013799999840557575,0.04560000076889992
Validation,B12,144289,0,0.011643815785646439,0.01934923604130745,0.00039999998989515007,0.0019000000320374966,0.004399999976158142,0.012900000438094139,0.041999999433755875
Validation,NDCI,144289,0,0.11757466197013855,0.0709603875875473,0.029702994972467422,0.07635007053613663,0.10516252368688583,0.13562384247779846,0.2747252583503723
Validation,NDVI,144289,0,-0.23896196484565735,0.1754319816827774,-0.48881784081459045,-0.3860759735107422,-0.25415679812431335,-0.10497234761714935,0.042898841947317135
Validation,FAI,144289,0,-0.0070455847308039665,0.009180499240756035,-0.015329418517649173,-0.012206876650452614,-0.009351853281259537,-0.004039153456687927,0.010320951044559481
Validation,B8AB4,144289,0,-0.33362776041030884,0.23793260753154755,-0.6678199768066406,-0.5374149680137634,-0.37263160943984985,-0.12389381229877472,0.055461424589157156
Validation,B3B2,144289,0,0.15389248728752136,0.10099615901708603,-0.00529099628329277,0.08394700288772583,0.1563636213541031,0.21311473846435547,0.32808399200439453
author_grid_component:6_2_X0500_Y1150_S050,B01,165722,0,0.04710261896252632,0.056080300360918045,0.012299999594688416,0.021400000900030136,0.026799999177455902,0.03959999978542328,0.19040000438690186
author_grid_component:6_2_X0500_Y1150_S050,B02,165722,0,0.052346404641866684,0.05736176669597626,0.01730000041425228,0.024000000208616257,0.03310000151395798,0.04619999974966049,0.188400000333786
author_grid_component:6_2_X0500_Y1150_S050,B03,165722,0,0.06441469490528107,0.0540936216711998,0.02590000070631504,0.03750000149011612,0.04740000143647194,0.06499999761581421,0.1907999962568283
author_grid_component:6_2_X0500_Y1150_S050,B04,165722,0,0.05184022709727287,0.051110196858644485,0.016899999231100082,0.026000000536441803,0.035599999129772186,0.04960000142455101,0.1703999936580658
author_grid_component:6_2_X0500_Y1150_S050,B05,165722,0,0.06284534931182861,0.046782683581113815,0.021400000900030136,0.03539999946951866,0.04859999939799309,0.07559999823570251,0.16429999470710754
author_grid_component:6_2_X0500_Y1150_S050,B06,165722,0,0.04610561951994896,0.04575592279434204,0.00930000003427267,0.019700000062584877,0.02879999950528145,0.053599998354911804,0.14630000293254852
author_grid_component:6_2_X0500_Y1150_S050,B07,165722,0,0.04359695687890053,0.03957895189523697,0.00930000003427267,0.019999999552965164,0.029100000858306885,0.05220000073313713,0.12630000710487366
author_grid_component:6_2_X0500_Y1150_S050,B08,165722,0,0.0392199344933033,0.03896837681531906,0.00800000037997961,0.016499999910593033,0.025499999523162842,0.04569999873638153,0.11779999732971191
author_grid_component:6_2_X0500_Y1150_S050,B8A,165722,0,0.03472301736474037,0.0345110148191452,0.005400000140070915,0.01510000042617321,0.023399999365210533,0.04270000010728836,0.10360000282526016
author_grid_component:6_2_X0500_Y1150_S050,B09,165722,0,0.029119214043021202,0.038908328860998154,9.999999747378752e-05,0.008299999870359898,0.01850000023841858,0.030799999833106995,0.09489999711513519
author_grid_component:6_2_X0500_Y1150_S050,B11,165722,0,0.014651693403720856,0.0201458428055048,0.0007999999797903001,0.005499999970197678,0.00800000037997961,0.017400000244379044,0.06030000001192093
author_grid_component:6_2_X0500_Y1150_S050,B12,165722,0,0.013326095417141914,0.01767645590007305,0.0008999999845400453,0.003800000064074993,0.007300000172108412,0.01640000008046627,0.05939999967813492
author_grid_component:6_2_X0500_Y1150_S050,NDCI,165702,20,0.1266513615846634,0.16392700374126434,-0.07744110375642776,0.010513979010283947,0.09322033822536469,0.21461187303066254,0.4536702632904053
author_grid_component:6_2_X0500_Y1150_S050,NDVI,165698,24,-0.16662046313285828,0.21767081320285797,-0.560675859451294,-0.2554112374782562,-0.16129031777381897,-0.08151839673519135,0.20502489507198318
author_grid_component:6_2_X0500_Y1150_S050,FAI,165722,0,-0.00924662034958601,0.022377749904990196,-0.04338086694478988,-0.01187883596867323,-0.00654073990881443,-0.0029292372055351734,0.015483013726770859
author_grid_component:6_2_X0500_Y1150_S050,B8AB4,165692,30,-0.22723722457885742,0.23973441123962402,-0.7120822668075562,-0.29765962809324265,-0.2012779414653778,-0.11439169943332672,0.1024390310049057
author_grid_component:6_2_X0500_Y1150_S050,B3B2,165705,17,0.15710806846618652,0.10754455626010895,0.0,0.06885921210050583,0.1608578860759735,0.22549021244049072,0.33032492995262136
author_grid_component:6_2_X0650_Y0900_S050,B01,151986,0,0.045127179473638535,0.07111024111509323,0.013500000350177288,0.020899999886751175,0.029600000008940697,0.043699998408555984,0.07000000029802322
author_grid_component:6_2_X0650_Y0900_S050,B02,151986,0,0.049370866268873215,0.0722581222653389,0.017899999395012856,0.02419999986886978,0.031300000846385956,0.04610000178217888,0.07209999859333038
author_grid_component:6_2_X0650_Y0900_S050,B03,151986,0,0.05641929805278778,0.0684165507555008,0.023499999195337296,0.029899999499320984,0.039400000125169754,0.05700000002980232,0.09099999815225601
author_grid_component:6_2_X0650_Y0900_S050,B04,151986,0,0.043485548347234726,0.06524322181940079,0.013500000350177288,0.01850000023841858,0.026000000536441803,0.043800000101327896,0.07079999893903732
author_grid_component:6_2_X0650_Y0900_S050,B05,151986,0,0.04828476160764694,0.06573522090911865,0.013000000268220901,0.019200000911951065,0.028200000524520874,0.051100000739097595,0.10809999704360962
author_grid_component:6_2_X0650_Y0900_S050,B06,151986,0,0.036159928888082504,0.057449374347925186,0.00570000009611249,0.011500000022351742,0.018400000408291817,0.03840000182390213,0.07590000331401825
author_grid_component:6_2_X0650_Y0900_S050,B07,151986,0,0.033712904900312424,0.046564068645238876,0.005799999926239252,0.011599999852478504,0.018200000748038292,0.038100000470876694,0.07660000026226044
author_grid_component:6_2_X0650_Y0900_S050,B08,151986,0,0.03171481192111969,0.04248209670186043,0.00430000014603138,0.01080000028014183,0.01679999940097332,0.03799999877810478,0.07159999758005142
author_grid_component:6_2_X0650_Y0900_S050,B8A,151986,0,0.026657257229089737,0.03566315397620201,0.002400000113993883,0.008899999782443047,0.014499999582767487,0.03200000151991844,0.06499999761581421
author_grid_component:6_2_X0650_Y0900_S050,B09,151986,0,0.021807843819260597,0.031945373862981796,9.999999747378752e-05,0.0052999998442828655,0.012000000104308128,0.02759999968111515,0.06835000216960907
author_grid_component:6_2_X0650_Y0900_S050,B11,151986,0,0.013495645485818386,0.01612231880426407,9.999999747378752e-05,0.003100000089034438,0.006800000090152025,0.019899999722838402,0.04639999940991402
author_grid_component:6_2_X0650_Y0900_S050,B12,151986,0,0.011605104431509972,0.013727311976253986,0.0005000000237487257,0.0026000000070780516,0.00559999980032444,0.017000000923871994,0.0414000004529953
author_grid_component:6_2_X0650_Y0900_S050,NDCI,151986,0,0.04454158991575241,0.10601788014173508,-0.08013936877250671,-0.01626487961038947,0.01935480535030365,0.0755813717842102,0.24810879677534103
author_grid_component:6_2_X0650_Y0900_S050,NDVI,151986,0,-0.20814037322998047,0.20850196480751038,-0.6358503103256226,-0.29914528131484985,-0.17226888239383698,-0.07176472432911396,0.02325581945478916
author_grid_component:6_2_X0650_Y0900_S050,FAI,151986,0,-0.010481223464012146,0.022165603935718536,-0.019922089762985706,-0.010105818510055542,-0.006710318149998784,-0.004715343937277794,0.00042751245200634
author_grid_component:6_2_X0650_Y0900_S050,B8AB4,151986,0,-0.29172483086586,0.22075942158699036,-0.779069721698761,-0.39262669533491135,-0.24864865839481354,-0.14798400551080704,-0.03398869000375271
author_grid_component:6_2_X0650_Y0900_S050,B3B2,151986,0,0.10000165551900864,0.09857401251792908,-0.04072037525475025,0.021944668609648943,0.09771988540887833,0.15948276221752167,0.2751677632331848
author_grid_component:7_5_X1800_Y1700_S050,B01,110951,0,0.028792720288038254,0.017006542533636093,0.010900000110268593,0.018699999898672104,0.026499999687075615,0.034699998795986176,0.0544000007212162
author_grid_component:7_5_X1800_Y1700_S050,B02,110951,0,0.03931993246078491,0.020603900775313377,0.017000000923871994,0.0284000001847744,0.035599999129772186,0.04500000178813934,0.07329999655485153
author_grid_component:7_5_X1800_Y1700_S050,B03,110951,0,0.07712976634502411,0.04114018380641937,0.022750000469386578,0.04390000179409981,0.06930000334978104,0.11029999703168869,0.1446000039577484
author_grid_component:7_5_X1800_Y1700_S050,B04,110951,0,0.04183354601264,0.028379151597619057,0.011500000022351742,0.022299999371170998,0.03620000183582306,0.053599998354911804,0.08889999985694885
author_grid_component:7_5_X1800_Y1700_S050,B05,110951,0,0.07247598469257355,0.06223605200648308,0.00860000029206276,0.019099999219179153,0.035999998450279236,0.14159999787807465,0.1668500006198883
author_grid_component:7_5_X1800_Y1700_S050,B06,110951,0,0.0491977222263813,0.05860339477658272,9.999999747378752e-05,0.0015999999595806003,0.014600000344216824,0.08269999921321869,0.16279999911785126
author_grid_component:7_5_X1800_Y1700_S050,B07,110951,0,0.05189031362533569,0.06504900753498077,9.999999747378752e-05,0.002099999925121665,0.01510000042617321,0.08070000261068344,0.17754999548196793
author_grid_component:7_5_X1800_Y1700_S050,B08,110951,0,0.047273825854063034,0.06912588328123093,9.999999747378752e-05,0.001500000013038516,0.014000000432133675,0.05829999968409538,0.20919999480247498
author_grid_component:7_5_X1800_Y1700_S050,B8A,110951,0,0.041686687618494034,0.06377004086971283,9.999999747378752e-05,0.0008999999845400453,0.012500000186264515,0.04729999974370003,0.1746000051498413
author_grid_component:7_5_X1800_Y1700_S050,B09,110951,0,0.03464347496628761,0.05463191866874695,9.999999747378752e-05,9.999999747378752e-05,0.009800000116229057,0.053599998354911804,0.12020000070333481
author_grid_component:7_5_X1800_Y1700_S050,B11,110951,0,0.024260470643639565,0.035684578120708466,9.999999747378752e-05,0.002199999988079071,0.007899999618530273,0.027000000700354576,0.10620000213384628
author_grid_component:7_5_X1800_Y1700_S050,B12,110951,0,0.016008710488677025,0.023508308455348015,9.999999747378752e-05,0.002099999925121665,0.006300000008195639,0.019200000911951065,0.06859999895095825
author_grid_component:7_5_X1800_Y1700_S050,NDCI,110951,0,0.11861561983823776,0.3081941306591034,-0.32942892611026764,-0.12863071262836456,0.04301077872514725,0.420604944229126,0.5166445970535278
author_grid_component:7_5_X1800_Y1700_S050,NDVI,110948,3,-0.34192875027656555,0.5265440344810486,-0.9920000433921814,-0.8700595051050186,-0.3864338546991348,0.05222059600055218,0.5415527522563933
author_grid_component:7_5_X1800_Y1700_S050,FAI,110951,0,0.003572311485186219,0.05159790441393852,-0.029029101133346558,-0.018774603493511677,-0.012327514588832855,-0.0005079365218989551,0.09615608677268028
author_grid_component:7_5_X1800_Y1700_S050,B8AB4,110951,0,-0.4004984200000763,0.5064629316329956,-0.992307722568512,-0.910891056060791,-0.42517346143722534,-0.057204896584153175,0.4884224385023117
author_grid_component:7_5_X1800_Y1700_S050,B3B2,110951,0,0.274129718542099,0.2554475963115692,0.07939083129167557,0.17012882977724075,0.24571426212787628,0.46552903950214386,0.5718194842338562
