pool,unit,dimension,value,count,proportion,total
Train,patch,month,1,11,0.11458333333333333,96
Train,patch,month,2,3,0.03125,96
Train,patch,month,3,20,0.20833333333333334,96
Train,patch,month,4,11,0.11458333333333333,96
Train,patch,month,5,6,0.0625,96
Train,patch,month,6,0,0.0,96
Train,patch,month,7,0,0.0,96
Train,patch,month,8,0,0.0,96
Train,patch,month,9,14,0.14583333333333334,96
Train,patch,month,10,1,0.010416666666666666,96
Train,patch,month,11,16,0.16666666666666666,96
Train,patch,month,12,14,0.14583333333333334,96
Train,patch,season,DJF,28,0.2916666666666667,96
Train,patch,season,MAM,37,0.3854166666666667,96
Train,patch,season,JJA,0,0.0,96
Train,patch,season,SON,31,0.3229166666666667,96
Train,patch,year,2019,68,0.7083333333333334,96
Train,patch,year,2020,28,0.2916666666666667,96
Train,unique_date,month,1,4,0.14814814814814814,27
Train,unique_date,month,2,1,0.037037037037037035,27
Train,unique_date,month,3,3,0.1111111111111111,27
Train,unique_date,month,4,4,0.14814814814814814,27
Train,unique_date,month,5,2,0.07407407407407407,27
Train,unique_date,month,6,0,0.0,27
Train,unique_date,month,7,0,0.0,27
Train,unique_date,month,8,0,0.0,27
Train,unique_date,month,9,3,0.1111111111111111,27
Train,unique_date,month,10,1,0.037037037037037035,27
Train,unique_date,month,11,5,0.18518518518518517,27
Train,unique_date,month,12,4,0.14814814814814814,27
Train,unique_date,season,DJF,9,0.3333333333333333,27
Train,unique_date,season,MAM,9,0.3333333333333333,27
Train,unique_date,season,JJA,0,0.0,27
Train,unique_date,season,SON,9,0.3333333333333333,27
Train,unique_date,year,2019,17,0.6296296296296297,27
Train,unique_date,year,2020,10,0.37037037037037035,27
Validation,patch,month,1,16,0.3333333333333333,48
Validation,patch,month,2,0,0.0,48
Validation,patch,month,3,2,0.041666666666666664,48
Validation,patch,month,4,5,0.10416666666666667,48
Validation,patch,month,5,0,0.0,48
Validation,patch,month,6,0,0.0,48
Validation,patch,month,7,0,0.0,48
Validation,patch,month,8,0,0.0,48
Validation,patch,month,9,11,0.22916666666666666,48
Validation,patch,month,10,7,0.14583333333333334,48
Validation,patch,month,11,3,0.0625,48
Validation,patch,month,12,4,0.08333333333333333,48
Validation,patch,season,DJF,20,0.4166666666666667,48
Validation,patch,season,MAM,7,0.14583333333333334,48
Validation,patch,season,JJA,0,0.0,48
Validation,patch,season,SON,21,0.4375,48
Validation,patch,year,2019,29,0.6041666666666666,48
Validation,patch,year,2020,19,0.3958333333333333,48
Validation,unique_date,month,1,5,0.20833333333333334,24
Validation,unique_date,month,2,0,0.0,24
Validation,unique_date,month,3,2,0.08333333333333333,24
Validation,unique_date,month,4,2,0.08333333333333333,24
Validation,unique_date,month,5,0,0.0,24
Validation,unique_date,month,6,0,0.0,24
Validation,unique_date,month,7,0,0.0,24
Validation,unique_date,month,8,0,0.0,24
Validation,unique_date,month,9,4,0.16666666666666666,24
Validation,unique_date,month,10,5,0.20833333333333334,24
Validation,unique_date,month,11,3,0.125,24
Validation,unique_date,month,12,3,0.125,24
Validation,unique_date,season,DJF,8,0.3333333333333333,24
Validation,unique_date,season,MAM,4,0.16666666666666666,24
Validation,unique_date,season,JJA,0,0.0,24
Validation,unique_date,season,SON,12,0.5,24
Validation,unique_date,year,2019,13,0.5416666666666666,24
Validation,unique_date,year,2020,11,0.4583333333333333,24
author_grid_component:6_2_X0500_Y1150_S050,patch,month,1,0,0.0,48
author_grid_component:6_2_X0500_Y1150_S050,patch,month,2,0,0.0,48
author_grid_component:6_2_X0500_Y1150_S050,patch,month,3,7,0.14583333333333334,48
author_grid_component:6_2_X0500_Y1150_S050,patch,month,4,5,0.10416666666666667,48
author_grid_component:6_2_X0500_Y1150_S050,patch,month,5,2,0.041666666666666664,48
author_grid_component:6_2_X0500_Y1150_S050,patch,month,6,0,0.0,48
author_grid_component:6_2_X0500_Y1150_S050,patch,month,7,10,0.20833333333333334,48
author_grid_component:6_2_X0500_Y1150_S050,patch,month,8,13,0.2708333333333333,48
author_grid_component:6_2_X0500_Y1150_S050,patch,month,9,7,0.14583333333333334,48
author_grid_component:6_2_X0500_Y1150_S050,patch,month,10,0,0.0,48
author_grid_component:6_2_X0500_Y1150_S050,patch,month,11,0,0.0,48
author_grid_component:6_2_X0500_Y1150_S050,patch,month,12,4,0.08333333333333333,48
author_grid_component:6_2_X0500_Y1150_S050,patch,season,DJF,4,0.08333333333333333,48
author_grid_component:6_2_X0500_Y1150_S050,patch,season,MAM,14,0.2916666666666667,48
author_grid_component:6_2_X0500_Y1150_S050,patch,season,JJA,23,0.4791666666666667,48
author_grid_component:6_2_X0500_Y1150_S050,patch,season,SON,7,0.14583333333333334,48
author_grid_component:6_2_X0500_Y1150_S050,patch,year,2019,25,0.5208333333333334,48
author_grid_component:6_2_X0500_Y1150_S050,patch,year,2020,23,0.4791666666666667,48
author_grid_component:6_2_X0500_Y1150_S050,unique_date,month,1,0,0.0,14
author_grid_component:6_2_X0500_Y1150_S050,unique_date,month,2,0,0.0,14
author_grid_component:6_2_X0500_Y1150_S050,unique_date,month,3,2,0.14285714285714285,14
author_grid_component:6_2_X0500_Y1150_S050,unique_date,month,4,1,0.07142857142857142,14
author_grid_component:6_2_X0500_Y1150_S050,unique_date,month,5,1,0.07142857142857142,14
author_grid_component:6_2_X0500_Y1150_S050,unique_date,month,6,0,0.0,14
author_grid_component:6_2_X0500_Y1150_S050,unique_date,month,7,2,0.14285714285714285,14
author_grid_component:6_2_X0500_Y1150_S050,unique_date,month,8,4,0.2857142857142857,14
author_grid_component:6_2_X0500_Y1150_S050,unique_date,month,9,2,0.14285714285714285,14
author_grid_component:6_2_X0500_Y1150_S050,unique_date,month,10,0,0.0,14
author_grid_component:6_2_X0500_Y1150_S050,unique_date,month,11,0,0.0,14
author_grid_component:6_2_X0500_Y1150_S050,unique_date,month,12,2,0.14285714285714285,14
author_grid_component:6_2_X0500_Y1150_S050,unique_date,season,DJF,2,0.14285714285714285,14
author_grid_component:6_2_X0500_Y1150_S050,unique_date,season,MAM,4,0.2857142857142857,14
author_grid_component:6_2_X0500_Y1150_S050,unique_date,season,JJA,6,0.42857142857142855,14
author_grid_component:6_2_X0500_Y1150_S050,unique_date,season,SON,2,0.14285714285714285,14
author_grid_component:6_2_X0500_Y1150_S050,unique_date,year,2019,6,0.42857142857142855,14
author_grid_component:6_2_X0500_Y1150_S050,unique_date,year,2020,8,0.5714285714285714,14
author_grid_component:6_2_X0650_Y0900_S050,patch,month,1,2,0.041666666666666664,48
author_grid_component:6_2_X0650_Y0900_S050,patch,month,2,0,0.0,48
author_grid_component:6_2_X0650_Y0900_S050,patch,month,3,2,0.041666666666666664,48
author_grid_component:6_2_X0650_Y0900_S050,patch,month,4,1,0.020833333333333332,48
author_grid_component:6_2_X0650_Y0900_S050,patch,month,5,6,0.125,48
author_grid_component:6_2_X0650_Y0900_S050,patch,month,6,9,0.1875,48
author_grid_component:6_2_X0650_Y0900_S050,patch,month,7,8,0.16666666666666666,48
author_grid_component:6_2_X0650_Y0900_S050,patch,month,8,7,0.14583333333333334,48
author_grid_component:6_2_X0650_Y0900_S050,patch,month,9,6,0.125,48
author_grid_component:6_2_X0650_Y0900_S050,patch,month,10,3,0.0625,48
author_grid_component:6_2_X0650_Y0900_S050,patch,month,11,4,0.08333333333333333,48
author_grid_component:6_2_X0650_Y0900_S050,patch,month,12,0,0.0,48
author_grid_component:6_2_X0650_Y0900_S050,patch,season,DJF,2,0.041666666666666664,48
author_grid_component:6_2_X0650_Y0900_S050,patch,season,MAM,9,0.1875,48
author_grid_component:6_2_X0650_Y0900_S050,patch,season,JJA,24,0.5,48
author_grid_component:6_2_X0650_Y0900_S050,patch,season,SON,13,0.2708333333333333,48
author_grid_component:6_2_X0650_Y0900_S050,patch,year,2019,32,0.6666666666666666,48
author_grid_component:6_2_X0650_Y0900_S050,patch,year,2020,16,0.3333333333333333,48
author_grid_component:6_2_X0650_Y0900_S050,unique_date,month,1,2,0.07407407407407407,27
author_grid_component:6_2_X0650_Y0900_S050,unique_date,month,2,0,0.0,27
author_grid_component:6_2_X0650_Y0900_S050,unique_date,month,3,1,0.037037037037037035,27
author_grid_component:6_2_X0650_Y0900_S050,unique_date,month,4,1,0.037037037037037035,27
author_grid_component:6_2_X0650_Y0900_S050,unique_date,month,5,4,0.14814814814814814,27
author_grid_component:6_2_X0650_Y0900_S050,unique_date,month,6,4,0.14814814814814814,27
author_grid_component:6_2_X0650_Y0900_S050,unique_date,month,7,4,0.14814814814814814,27
author_grid_component:6_2_X0650_Y0900_S050,unique_date,month,8,3,0.1111111111111111,27
author_grid_component:6_2_X0650_Y0900_S050,unique_date,month,9,3,0.1111111111111111,27
author_grid_component:6_2_X0650_Y0900_S050,unique_date,month,10,3,0.1111111111111111,27
author_grid_component:6_2_X0650_Y0900_S050,unique_date,month,11,2,0.07407407407407407,27
author_grid_component:6_2_X0650_Y0900_S050,unique_date,month,12,0,0.0,27
author_grid_component:6_2_X0650_Y0900_S050,unique_date,season,DJF,2,0.07407407407407407,27
author_grid_component:6_2_X0650_Y0900_S050,unique_date,season,MAM,6,0.2222222222222222,27
author_grid_component:6_2_X0650_Y0900_S050,unique_date,season,JJA,11,0.4074074074074074,27
author_grid_component:6_2_X0650_Y0900_S050,unique_date,season,SON,8,0.2962962962962963,27
author_grid_component:6_2_X0650_Y0900_S050,unique_date,year,2019,17,0.6296296296296297,27
author_grid_component:6_2_X0650_Y0900_S050,unique_date,year,2020,10,0.37037037037037035,27
author_grid_component:7_5_X1800_Y1700_S050,patch,month,1,15,0.3125,48
author_grid_component:7_5_X1800_Y1700_S050,patch,month,2,4,0.08333333333333333,48
author_grid_component:7_5_X1800_Y1700_S050,patch,month,3,14,0.2916666666666667,48
author_grid_component:7_5_X1800_Y1700_S050,patch,month,4,4,0.08333333333333333,48
author_grid_component:7_5_X1800_Y1700_S050,patch,month,5,0,0.0,48
author_grid_component:7_5_X1800_Y1700_S050,patch,month,6,0,0.0,48
author_grid_component:7_5_X1800_Y1700_S050,patch,month,7,0,0.0,48
author_grid_component:7_5_X1800_Y1700_S050,patch,month,8,0,0.0,48
author_grid_component:7_5_X1800_Y1700_S050,patch,month,9,0,0.0,48
author_grid_component:7_5_X1800_Y1700_S050,patch,month,10,0,0.0,48
author_grid_component:7_5_X1800_Y1700_S050,patch,month,11,4,0.08333333333333333,48
author_grid_component:7_5_X1800_Y1700_S050,patch,month,12,7,0.14583333333333334,48
author_grid_component:7_5_X1800_Y1700_S050,patch,season,DJF,26,0.5416666666666666,48
author_grid_component:7_5_X1800_Y1700_S050,patch,season,MAM,18,0.375,48
author_grid_component:7_5_X1800_Y1700_S050,patch,season,JJA,0,0.0,48
author_grid_component:7_5_X1800_Y1700_S050,patch,season,SON,4,0.08333333333333333,48
author_grid_component:7_5_X1800_Y1700_S050,patch,year,2019,33,0.6875,48
author_grid_component:7_5_X1800_Y1700_S050,patch,year,2020,15,0.3125,48
author_grid_component:7_5_X1800_Y1700_S050,unique_date,month,1,5,0.35714285714285715,14
author_grid_component:7_5_X1800_Y1700_S050,unique_date,month,2,1,0.07142857142857142,14
author_grid_component:7_5_X1800_Y1700_S050,unique_date,month,3,4,0.2857142857142857,14
author_grid_component:7_5_X1800_Y1700_S050,unique_date,month,4,1,0.07142857142857142,14
author_grid_component:7_5_X1800_Y1700_S050,unique_date,month,5,0,0.0,14
author_grid_component:7_5_X1800_Y1700_S050,unique_date,month,6,0,0.0,14
author_grid_component:7_5_X1800_Y1700_S050,unique_date,month,7,0,0.0,14
author_grid_component:7_5_X1800_Y1700_S050,unique_date,month,8,0,0.0,14
author_grid_component:7_5_X1800_Y1700_S050,unique_date,month,9,0,0.0,14
author_grid_component:7_5_X1800_Y1700_S050,unique_date,month,10,0,0.0,14
author_grid_component:7_5_X1800_Y1700_S050,unique_date,month,11,1,0.07142857142857142,14
author_grid_component:7_5_X1800_Y1700_S050,unique_date,month,12,2,0.14285714285714285,14
author_grid_component:7_5_X1800_Y1700_S050,unique_date,season,DJF,8,0.5714285714285714,14
author_grid_component:7_5_X1800_Y1700_S050,unique_date,season,MAM,5,0.35714285714285715,14
author_grid_component:7_5_X1800_Y1700_S050,unique_date,season,JJA,0,0.0,14
author_grid_component:7_5_X1800_Y1700_S050,unique_date,season,SON,1,0.07142857142857142,14
author_grid_component:7_5_X1800_Y1700_S050,unique_date,year,2019,9,0.6428571428571429,14
author_grid_component:7_5_X1800_Y1700_S050,unique_date,year,2020,5,0.35714285714285715,14
