pool,class,feature,n,mean,std,q10,median,q90
train_sample,Low,B01,18260,0.030042586848139763,0.024485602974891663,0.00430000014603138,0.029100000858306885,0.0494999997317791
train_sample,Low,B02,18260,0.03515971824526787,0.026386156678199768,0.00419999985024333,0.033900000154972076,0.061000000685453415
train_sample,Low,B03,18260,0.04517415538430214,0.03154105693101883,0.006300000008195639,0.047200001776218414,0.08030000329017639
train_sample,Low,B04,18260,0.04312289506196976,0.031143931671977043,0.006200000178068876,0.043150000274181366,0.07559999823570251
train_sample,Low,B05,18260,0.0440252311527729,0.03021104447543621,0.008299999870359898,0.045649997889995575,0.07220999896526337
train_sample,Low,B06,18260,0.028646335005760193,0.0291273295879364,0.004699999932199717,0.02319999970495701,0.04969999939203262
train_sample,Low,B07,18260,0.02877560257911682,0.02995123527944088,0.004800000227987766,0.022600000724196434,0.051500000059604645
train_sample,Low,B08,18260,0.02640240266919136,0.03130640089511871,0.00419999985024333,0.01889999955892563,0.04399999976158142
train_sample,Low,B8A,18260,0.023634644225239754,0.03003513440489769,0.002899999963119626,0.01484999991953373,0.04729999974370003
train_sample,Low,B09,18260,0.019498296082019806,0.03138098120689392,9.999999747378752e-05,0.009399999864399433,0.046300001442432404
train_sample,Low,B11,18260,0.01567881740629673,0.024913782253861427,0.000699999975040555,0.006099999882280827,0.03739999979734421
train_sample,Low,B12,18260,0.013759007677435875,0.02210143208503723,0.000699999975040555,0.004600000102072954,0.035909999161958694
train_sample,Low,NDCI,18260,0.0491337813436985,0.12577620148658752,-0.06506069004535675,0.019482308998703957,0.21623201668262482
train_sample,Low,NDVI,18260,-0.2797653079032898,0.27117493748664856,-0.6000000238418579,-0.29847097396850586,-0.028193512931466103
train_sample,Low,FAI,18260,-0.013679982163012028,0.02393929474055767,-0.03802809864282608,-0.009792327880859375,-0.0004569837765302509
train_sample,Low,B8AB4,18260,-0.35902249813079834,0.3158396780490875,-0.735357940196991,-0.3755147159099579,-0.03533206135034561
train_sample,Low,B3B2,18260,0.14543020725250244,0.16033656895160675,-0.006497739348560572,0.13741573691368103,0.27589738368988037
train_sample,Low,NDCI_missing,18260,0.0,0.0,0.0,0.0,0.0
train_sample,Low,NDVI_missing,18260,0.0,0.0,0.0,0.0,0.0
train_sample,Low,FAI_missing,18260,0.0,0.0,0.0,0.0,0.0
train_sample,Low,B8AB4_missing,18260,0.0,0.0,0.0,0.0,0.0
train_sample,Low,B3B2_missing,18260,5.476451406138949e-05,0.007400101982057095,0.0,0.0,0.0
train_sample,Moderate,B01,6224,0.03805229812860489,0.04748397693037987,0.00419999985024333,0.02290000021457672,0.1332700103521347
train_sample,Moderate,B02,6224,0.04360319674015045,0.04994328320026398,0.005499999970197678,0.02630000002682209,0.14237000048160553
train_sample,Moderate,B03,6224,0.05635925009846687,0.05507934093475342,0.010529999621212482,0.038100000470876694,0.1573600023984909
train_sample,Moderate,B04,6224,0.04702368378639221,0.05250775068998337,0.009499999694526196,0.028749998658895493,0.1502700001001358
train_sample,Moderate,B05,6224,0.05970032140612602,0.05453268811106682,0.015599999576807022,0.043699998408555984,0.16606999933719635
train_sample,Moderate,B06,6224,0.04125753417611122,0.05272909253835678,0.00559999980032444,0.017949998378753662,0.1445000022649765
train_sample,Moderate,B07,6224,0.04182308539748192,0.053605616092681885,0.00559999980032444,0.017999999225139618,0.1462000012397766
train_sample,Moderate,B08,6224,0.038752954453229904,0.05404563620686531,0.004399999976158142,0.014600000344216824,0.13979999721050262
train_sample,Moderate,B8A,6224,0.03604595363140106,0.05355816334486008,0.002400000113993883,0.011300000362098217,0.13937000930309296
train_sample,Moderate,B09,6224,0.030951928347349167,0.05182288587093353,0.0,0.006599999964237213,0.12780000269412994
train_sample,Moderate,B11,6224,0.029502393677830696,0.04967590048909187,0.00139999995008111,0.004600000102072954,0.12967000901699066
train_sample,Moderate,B12,6224,0.02546515129506588,0.044449906796216965,0.00139999995008111,0.003599999938160181,0.11876999586820602
train_sample,Moderate,NDCI,6224,0.1801469922065735,0.1026892364025116,0.04332224279642105,0.1869281381368637,0.30924537777900696
train_sample,Moderate,NDVI,6224,-0.2266252189874649,0.22326113283634186,-0.507210910320282,-0.2044306844472885,-0.029220299795269966
train_sample,Moderate,FAI,6224,-0.007269521709531546,0.022155916318297386,-0.019190527498722076,-0.007961905561387539,-0.0022280423436313868
train_sample,Moderate,B8AB4,6224,-0.32632976770401,0.28573715686798096,-0.6831682920455933,-0.31293028593063354,-0.04584404453635216
train_sample,Moderate,B3B2,6224,0.19091571867465973,0.15221190452575684,0.03601689264178276,0.16415387392044067,0.3655816912651062
train_sample,Moderate,NDCI_missing,6224,0.00016066837997641414,0.012674483470618725,0.0,0.0,0.0
train_sample,Moderate,NDVI_missing,6224,0.0,0.0,0.0,0.0,0.0
train_sample,Moderate,FAI_missing,6224,0.0,0.0,0.0,0.0,0.0
train_sample,Moderate,B8AB4_missing,6224,0.00016066837997641414,0.012674483470618725,0.0,0.0,0.0
train_sample,Moderate,B3B2_missing,6224,0.0,0.0,0.0,0.0,0.0
train_sample,High,B01,56,0.022869644686579704,0.003383991774171591,0.022199999541044235,0.023399999365210533,0.02459999918937683
train_sample,High,B02,56,0.028116071596741676,0.0027610023971647024,0.02419999986886978,0.0284000001847744,0.030400000512599945
train_sample,High,B03,56,0.053707145154476166,0.00570635125041008,0.0458500012755394,0.053599998354911804,0.060350000858306885
train_sample,High,B04,56,0.033707145601511,0.0015355146024376154,0.031700000166893005,0.033799998462200165,0.03579999879002571
train_sample,High,B05,56,0.056589286774396896,0.011173080652952194,0.04515000060200691,0.05285000056028366,0.07225000113248825
train_sample,High,B06,56,0.024562498554587364,0.009772785939276218,0.014949999749660492,0.018400000408291817,0.03819999843835831
train_sample,High,B07,56,0.02379821427166462,0.008689885959029198,0.014800000004470348,0.019099999219179153,0.03604999929666519
train_sample,High,B08,56,0.019639285281300545,0.007462230511009693,0.011900000274181366,0.016499999910593033,0.030499998480081558
train_sample,High,B8A,56,0.013457142747938633,0.004436249379068613,0.008750000037252903,0.012399999424815178,0.01940000057220459
train_sample,High,B09,56,0.003599999938160181,0.005236444994807243,9.999999747378752e-05,0.0024500000290572643,0.006500000134110451
train_sample,High,B11,56,0.0037625001277774572,0.0022899284958839417,0.0010500000789761543,0.004549999721348286,0.0064500002190470695
train_sample,High,B12,56,0.0031107142567634583,0.0015501932939514518,0.0012499999720603228,0.0038499999791383743,0.004800000227987766
train_sample,High,NDCI,56,0.24290435016155243,0.08688013255596161,0.15037712454795837,0.20876947045326233,0.3581191897392273
train_sample,High,NDVI,56,-0.2876012623310089,0.16973590850830078,-0.4681588411331177,-0.3680889308452606,-0.061918966472148895
train_sample,High,FAI,56,-0.013912509195506573,0.004748098086565733,-0.01908941939473152,-0.016349205747246742,-0.007164285518229008
train_sample,High,B8AB4,56,-0.4415629506111145,0.12886278331279755,-0.5788199305534363,-0.47104135155677795,-0.2641906142234802
train_sample,High,B3B2,56,0.3121914565563202,0.023766247555613518,0.2783142626285553,0.31661975383758545,0.3375144898891449
train_sample,High,NDCI_missing,56,0.0,0.0,0.0,0.0,0.0
train_sample,High,NDVI_missing,56,0.0,0.0,0.0,0.0,0.0
train_sample,High,FAI_missing,56,0.0,0.0,0.0,0.0,0.0
train_sample,High,B8AB4_missing,56,0.0,0.0,0.0,0.0,0.0
train_sample,High,B3B2_missing,56,0.0,0.0,0.0,0.0,0.0
