sample_id,minimum_valid_reference_fraction,passes_coverage_scenario,qualified_for_training,note
6_2_X0650_Y0900_S050_2019_01_04_x0_y320_64x64_1,0.05,True,False,Scenario only; valid water-area coverage is UNKNOWN
6_2_X0650_Y0900_S050_2019_01_04_x0_y320_64x64_1,0.5,True,False,Scenario only; valid water-area coverage is UNKNOWN
6_2_X0650_Y0900_S050_2019_01_04_x0_y320_64x64_1,0.8,False,False,Scenario only; valid water-area coverage is UNKNOWN
6_2_X0650_Y0900_S050_2019_01_04_x0_y320_64x64_1,0.95,False,False,Scenario only; valid water-area coverage is UNKNOWN
6_2_X0650_Y0900_S050_2020_06_17_x320_y704_64x64_57,0.05,True,False,Scenario only; valid water-area coverage is UNKNOWN
6_2_X0650_Y0900_S050_2020_06_17_x320_y704_64x64_57,0.5,True,False,Scenario only; valid water-area coverage is UNKNOWN
6_2_X0650_Y0900_S050_2020_06_17_x320_y704_64x64_57,0.8,True,False,Scenario only; valid water-area coverage is UNKNOWN
6_2_X0650_Y0900_S050_2020_06_17_x320_y704_64x64_57,0.95,True,False,Scenario only; valid water-area coverage is UNKNOWN
6_2_X1800_Y1050_S050_2020_07_08_x448_y128_64x64_70,0.05,True,False,Scenario only; valid water-area coverage is UNKNOWN
6_2_X1800_Y1050_S050_2020_07_08_x448_y128_64x64_70,0.5,True,False,Scenario only; valid water-area coverage is UNKNOWN
6_2_X1800_Y1050_S050_2020_07_08_x448_y128_64x64_70,0.8,True,False,Scenario only; valid water-area coverage is UNKNOWN
6_2_X1800_Y1050_S050_2020_07_08_x448_y128_64x64_70,0.95,True,False,Scenario only; valid water-area coverage is UNKNOWN
6_2_X1850_Y1150_S050_2020_11_08_x64_y64_64x64_13,0.05,True,False,Scenario only; valid water-area coverage is UNKNOWN
6_2_X1850_Y1150_S050_2020_11_08_x64_y64_64x64_13,0.5,True,False,Scenario only; valid water-area coverage is UNKNOWN
6_2_X1850_Y1150_S050_2020_11_08_x64_y64_64x64_13,0.8,True,False,Scenario only; valid water-area coverage is UNKNOWN
6_2_X1850_Y1150_S050_2020_11_08_x64_y64_64x64_13,0.95,True,False,Scenario only; valid water-area coverage is UNKNOWN
7_2_X0000_Y1750_S050_2019_02_09_x384_y640_64x64_1,0.05,True,False,Scenario only; valid water-area coverage is UNKNOWN
7_2_X0000_Y1750_S050_2019_02_09_x384_y640_64x64_1,0.5,False,False,Scenario only; valid water-area coverage is UNKNOWN
7_2_X0000_Y1750_S050_2019_02_09_x384_y640_64x64_1,0.8,False,False,Scenario only; valid water-area coverage is UNKNOWN
7_2_X0000_Y1750_S050_2019_02_09_x384_y640_64x64_1,0.95,False,False,Scenario only; valid water-area coverage is UNKNOWN
7_2_X0050_Y1850_S050_2020_02_19_x192_y640_64x64_44,0.05,True,False,Scenario only; valid water-area coverage is UNKNOWN
7_2_X0050_Y1850_S050_2020_02_19_x192_y640_64x64_44,0.5,True,False,Scenario only; valid water-area coverage is UNKNOWN
7_2_X0050_Y1850_S050_2020_02_19_x192_y640_64x64_44,0.8,True,False,Scenario only; valid water-area coverage is UNKNOWN
7_2_X0050_Y1850_S050_2020_02_19_x192_y640_64x64_44,0.95,True,False,Scenario only; valid water-area coverage is UNKNOWN
7_2_X0100_Y1900_S050_2019_08_28_x128_y640_64x64_33,0.05,True,False,Scenario only; valid water-area coverage is UNKNOWN
7_2_X0100_Y1900_S050_2019_08_28_x128_y640_64x64_33,0.5,True,False,Scenario only; valid water-area coverage is UNKNOWN
7_2_X0100_Y1900_S050_2019_08_28_x128_y640_64x64_33,0.8,True,False,Scenario only; valid water-area coverage is UNKNOWN
7_2_X0100_Y1900_S050_2019_08_28_x128_y640_64x64_33,0.95,True,False,Scenario only; valid water-area coverage is UNKNOWN
7_2_X1050_Y1550_S050_2020_10_23_x64_y320_64x64_7,0.05,True,False,Scenario only; valid water-area coverage is UNKNOWN
7_2_X1050_Y1550_S050_2020_10_23_x64_y320_64x64_7,0.5,False,False,Scenario only; valid water-area coverage is UNKNOWN
7_2_X1050_Y1550_S050_2020_10_23_x64_y320_64x64_7,0.8,False,False,Scenario only; valid water-area coverage is UNKNOWN
7_2_X1050_Y1550_S050_2020_10_23_x64_y320_64x64_7,0.95,False,False,Scenario only; valid water-area coverage is UNKNOWN
