parent_group,candidate_component,samples,unique_dates,verified_waterbody,usable_as_final_holdout_group
6_2_X0650_Y0900_S050,candidate_component:6_2_X0650_Y0900_S050,2271,27,False,False
6_2_X0650_Y0950_S050,candidate_component:6_2_X0650_Y0900_S050,1674,32,False,False
6_2_X1800_Y1050_S050,candidate_component:6_2_X1800_Y1050_S050,415,5,False,False
6_2_X1800_Y1150_S050,candidate_component:6_2_X1800_Y1050_S050,318,3,False,False
6_2_X1850_Y1100_S050,candidate_component:6_2_X1800_Y1050_S050,876,9,False,False
6_2_X1850_Y1150_S050,candidate_component:6_2_X1800_Y1050_S050,789,17,False,False
7_2_X0000_Y1750_S050,candidate_component:7_2_X0000_Y1750_S050,210,25,False,False
7_2_X0000_Y1800_S050,candidate_component:7_2_X0000_Y1750_S050,2007,25,False,False
7_2_X0050_Y1800_S050,candidate_component:7_2_X0000_Y1750_S050,2699,25,False,False
7_2_X0050_Y1850_S050,candidate_component:7_2_X0000_Y1750_S050,2830,25,False,False
7_2_X0050_Y1900_S050,candidate_component:7_2_X0000_Y1750_S050,1059,25,False,False
7_2_X0100_Y1850_S050,candidate_component:7_2_X0000_Y1750_S050,2683,25,False,False
7_2_X0100_Y1900_S050,candidate_component:7_2_X0000_Y1750_S050,2396,25,False,False
7_2_X0150_Y1900_S050,candidate_component:7_2_X0000_Y1750_S050,2370,25,False,False
7_2_X0150_Y1950_S050,candidate_component:7_2_X0000_Y1750_S050,915,20,False,False
7_2_X0200_Y1950_S050,candidate_component:7_2_X0000_Y1750_S050,724,20,False,False
7_2_X1050_Y1550_S050,candidate_component:7_2_X1050_Y1550_S050,282,14,False,False
