strategy,model,partition,class,support,predicted,precision,recall,f1
geographic,NDCI,validation,Low,27907,30193,0.8628490047361971,0.9335292220589816,0.8967986230636833
geographic,NDCI,validation,Moderate,9723,7445,0.7497649429147079,0.574102643217114,0.6502795899347623
geographic,NDCI,validation,High,8,0,,0.0,0.0
geographic,NDCI,test,Low,106496,88736,0.9895645510277677,0.8245380108173077,0.8995451565317161
geographic,NDCI,test,Moderate,6339,24070,0.22488574989613627,0.8539201766840195,0.3560130224604558
geographic,NDCI,test,High,0,29,0.0,,
geographic,NDVI,validation,Low,27907,18509,0.6714031011940137,0.4453004622496148,0.535461909686315
geographic,NDVI,validation,Moderate,9723,19129,0.19033927544565843,0.37447289931091227,0.2523915153195619
geographic,NDVI,validation,High,8,0,,0.0,0.0
geographic,NDVI,test,Low,106496,76975,0.9197791490743747,0.6648137019230769,0.7717840966692284
geographic,NDVI,test,Moderate,6339,35833,0.004576786760807077,0.025871588578640164,0.007777672389263018
geographic,NDVI,test,High,0,27,0.0,,
geographic,FAI,validation,Low,27907,25009,0.7261385901075613,0.6507327910560075,0.6863708519162446
geographic,FAI,validation,Moderate,9723,12629,0.2275714625069285,0.29558778154890464,0.2571581961345741
geographic,FAI,validation,High,8,0,,0.0,0.0
geographic,FAI,test,Low,106496,86297,0.927332352225454,0.7514460637019231,0.8301753694376871
geographic,FAI,test,Moderate,6339,26536,0.0025625565269822128,0.01072724404480202,0.004136882129277567
geographic,FAI,test,High,0,2,0.0,,
geographic,B8AB4,validation,Low,27907,20746,0.646630675792924,0.48070376608019494,0.5514562308593509
geographic,B8AB4,validation,Moderate,9723,16892,0.14160549372484016,0.24601460454592203,0.17974826225812512
geographic,B8AB4,validation,High,8,0,,0.0,0.0
geographic,B8AB4,test,Low,106496,91833,0.931658554114534,0.8033822866586539,0.8627785144885518
geographic,B8AB4,test,Moderate,6339,20973,0.003003862108425118,0.009938476100331283,0.00461335676625659
geographic,B8AB4,test,High,0,29,0.0,,
geographic,B3B2,validation,Low,27907,27209,0.8528060568194348,0.8314759737700218,0.8420059510849844
geographic,B3B2,validation,Moderate,9723,2991,0.4078903376797058,0.12547567623161576,0.1919144250432594
geographic,B3B2,validation,High,8,7438,0.0010755579456843238,1.0,0.0021488047273704003
geographic,B3B2,test,Low,106496,84231,0.9933041279338961,0.7856351412259616,0.8773482516895877
geographic,B3B2,test,Moderate,6339,13769,0.3458493717771806,0.7512225903139297,0.4736423314103839
geographic,B3B2,test,High,0,14835,0.0,,
geographic,LogisticRegression,validation,Low,27907,37294,0.7480828015230332,0.999713333572222,0.8557844204843484
geographic,LogisticRegression,validation,Moderate,9723,340,0.9529411764705882,0.03332304844183894,0.06439431581039451
geographic,LogisticRegression,validation,High,8,4,0.0,0.0,0.0
geographic,LogisticRegression,test,Low,106496,112549,0.9439621853592658,0.9976149338942307,0.9700472505649524
geographic,LogisticRegression,test,Moderate,6339,286,0.11188811188811189,0.005048114844612715,0.009660377358490567
geographic,LogisticRegression,test,High,0,0,,,
geographic,RandomForest,validation,Low,27907,37605,0.7421087621326952,1.0,0.8519660520210038
geographic,RandomForest,validation,Moderate,9723,33,1.0,0.003394014193150262,0.006765067650676507
geographic,RandomForest,validation,High,8,0,,0.0,0.0
geographic,RandomForest,test,Low,106496,112237,0.9483770948974046,0.9995023287259616,0.9732687797451688
geographic,RandomForest,test,Moderate,6339,598,0.9113712374581939,0.0859757059473103,0.15712844168949114
geographic,RandomForest,test,High,0,0,,,
geographic,SmallSegCNN,validation,Low,27907,21222,0.5920271416454622,0.4502096248253126,0.5114698039854261
geographic,SmallSegCNN,validation,Moderate,9723,0,,0.0,0.0
geographic,SmallSegCNN,validation,High,8,16416,0.0004873294346978557,1.0,0.000974184120798831
geographic,SmallSegCNN,test,Low,106496,75205,0.9699222126188418,0.6849365234375,0.8028904629033412
geographic,SmallSegCNN,test,Moderate,6339,0,,0.0,0.0
geographic,SmallSegCNN,test,High,0,37630,0.0,,
geographic,DeepLabV3_ResNet18,validation,Low,27907,27859,0.8302523421515489,0.8288243093130756,0.8295377111501632
geographic,DeepLabV3_ResNet18,validation,Moderate,9723,2812,0.4089615931721195,0.11827625218553944,0.1834862385321101
geographic,DeepLabV3_ResNet18,validation,High,8,6967,0.0011482704176833645,1.0,0.0022939068100358423
geographic,DeepLabV3_ResNet18,test,Low,106496,106216,0.9474561271371544,0.9449650691105769,0.9462089585918989
geographic,DeepLabV3_ResNet18,test,Moderate,6339,169,0.3905325443786982,0.010411736867013724,0.020282728948985862
geographic,DeepLabV3_ResNet18,test,High,0,6450,0.0,,
random,NDCI,validation,Low,87501,89438,0.9453699769672846,0.9662975280282511,0.9557192026630646
random,NDCI,validation,Moderate,5924,3987,0.26034612490594433,0.175219446320054,0.20946423166178993
random,NDCI,validation,High,0,0,,,
random,NDCI,test,Low,91879,90127,0.9789852097595615,0.9603173739374612,0.9695614430293507
random,NDCI,test,Moderate,2413,4108,0.12633885102239534,0.21508495648570244,0.15917804017788684
random,NDCI,test,High,0,57,0.0,,
random,NDVI,validation,Low,87501,91299,0.9449062968926275,0.9859201609124467,0.9649776286353468
random,NDVI,validation,Moderate,5924,2126,0.4205079962370649,0.15091154625253209,0.22211180124223603
random,NDVI,validation,High,0,0,,,
random,NDVI,test,Low,91879,86419,0.9720778995359817,0.9143112136614461,0.9423100651717911
random,NDVI,test,Moderate,2413,7834,0.0,0.0,0.0
random,NDVI,test,High,0,39,0.0,,
random,FAI,validation,Low,87501,86531,0.9366700951104229,0.926286556725066,0.9314493886181852
random,FAI,validation,Moderate,5924,6894,0.06440382941688425,0.074949358541526,0.06927757840536745
random,FAI,validation,High,0,0,,,
random,FAI,test,Low,91879,90042,0.9732013949046001,0.9537435104866183,0.9633742118831801
random,FAI,test,Moderate,2413,4250,0.0,0.0,0.0
random,FAI,test,High,0,0,,,
random,B8AB4,validation,Low,87501,88558,0.9401070484879965,0.9514634118467218,0.9457511402427595
random,B8AB4,validation,Moderate,5924,4867,0.12738853503184713,0.10465901417960838,0.11491057362616995
random,B8AB4,validation,High,0,0,,,
random,B8AB4,test,Low,91879,89776,0.9731331313491356,0.9508592823169604,0.9618672758801023
random,B8AB4,test,Moderate,2413,4459,0.00022426553038797938,0.0004144218814753419,0.0002910360884749709
random,B8AB4,test,High,0,57,0.0,,
random,B3B2,validation,Low,87501,78161,0.9420682949296963,0.841510382738483,0.888954618439956
random,B3B2,validation,Moderate,5924,15263,0.09146301513463932,0.23565158676569886,0.13177892103648464
random,B3B2,validation,High,0,1,0.0,,
random,B3B2,test,Low,91879,88913,0.9742669800816528,0.9428160950815747,0.9582835523695739
random,B3B2,test,Moderate,2413,5309,0.023544923714447163,0.05180273518441774,0.03237503237503238
random,B3B2,test,High,0,70,0.0,,
random,LogisticRegression,validation,Low,87501,92127,0.9471056259294235,0.9971771751179986,0.9714966486293897
random,LogisticRegression,validation,Moderate,5924,1298,0.8097072419106317,0.1774139095205942,0.2910551093879812
random,LogisticRegression,validation,High,0,0,,,
random,LogisticRegression,test,Low,91879,93688,0.9742443002305524,0.993426136549157,0.9837417213189845
random,LogisticRegression,test,Moderate,2413,603,0.0,0.0,0.0
random,LogisticRegression,test,High,0,1,0.0,,
random,RandomForest,validation,Low,87501,93168,0.9374892667010132,0.9982057347916024,0.9668952615003127
random,RandomForest,validation,Moderate,5924,257,0.38910505836575876,0.01688048615800135,0.03235722375020223
random,RandomForest,validation,High,0,0,,,
random,RandomForest,test,Low,91879,90557,0.992513002860077,0.9782322402289968,0.9853208796509461
random,RandomForest,test,Moderate,2413,3735,0.464524765729585,0.7190219643597182,0.5644111906310996
random,RandomForest,test,High,0,0,,,
random,SmallSegCNN,validation,Low,87501,52458,0.9718060162415647,0.5826104844516062,0.7284847705399439
random,SmallSegCNN,validation,Moderate,5924,0,,0.0,0.0
random,SmallSegCNN,validation,High,0,40967,0.0,,
random,SmallSegCNN,test,Low,91879,38801,1.0,0.42230542343734695,0.5938322620140802
random,SmallSegCNN,test,Moderate,2413,0,,0.0,0.0
random,SmallSegCNN,test,High,0,55491,0.0,,
random,DeepLabV3_ResNet18,validation,Low,87501,89905,0.9415716589733608,0.967440372110033,0.9543307441687429
random,DeepLabV3_ResNet18,validation,Moderate,5924,3510,0.19116809116809116,0.11326806212018906,0.14225143099427603
random,DeepLabV3_ResNet18,validation,High,0,10,0.0,,
random,DeepLabV3_ResNet18,test,Low,91879,92688,0.9739880027619541,0.9825640244234265,0.9782572182459486
random,DeepLabV3_ResNet18,test,Moderate,2413,1517,0.0,0.0,0.0
random,DeepLabV3_ResNet18,test,High,0,87,0.0,,
