sample_id,subtile_id,spatial_group_id,date,low_pixels,moderate_pixels,high_pixels,valid_pixels,ignored_pixels,raw_254,raw_255,random_split,geographic_split
6_2_X0650_Y0900_S050_2019_04_19_x256_y256_64x64_40,6_2_X0650_Y0900_S050,author_grid_component:6_2_X0650_Y0900_S050,2019-04-19,4096,0,0,4096,0,0,0,train,test
6_2_X0650_Y0900_S050_2019_05_14_x448_y256_64x64_71,6_2_X0650_Y0900_S050,author_grid_component:6_2_X0650_Y0900_S050,2019-05-14,4096,0,0,4096,0,0,0,test,test
6_2_X0650_Y0900_S050_2019_05_14_x64_y640_64x64_16,6_2_X0650_Y0900_S050,author_grid_component:6_2_X0650_Y0900_S050,2019-05-14,4096,0,0,4096,0,0,0,train,test
6_2_X0650_Y0900_S050_2019_07_10_x512_y384_64x64_85,6_2_X0650_Y0900_S050,author_grid_component:6_2_X0650_Y0900_S050,2019-07-10,4089,0,0,4089,7,0,7,train,test
6_2_X0650_Y0900_S050_2019_07_25_x64_y320_64x64_10,6_2_X0650_Y0900_S050,author_grid_component:6_2_X0650_Y0900_S050,2019-07-25,1536,0,0,1536,2560,0,2560,train,test
6_2_X0650_Y0900_S050_2019_08_04_x64_y384_64x64_12,6_2_X0650_Y0900_S050,author_grid_component:6_2_X0650_Y0900_S050,2019-08-04,4023,73,0,4096,0,0,0,train,test
6_2_X0650_Y0900_S050_2019_08_27_x0_y256_64x64_1,6_2_X0650_Y0900_S050,author_grid_component:6_2_X0650_Y0900_S050,2019-08-27,1221,231,0,1452,2644,0,2644,train,test
6_2_X0650_Y0900_S050_2019_08_27_x128_y512_64x64_24,6_2_X0650_Y0900_S050,author_grid_component:6_2_X0650_Y0900_S050,2019-08-27,4096,0,0,4096,0,0,0,train,test
6_2_X0650_Y0900_S050_2019_08_27_x64_y576_64x64_15,6_2_X0650_Y0900_S050,author_grid_component:6_2_X0650_Y0900_S050,2019-08-27,4096,0,0,4096,0,0,0,train,test
6_2_X0650_Y0900_S050_2019_10_06_x576_y704_64x64_102,6_2_X0650_Y0900_S050,author_grid_component:6_2_X0650_Y0900_S050,2019-10-06,637,2496,0,3133,963,0,963,train,test
6_2_X0650_Y0900_S050_2019_10_08_x256_y640_64x64_46,6_2_X0650_Y0900_S050,author_grid_component:6_2_X0650_Y0900_S050,2019-10-08,4096,0,0,4096,0,0,0,train,test
6_2_X0650_Y0900_S050_2020_05_15_x256_y704_64x64_47,6_2_X0650_Y0900_S050,author_grid_component:6_2_X0650_Y0900_S050,2020-05-15,4096,0,0,4096,0,0,0,validation,test
6_2_X0650_Y0900_S050_2020_05_20_x320_y256_64x64_50,6_2_X0650_Y0900_S050,author_grid_component:6_2_X0650_Y0900_S050,2020-05-20,4096,0,0,4096,0,0,0,test,test
6_2_X0650_Y0900_S050_2020_06_17_x576_y512_64x64_99,6_2_X0650_Y0900_S050,author_grid_component:6_2_X0650_Y0900_S050,2020-06-17,4096,0,0,4096,0,0,0,test,test
6_2_X0650_Y0900_S050_2020_06_17_x576_y576_64x64_100,6_2_X0650_Y0900_S050,author_grid_component:6_2_X0650_Y0900_S050,2020-06-17,4096,0,0,4096,0,0,0,train,test
6_2_X0650_Y0900_S050_2020_06_17_x64_y448_64x64_13,6_2_X0650_Y0900_S050,author_grid_component:6_2_X0650_Y0900_S050,2020-06-17,4096,0,0,4096,0,0,0,test,test
6_2_X0650_Y0950_S050_2019_01_04_x64_y320_64x64_6,6_2_X0650_Y0950_S050,author_grid_component:6_2_X0650_Y0900_S050,2019-01-04,4093,0,0,4093,3,0,3,test,test
6_2_X0650_Y0950_S050_2019_06_08_x192_y448_64x64_40,6_2_X0650_Y0950_S050,author_grid_component:6_2_X0650_Y0900_S050,2019-06-08,4096,0,0,4096,0,0,0,train,test
6_2_X0650_Y0950_S050_2019_09_28_x256_y256_64x64_47,6_2_X0650_Y0950_S050,author_grid_component:6_2_X0650_Y0900_S050,2019-09-28,3940,156,0,4096,0,0,0,train,test
6_2_X0650_Y0950_S050_2019_10_06_x0_y256_64x64_3,6_2_X0650_Y0950_S050,author_grid_component:6_2_X0650_Y0900_S050,2019-10-06,1187,2909,0,4096,0,0,0,train,test
6_2_X0650_Y0950_S050_2019_10_06_x384_y448_64x64_64,6_2_X0650_Y0950_S050,author_grid_component:6_2_X0650_Y0900_S050,2019-10-06,7,474,0,481,3615,0,3615,validation,test
6_2_X0650_Y0950_S050_2019_12_02_x576_y0_64x64_66,6_2_X0650_Y0950_S050,author_grid_component:6_2_X0650_Y0900_S050,2019-12-02,2111,0,0,2111,1985,0,1985,train,test
6_2_X0650_Y0950_S050_2019_12_10_x256_y256_64x64_46,6_2_X0650_Y0950_S050,author_grid_component:6_2_X0650_Y0900_S050,2019-12-10,4096,0,0,4096,0,0,0,train,test
6_2_X0650_Y0950_S050_2020_05_20_x64_y448_64x64_17,6_2_X0650_Y0950_S050,author_grid_component:6_2_X0650_Y0900_S050,2020-05-20,4096,0,0,4096,0,0,0,validation,test
6_2_X0650_Y0950_S050_2020_06_02_x128_y512_64x64_29,6_2_X0650_Y0950_S050,author_grid_component:6_2_X0650_Y0900_S050,2020-06-02,4096,0,0,4096,0,0,0,validation,test
6_2_X0650_Y0950_S050_2020_06_02_x64_y384_64x64_15,6_2_X0650_Y0950_S050,author_grid_component:6_2_X0650_Y0900_S050,2020-06-02,4096,0,0,4096,0,0,0,train,test
6_2_X0650_Y0950_S050_2020_06_04_x0_y512_64x64_7,6_2_X0650_Y0950_S050,author_grid_component:6_2_X0650_Y0900_S050,2020-06-04,4096,0,0,4096,0,0,0,validation,test
6_2_X0650_Y0950_S050_2020_06_17_x128_y0_64x64_22,6_2_X0650_Y0950_S050,author_grid_component:6_2_X0650_Y0900_S050,2020-06-17,228,0,0,228,3868,0,3868,train,test
6_2_X0650_Y0950_S050_2020_09_02_x0_y256_64x64_3,6_2_X0650_Y0950_S050,author_grid_component:6_2_X0650_Y0900_S050,2020-09-02,4096,0,0,4096,0,0,0,train,test
6_2_X0650_Y0950_S050_2020_09_02_x128_y64_64x64_23,6_2_X0650_Y0950_S050,author_grid_component:6_2_X0650_Y0900_S050,2020-09-02,1732,0,0,1732,2364,0,2364,train,test
6_2_X0650_Y0950_S050_2020_09_02_x64_y640_64x64_20,6_2_X0650_Y0950_S050,author_grid_component:6_2_X0650_Y0900_S050,2020-09-02,3868,0,0,3868,228,0,228,train,test
6_2_X0650_Y0950_S050_2020_10_27_x128_y192_64x64_25,6_2_X0650_Y0950_S050,author_grid_component:6_2_X0650_Y0900_S050,2020-10-27,4096,0,0,4096,0,0,0,validation,test
6_2_X1800_Y1050_S050_2019_04_15_x384_y448_64x64_65,6_2_X1800_Y1050_S050,author_grid_component:6_2_X1800_Y1050_S050,2019-04-15,4096,0,0,4096,0,0,0,train,train
6_2_X1800_Y1050_S050_2019_04_15_x384_y512_64x64_66,6_2_X1800_Y1050_S050,author_grid_component:6_2_X1800_Y1050_S050,2019-04-15,4096,0,0,4096,0,0,0,train,train
6_2_X1800_Y1050_S050_2019_04_15_x384_y64_64x64_59,6_2_X1800_Y1050_S050,author_grid_component:6_2_X1800_Y1050_S050,2019-04-15,4096,0,0,4096,0,0,0,train,train
6_2_X1800_Y1050_S050_2019_04_15_x576_y640_64x64_101,6_2_X1800_Y1050_S050,author_grid_component:6_2_X1800_Y1050_S050,2019-04-15,4096,0,0,4096,0,0,0,train,train
6_2_X1800_Y1050_S050_2019_05_05_x192_y128_64x64_27,6_2_X1800_Y1050_S050,author_grid_component:6_2_X1800_Y1050_S050,2019-05-05,4096,0,0,4096,0,0,0,train,train
6_2_X1800_Y1050_S050_2019_05_05_x256_y576_64x64_45,6_2_X1800_Y1050_S050,author_grid_component:6_2_X1800_Y1050_S050,2019-05-05,4096,0,0,4096,0,0,0,train,train
6_2_X1800_Y1050_S050_2019_05_05_x512_y64_64x64_81,6_2_X1800_Y1050_S050,author_grid_component:6_2_X1800_Y1050_S050,2019-05-05,4096,0,0,4096,0,0,0,train,train
6_2_X1800_Y1050_S050_2020_07_08_x256_y384_64x64_41,6_2_X1800_Y1050_S050,author_grid_component:6_2_X1800_Y1050_S050,2020-07-08,3496,0,0,3496,600,0,600,validation,train
6_2_X1800_Y1050_S050_2020_07_08_x576_y448_64x64_93,6_2_X1800_Y1050_S050,author_grid_component:6_2_X1800_Y1050_S050,2020-07-08,630,0,0,630,3466,0,3466,test,train
6_2_X1800_Y1050_S050_2020_10_11_x0_y384_64x64_1,6_2_X1800_Y1050_S050,author_grid_component:6_2_X1800_Y1050_S050,2020-10-11,2409,290,0,2699,1397,0,1397,train,train
6_2_X1800_Y1050_S050_2020_10_11_x192_y64_64x64_24,6_2_X1800_Y1050_S050,author_grid_component:6_2_X1800_Y1050_S050,2020-10-11,4096,0,0,4096,0,0,0,train,train
6_2_X1800_Y1050_S050_2020_10_11_x256_y640_64x64_44,6_2_X1800_Y1050_S050,author_grid_component:6_2_X1800_Y1050_S050,2020-10-11,2899,0,0,2899,1197,0,1197,train,train
6_2_X1800_Y1050_S050_2020_10_11_x320_y256_64x64_49,6_2_X1800_Y1050_S050,author_grid_component:6_2_X1800_Y1050_S050,2020-10-11,4056,0,0,4056,40,0,40,test,train
6_2_X1800_Y1050_S050_2020_10_11_x320_y64_64x64_46,6_2_X1800_Y1050_S050,author_grid_component:6_2_X1800_Y1050_S050,2020-10-11,3694,0,0,3694,402,0,402,train,train
6_2_X1800_Y1050_S050_2020_10_11_x512_y0_64x64_78,6_2_X1800_Y1050_S050,author_grid_component:6_2_X1800_Y1050_S050,2020-10-11,4067,0,0,4067,29,0,29,train,train
6_2_X1800_Y1050_S050_2020_10_11_x576_y384_64x64_95,6_2_X1800_Y1050_S050,author_grid_component:6_2_X1800_Y1050_S050,2020-10-11,4096,0,0,4096,0,0,0,test,train
6_2_X1800_Y1150_S050_2019_04_15_x0_y640_64x64_11,6_2_X1800_Y1150_S050,author_grid_component:6_2_X1800_Y1050_S050,2019-04-15,4096,0,0,4096,0,0,0,train,train
6_2_X1800_Y1150_S050_2019_04_15_x128_y64_64x64_24,6_2_X1800_Y1150_S050,author_grid_component:6_2_X1800_Y1050_S050,2019-04-15,4096,0,0,4096,0,0,0,train,train
6_2_X1800_Y1150_S050_2019_04_15_x256_y384_64x64_51,6_2_X1800_Y1150_S050,author_grid_component:6_2_X1800_Y1050_S050,2019-04-15,4096,0,0,4096,0,0,0,train,train
6_2_X1800_Y1150_S050_2019_04_15_x320_y512_64x64_64,6_2_X1800_Y1150_S050,author_grid_component:6_2_X1800_Y1050_S050,2019-04-15,4096,0,0,4096,0,0,0,train,train
6_2_X1800_Y1150_S050_2019_04_15_x512_y448_64x64_96,6_2_X1800_Y1150_S050,author_grid_component:6_2_X1800_Y1050_S050,2019-04-15,4096,0,0,4096,0,0,0,test,train
6_2_X1800_Y1150_S050_2019_04_15_x576_y640_64x64_106,6_2_X1800_Y1150_S050,author_grid_component:6_2_X1800_Y1050_S050,2019-04-15,4096,0,0,4096,0,0,0,train,train
6_2_X1800_Y1150_S050_2019_05_05_x128_y576_64x64_32,6_2_X1800_Y1150_S050,author_grid_component:6_2_X1800_Y1050_S050,2019-05-05,4096,0,0,4096,0,0,0,train,train
6_2_X1800_Y1150_S050_2019_05_05_x384_y320_64x64_72,6_2_X1800_Y1150_S050,author_grid_component:6_2_X1800_Y1050_S050,2019-05-05,4096,0,0,4096,0,0,0,validation,train
6_2_X1800_Y1150_S050_2019_05_05_x512_y64_64x64_90,6_2_X1800_Y1150_S050,author_grid_component:6_2_X1800_Y1050_S050,2019-05-05,3431,0,0,3431,665,0,665,test,train
6_2_X1800_Y1150_S050_2020_10_11_x0_y0_64x64_1,6_2_X1800_Y1150_S050,author_grid_component:6_2_X1800_Y1050_S050,2020-10-11,4096,0,0,4096,0,0,0,test,train
6_2_X1800_Y1150_S050_2020_10_11_x0_y512_64x64_9,6_2_X1800_Y1150_S050,author_grid_component:6_2_X1800_Y1050_S050,2020-10-11,4096,0,0,4096,0,0,0,train,train
6_2_X1800_Y1150_S050_2020_10_11_x0_y640_64x64_11,6_2_X1800_Y1150_S050,author_grid_component:6_2_X1800_Y1050_S050,2020-10-11,4096,0,0,4096,0,0,0,train,train
6_2_X1800_Y1150_S050_2020_10_11_x128_y512_64x64_31,6_2_X1800_Y1150_S050,author_grid_component:6_2_X1800_Y1050_S050,2020-10-11,4096,0,0,4096,0,0,0,train,train
6_2_X1800_Y1150_S050_2020_10_11_x384_y384_64x64_73,6_2_X1800_Y1150_S050,author_grid_component:6_2_X1800_Y1050_S050,2020-10-11,4096,0,0,4096,0,0,0,train,train
6_2_X1800_Y1150_S050_2020_10_11_x384_y576_64x64_76,6_2_X1800_Y1150_S050,author_grid_component:6_2_X1800_Y1050_S050,2020-10-11,4096,0,0,4096,0,0,0,train,train
6_2_X1800_Y1150_S050_2020_10_11_x64_y576_64x64_21,6_2_X1800_Y1150_S050,author_grid_component:6_2_X1800_Y1050_S050,2020-10-11,4096,0,0,4096,0,0,0,train,train
6_2_X1850_Y1100_S050_2019_04_15_x128_y64_64x64_24,6_2_X1850_Y1100_S050,author_grid_component:6_2_X1800_Y1050_S050,2019-04-15,4096,0,0,4096,0,0,0,train,train
6_2_X1850_Y1100_S050_2019_05_05_x128_y576_64x64_32,6_2_X1850_Y1100_S050,author_grid_component:6_2_X1800_Y1050_S050,2019-05-05,4096,0,0,4096,0,0,0,train,train
6_2_X1850_Y1100_S050_2019_05_05_x576_y512_64x64_108,6_2_X1850_Y1100_S050,author_grid_component:6_2_X1800_Y1050_S050,2019-05-05,4096,0,0,4096,0,0,0,train,train
6_2_X1850_Y1100_S050_2019_05_23_x256_y192_64x64_48,6_2_X1850_Y1100_S050,author_grid_component:6_2_X1800_Y1050_S050,2019-05-23,4092,0,0,4092,4,0,4,validation,train
6_2_X1850_Y1100_S050_2019_05_23_x576_y64_64x64_99,6_2_X1850_Y1100_S050,author_grid_component:6_2_X1800_Y1050_S050,2019-05-23,4096,0,0,4096,0,0,0,train,train
6_2_X1850_Y1100_S050_2019_06_22_x320_y448_64x64_25,6_2_X1850_Y1100_S050,author_grid_component:6_2_X1800_Y1050_S050,2019-06-22,823,0,0,823,3273,0,3273,train,train
6_2_X1850_Y1100_S050_2019_08_01_x192_y0_64x64_34,6_2_X1850_Y1100_S050,author_grid_component:6_2_X1800_Y1050_S050,2019-08-01,4096,0,0,4096,0,0,0,train,train
6_2_X1850_Y1100_S050_2019_08_01_x64_y576_64x64_21,6_2_X1850_Y1100_S050,author_grid_component:6_2_X1800_Y1050_S050,2019-08-01,3869,2,0,3871,225,0,225,test,train
6_2_X1850_Y1100_S050_2019_09_07_x192_y320_64x64_39,6_2_X1850_Y1100_S050,author_grid_component:6_2_X1800_Y1050_S050,2019-09-07,489,3607,0,4096,0,0,0,train,train
6_2_X1850_Y1100_S050_2019_09_07_x384_y256_64x64_71,6_2_X1850_Y1100_S050,author_grid_component:6_2_X1800_Y1050_S050,2019-09-07,658,3438,0,4096,0,0,0,train,train
6_2_X1850_Y1100_S050_2020_10_11_x192_y128_64x64_36,6_2_X1850_Y1100_S050,author_grid_component:6_2_X1800_Y1050_S050,2020-10-11,4096,0,0,4096,0,0,0,train,train
6_2_X1850_Y1100_S050_2020_10_11_x192_y448_64x64_41,6_2_X1850_Y1100_S050,author_grid_component:6_2_X1800_Y1050_S050,2020-10-11,4096,0,0,4096,0,0,0,validation,train
6_2_X1850_Y1100_S050_2020_10_11_x192_y64_64x64_35,6_2_X1850_Y1100_S050,author_grid_component:6_2_X1800_Y1050_S050,2020-10-11,4096,0,0,4096,0,0,0,train,train
6_2_X1850_Y1100_S050_2020_10_11_x256_y128_64x64_47,6_2_X1850_Y1100_S050,author_grid_component:6_2_X1800_Y1050_S050,2020-10-11,4096,0,0,4096,0,0,0,train,train
6_2_X1850_Y1100_S050_2020_10_11_x320_y192_64x64_59,6_2_X1850_Y1100_S050,author_grid_component:6_2_X1800_Y1050_S050,2020-10-11,4096,0,0,4096,0,0,0,train,train
6_2_X1850_Y1100_S050_2020_10_11_x512_y576_64x64_98,6_2_X1850_Y1100_S050,author_grid_component:6_2_X1800_Y1050_S050,2020-10-11,2798,0,0,2798,1298,0,1298,train,train
6_2_X1850_Y1150_S050_2019_03_26_x64_y128_64x64_14,6_2_X1850_Y1150_S050,author_grid_component:6_2_X1800_Y1050_S050,2019-03-26,3775,0,0,3775,321,0,321,train,train
6_2_X1850_Y1150_S050_2019_04_28_x64_y64_64x64_13,6_2_X1850_Y1150_S050,author_grid_component:6_2_X1800_Y1050_S050,2019-04-28,4096,0,0,4096,0,0,0,train,train
6_2_X1850_Y1150_S050_2019_05_23_x320_y128_64x64_46,6_2_X1850_Y1150_S050,author_grid_component:6_2_X1800_Y1050_S050,2019-05-23,3918,0,0,3918,178,0,178,train,train
6_2_X1850_Y1150_S050_2019_06_22_x192_y0_64x64_29,6_2_X1850_Y1150_S050,author_grid_component:6_2_X1800_Y1050_S050,2019-06-22,4096,0,0,4096,0,0,0,train,train
6_2_X1850_Y1150_S050_2019_08_01_x128_y320_64x64_23,6_2_X1850_Y1150_S050,author_grid_component:6_2_X1800_Y1050_S050,2019-08-01,547,806,0,1353,2743,0,2743,train,train
6_2_X1850_Y1150_S050_2019_08_01_x320_y0_64x64_34,6_2_X1850_Y1150_S050,author_grid_component:6_2_X1800_Y1050_S050,2019-08-01,1791,2305,0,4096,0,0,0,train,train
6_2_X1850_Y1150_S050_2019_10_07_x64_y64_64x64_13,6_2_X1850_Y1150_S050,author_grid_component:6_2_X1800_Y1050_S050,2019-10-07,178,3671,0,3849,247,0,247,validation,train
6_2_X1850_Y1150_S050_2019_11_24_x128_y192_64x64_26,6_2_X1850_Y1150_S050,author_grid_component:6_2_X1800_Y1050_S050,2019-11-24,4096,0,0,4096,0,0,0,validation,train
6_2_X1850_Y1150_S050_2019_11_24_x192_y192_64x64_36,6_2_X1850_Y1150_S050,author_grid_component:6_2_X1800_Y1050_S050,2019-11-24,4096,0,0,4096,0,0,0,validation,train
6_2_X1850_Y1150_S050_2019_12_21_x256_y64_64x64_41,6_2_X1850_Y1150_S050,author_grid_component:6_2_X1800_Y1050_S050,2019-12-21,4096,0,0,4096,0,0,0,train,train
6_2_X1850_Y1150_S050_2019_12_21_x64_y320_64x64_17,6_2_X1850_Y1150_S050,author_grid_component:6_2_X1800_Y1050_S050,2019-12-21,4096,0,0,4096,0,0,0,train,train
6_2_X1850_Y1150_S050_2020_01_20_x384_y0_64x64_14,6_2_X1850_Y1150_S050,author_grid_component:6_2_X1800_Y1050_S050,2020-01-20,4096,0,0,4096,0,0,0,validation,train
6_2_X1850_Y1150_S050_2020_09_21_x0_y64_64x64_2,6_2_X1850_Y1150_S050,author_grid_component:6_2_X1800_Y1050_S050,2020-09-21,4096,0,0,4096,0,0,0,train,train
6_2_X1850_Y1150_S050_2020_10_11_x192_y192_64x64_35,6_2_X1850_Y1150_S050,author_grid_component:6_2_X1800_Y1050_S050,2020-10-11,4096,0,0,4096,0,0,0,train,train
6_2_X1850_Y1150_S050_2020_10_16_x0_y320_64x64_6,6_2_X1850_Y1150_S050,author_grid_component:6_2_X1800_Y1050_S050,2020-10-16,4096,0,0,4096,0,0,0,train,train
6_2_X1850_Y1150_S050_2020_11_08_x0_y0_64x64_1,6_2_X1850_Y1150_S050,author_grid_component:6_2_X1800_Y1050_S050,2020-11-08,4096,0,0,4096,0,0,0,train,train
7_2_X0000_Y1750_S050_2019_03_26_x448_y576_64x64_2,7_2_X0000_Y1750_S050,author_grid_component:7_2_X0000_Y1750_S050,2019-03-26,766,0,0,766,3330,0,3330,validation,train
7_2_X0000_Y1750_S050_2019_05_05_x576_y512_64x64_8,7_2_X0000_Y1750_S050,author_grid_component:7_2_X0000_Y1750_S050,2019-05-05,2439,0,0,2439,1657,0,1657,validation,train
7_2_X0000_Y1750_S050_2019_07_04_x512_y576_64x64_4,7_2_X0000_Y1750_S050,author_grid_component:7_2_X0000_Y1750_S050,2019-07-04,3801,0,0,3801,295,0,295,train,train
7_2_X0000_Y1750_S050_2019_07_14_x576_y576_64x64_7,7_2_X0000_Y1750_S050,author_grid_component:7_2_X0000_Y1750_S050,2019-07-14,4096,0,0,4096,0,0,0,train,train
7_2_X0000_Y1750_S050_2019_09_22_x448_y640_64x64_2,7_2_X0000_Y1750_S050,author_grid_component:7_2_X0000_Y1750_S050,2019-09-22,1890,0,0,1890,2206,0,2206,train,train
7_2_X0000_Y1750_S050_2019_12_21_x576_y576_64x64_9,7_2_X0000_Y1750_S050,author_grid_component:7_2_X0000_Y1750_S050,2019-12-21,4096,0,0,4096,0,0,0,test,train
7_2_X0000_Y1750_S050_2019_12_21_x576_y640_64x64_10,7_2_X0000_Y1750_S050,author_grid_component:7_2_X0000_Y1750_S050,2019-12-21,4096,0,0,4096,0,0,0,train,train
7_2_X0000_Y1750_S050_2020_02_19_x576_y576_64x64_9,7_2_X0000_Y1750_S050,author_grid_component:7_2_X0000_Y1750_S050,2020-02-19,4093,0,0,4093,3,0,3,train,train
7_2_X0000_Y1750_S050_2020_06_18_x576_y640_64x64_8,7_2_X0000_Y1750_S050,author_grid_component:7_2_X0000_Y1750_S050,2020-06-18,4096,0,0,4096,0,0,0,train,train
7_2_X0000_Y1750_S050_2020_08_07_x576_y576_64x64_6,7_2_X0000_Y1750_S050,author_grid_component:7_2_X0000_Y1750_S050,2020-08-07,4096,0,0,4096,0,0,0,train,train
7_2_X0000_Y1750_S050_2020_08_22_x576_y512_64x64_6,7_2_X0000_Y1750_S050,author_grid_component:7_2_X0000_Y1750_S050,2020-08-22,1999,0,0,1999,2097,0,2097,train,train
7_2_X0000_Y1750_S050_2020_09_26_x448_y576_64x64_2,7_2_X0000_Y1750_S050,author_grid_component:7_2_X0000_Y1750_S050,2020-09-26,273,0,0,273,3823,0,3823,train,train
7_2_X0000_Y1750_S050_2020_10_06_x512_y512_64x64_4,7_2_X0000_Y1750_S050,author_grid_component:7_2_X0000_Y1750_S050,2020-10-06,1339,0,0,1339,2757,0,2757,validation,train
7_2_X0000_Y1750_S050_2020_10_16_x576_y576_64x64_7,7_2_X0000_Y1750_S050,author_grid_component:7_2_X0000_Y1750_S050,2020-10-16,4065,0,0,4065,31,0,31,train,train
7_2_X0000_Y1750_S050_2020_11_20_x384_y640_64x64_1,7_2_X0000_Y1750_S050,author_grid_component:7_2_X0000_Y1750_S050,2020-11-20,428,0,0,428,3668,0,3668,train,train
7_2_X0000_Y1750_S050_2020_11_20_x512_y576_64x64_5,7_2_X0000_Y1750_S050,author_grid_component:7_2_X0000_Y1750_S050,2020-11-20,3947,0,0,3947,149,0,149,test,train
7_2_X0000_Y1800_S050_2019_07_14_x576_y0_64x64_74,7_2_X0000_Y1800_S050,author_grid_component:7_2_X0000_Y1750_S050,2019-07-14,2837,1259,0,4096,0,0,0,train,train
7_2_X0000_Y1800_S050_2019_07_24_x128_y576_64x64_14,7_2_X0000_Y1800_S050,author_grid_component:7_2_X0000_Y1750_S050,2019-07-24,0,3108,928,4036,60,0,60,train,train
7_2_X0000_Y1800_S050_2019_08_28_x192_y128_64x64_16,7_2_X0000_Y1800_S050,author_grid_component:7_2_X0000_Y1750_S050,2019-08-28,876,0,0,876,3220,0,3220,test,train
7_2_X0000_Y1800_S050_2019_08_28_x192_y576_64x64_23,7_2_X0000_Y1800_S050,author_grid_component:7_2_X0000_Y1750_S050,2019-08-28,46,4013,0,4059,37,0,37,train,train
7_2_X0000_Y1800_S050_2019_09_02_x384_y512_64x64_49,7_2_X0000_Y1800_S050,author_grid_component:7_2_X0000_Y1750_S050,2019-09-02,3745,351,0,4096,0,0,0,train,train
7_2_X0000_Y1800_S050_2019_12_21_x320_y320_64x64_40,7_2_X0000_Y1800_S050,author_grid_component:7_2_X0000_Y1750_S050,2019-12-21,4096,0,0,4096,0,0,0,validation,train
7_2_X0000_Y1800_S050_2020_03_15_x576_y576_64x64_89,7_2_X0000_Y1800_S050,author_grid_component:7_2_X0000_Y1750_S050,2020-03-15,4096,0,0,4096,0,0,0,train,train
7_2_X0000_Y1800_S050_2020_06_18_x512_y640_64x64_72,7_2_X0000_Y1800_S050,author_grid_component:7_2_X0000_Y1750_S050,2020-06-18,4096,0,0,4096,0,0,0,test,train
7_2_X0000_Y1800_S050_2020_06_18_x576_y512_64x64_81,7_2_X0000_Y1800_S050,author_grid_component:7_2_X0000_Y1750_S050,2020-06-18,4096,0,0,4096,0,0,0,train,train
7_2_X0000_Y1800_S050_2020_07_08_x448_y640_64x64_23,7_2_X0000_Y1800_S050,author_grid_component:7_2_X0000_Y1750_S050,2020-07-08,3052,0,0,3052,1044,0,1044,train,train
7_2_X0000_Y1800_S050_2020_07_08_x512_y0_64x64_24,7_2_X0000_Y1800_S050,author_grid_component:7_2_X0000_Y1750_S050,2020-07-08,1601,906,0,2507,1589,0,1589,train,train
7_2_X0000_Y1800_S050_2020_08_27_x448_y448_64x64_56,7_2_X0000_Y1800_S050,author_grid_component:7_2_X0000_Y1750_S050,2020-08-27,197,3899,0,4096,0,0,0,train,train
7_2_X0000_Y1800_S050_2020_08_27_x64_y576_64x64_6,7_2_X0000_Y1800_S050,author_grid_component:7_2_X0000_Y1750_S050,2020-08-27,1866,0,0,1866,2230,0,2230,train,train
7_2_X0000_Y1800_S050_2020_09_26_x64_y576_64x64_7,7_2_X0000_Y1800_S050,author_grid_component:7_2_X0000_Y1750_S050,2020-09-26,1928,0,0,1928,2168,0,2168,test,train
7_2_X0000_Y1800_S050_2020_11_10_x384_y576_64x64_53,7_2_X0000_Y1800_S050,author_grid_component:7_2_X0000_Y1750_S050,2020-11-10,4096,0,0,4096,0,0,0,train,train
7_2_X0000_Y1800_S050_2020_11_20_x192_y384_64x64_21,7_2_X0000_Y1800_S050,author_grid_component:7_2_X0000_Y1750_S050,2020-11-20,4096,0,0,4096,0,0,0,train,train
7_2_X0050_Y1800_S050_2019_02_09_x0_y256_64x64_5,7_2_X0050_Y1800_S050,author_grid_component:7_2_X0000_Y1750_S050,2019-02-09,4060,0,0,4060,36,0,36,train,train
7_2_X0050_Y1800_S050_2019_05_05_x448_y128_64x64_78,7_2_X0050_Y1800_S050,author_grid_component:7_2_X0000_Y1750_S050,2019-05-05,3606,0,0,3606,490,0,490,train,train
7_2_X0050_Y1800_S050_2019_07_04_x0_y128_64x64_3,7_2_X0050_Y1800_S050,author_grid_component:7_2_X0000_Y1750_S050,2019-07-04,4095,0,0,4095,1,0,1,train,train
7_2_X0050_Y1800_S050_2019_08_28_x128_y320_64x64_28,7_2_X0050_Y1800_S050,author_grid_component:7_2_X0000_Y1750_S050,2019-08-28,4096,0,0,4096,0,0,0,train,train
7_2_X0050_Y1800_S050_2019_08_28_x640_y448_64x64_118,7_2_X0050_Y1800_S050,author_grid_component:7_2_X0000_Y1750_S050,2019-08-28,1284,2812,0,4096,0,0,0,train,train
7_2_X0050_Y1800_S050_2019_09_22_x640_y448_64x64_94,7_2_X0050_Y1800_S050,author_grid_component:7_2_X0000_Y1750_S050,2019-09-22,604,0,0,604,3492,0,3492,train,train
7_2_X0050_Y1800_S050_2020_02_19_x192_y128_64x64_31,7_2_X0050_Y1800_S050,author_grid_component:7_2_X0000_Y1750_S050,2020-02-19,4044,0,0,4044,52,0,52,train,train
7_2_X0050_Y1800_S050_2020_07_03_x448_y640_64x64_88,7_2_X0050_Y1800_S050,author_grid_component:7_2_X0000_Y1750_S050,2020-07-03,4096,0,0,4096,0,0,0,train,train
7_2_X0050_Y1800_S050_2020_07_03_x512_y256_64x64_93,7_2_X0050_Y1800_S050,author_grid_component:7_2_X0000_Y1750_S050,2020-07-03,4096,0,0,4096,0,0,0,train,train
7_2_X0050_Y1800_S050_2020_07_28_x640_y640_64x64_121,7_2_X0050_Y1800_S050,author_grid_component:7_2_X0000_Y1750_S050,2020-07-28,4096,0,0,4096,0,0,0,validation,train
7_2_X0050_Y1800_S050_2020_08_07_x320_y448_64x64_63,7_2_X0050_Y1800_S050,author_grid_component:7_2_X0000_Y1750_S050,2020-08-07,4096,0,0,4096,0,0,0,train,train
7_2_X0050_Y1800_S050_2020_08_27_x128_y640_64x64_33,7_2_X0050_Y1800_S050,author_grid_component:7_2_X0000_Y1750_S050,2020-08-27,2749,0,0,2749,1347,0,1347,train,train
7_2_X0050_Y1800_S050_2020_10_16_x128_y128_64x64_25,7_2_X0050_Y1800_S050,author_grid_component:7_2_X0000_Y1750_S050,2020-10-16,4096,0,0,4096,0,0,0,test,train
7_2_X0050_Y1800_S050_2020_10_16_x448_y576_64x64_87,7_2_X0050_Y1800_S050,author_grid_component:7_2_X0000_Y1750_S050,2020-10-16,4096,0,0,4096,0,0,0,validation,train
7_2_X0050_Y1800_S050_2020_11_20_x128_y512_64x64_31,7_2_X0050_Y1800_S050,author_grid_component:7_2_X0000_Y1750_S050,2020-11-20,4096,0,0,4096,0,0,0,train,train
7_2_X0050_Y1800_S050_2020_11_20_x640_y128_64x64_113,7_2_X0050_Y1800_S050,author_grid_component:7_2_X0000_Y1750_S050,2020-11-20,4096,0,0,4096,0,0,0,train,train
7_2_X0050_Y1850_S050_2019_02_09_x640_y576_64x64_120,7_2_X0050_Y1850_S050,author_grid_component:7_2_X0000_Y1750_S050,2019-02-09,3263,0,0,3263,833,0,833,train,train
7_2_X0050_Y1850_S050_2019_03_26_x64_y320_64x64_17,7_2_X0050_Y1850_S050,author_grid_component:7_2_X0000_Y1750_S050,2019-03-26,4096,0,0,4096,0,0,0,train,train
7_2_X0050_Y1850_S050_2019_05_05_x128_y256_64x64_27,7_2_X0050_Y1850_S050,author_grid_component:7_2_X0000_Y1750_S050,2019-05-05,4096,0,0,4096,0,0,0,train,train
7_2_X0050_Y1850_S050_2019_05_05_x640_y512_64x64_119,7_2_X0050_Y1850_S050,author_grid_component:7_2_X0000_Y1750_S050,2019-05-05,4096,0,0,4096,0,0,0,train,train
7_2_X0050_Y1850_S050_2019_07_04_x64_y576_64x64_21,7_2_X0050_Y1850_S050,author_grid_component:7_2_X0000_Y1750_S050,2019-07-04,4096,0,0,4096,0,0,0,train,train
7_2_X0050_Y1850_S050_2019_09_02_x192_y384_64x64_40,7_2_X0050_Y1850_S050,author_grid_component:7_2_X0000_Y1750_S050,2019-09-02,4096,0,0,4096,0,0,0,train,train
7_2_X0050_Y1850_S050_2019_09_02_x384_y640_64x64_77,7_2_X0050_Y1850_S050,author_grid_component:7_2_X0000_Y1750_S050,2019-09-02,4096,0,0,4096,0,0,0,test,train
7_2_X0050_Y1850_S050_2019_09_22_x0_y512_64x64_6,7_2_X0050_Y1850_S050,author_grid_component:7_2_X0000_Y1750_S050,2019-09-22,1967,0,0,1967,2129,0,2129,train,train
7_2_X0050_Y1850_S050_2019_12_21_x0_y384_64x64_7,7_2_X0050_Y1850_S050,author_grid_component:7_2_X0000_Y1750_S050,2019-12-21,4096,0,0,4096,0,0,0,train,train
7_2_X0050_Y1850_S050_2019_12_21_x640_y64_64x64_112,7_2_X0050_Y1850_S050,author_grid_component:7_2_X0000_Y1750_S050,2019-12-21,4096,0,0,4096,0,0,0,train,train
7_2_X0050_Y1850_S050_2020_08_22_x128_y384_64x64_29,7_2_X0050_Y1850_S050,author_grid_component:7_2_X0000_Y1750_S050,2020-08-22,3940,0,0,3940,156,0,156,validation,train
7_2_X0050_Y1850_S050_2020_08_22_x576_y256_64x64_104,7_2_X0050_Y1850_S050,author_grid_component:7_2_X0000_Y1750_S050,2020-08-22,4094,0,0,4094,2,0,2,train,train
7_2_X0050_Y1850_S050_2020_08_27_x512_y0_64x64_89,7_2_X0050_Y1850_S050,author_grid_component:7_2_X0000_Y1750_S050,2020-08-27,4096,0,0,4096,0,0,0,train,train
7_2_X0050_Y1850_S050_2020_10_06_x320_y128_64x64_58,7_2_X0050_Y1850_S050,author_grid_component:7_2_X0000_Y1750_S050,2020-10-06,4096,0,0,4096,0,0,0,train,train
7_2_X0050_Y1850_S050_2020_10_06_x512_y512_64x64_97,7_2_X0050_Y1850_S050,author_grid_component:7_2_X0000_Y1750_S050,2020-10-06,4096,0,0,4096,0,0,0,train,train
7_2_X0050_Y1850_S050_2020_10_06_x640_y256_64x64_115,7_2_X0050_Y1850_S050,author_grid_component:7_2_X0000_Y1750_S050,2020-10-06,4096,0,0,4096,0,0,0,train,train
7_2_X0050_Y1900_S050_2019_02_09_x256_y128_64x64_41,7_2_X0050_Y1900_S050,author_grid_component:7_2_X0000_Y1750_S050,2019-02-09,419,0,0,419,3677,0,3677,train,train
7_2_X0050_Y1900_S050_2019_02_09_x256_y256_64x64_42,7_2_X0050_Y1900_S050,author_grid_component:7_2_X0000_Y1750_S050,2019-02-09,706,0,0,706,3390,0,3390,train,train
7_2_X0050_Y1900_S050_2019_03_26_x256_y576_64x64_44,7_2_X0050_Y1900_S050,author_grid_component:7_2_X0000_Y1750_S050,2019-03-26,1250,0,0,1250,2846,0,2846,train,train
7_2_X0050_Y1900_S050_2019_03_26_x64_y384_64x64_17,7_2_X0050_Y1900_S050,author_grid_component:7_2_X0000_Y1750_S050,2019-03-26,4096,0,0,4096,0,0,0,train,train
7_2_X0050_Y1900_S050_2019_07_04_x64_y448_64x64_18,7_2_X0050_Y1900_S050,author_grid_component:7_2_X0000_Y1750_S050,2019-07-04,2601,0,0,2601,1495,0,1495,train,train
7_2_X0050_Y1900_S050_2019_07_14_x128_y192_64x64_24,7_2_X0050_Y1900_S050,author_grid_component:7_2_X0000_Y1750_S050,2019-07-14,2046,360,0,2406,1690,0,1690,train,train
7_2_X0050_Y1900_S050_2019_08_28_x192_y640_64x64_39,7_2_X0050_Y1900_S050,author_grid_component:7_2_X0000_Y1750_S050,2019-08-28,391,3528,0,3919,177,0,177,train,train
7_2_X0050_Y1900_S050_2019_09_02_x256_y640_64x64_41,7_2_X0050_Y1900_S050,author_grid_component:7_2_X0000_Y1750_S050,2019-09-02,387,151,0,538,3558,0,3558,train,train
7_2_X0050_Y1900_S050_2019_12_21_x192_y192_64x64_33,7_2_X0050_Y1900_S050,author_grid_component:7_2_X0000_Y1750_S050,2019-12-21,2814,0,0,2814,1282,0,1282,train,train
7_2_X0050_Y1900_S050_2020_02_19_x128_y640_64x64_31,7_2_X0050_Y1900_S050,author_grid_component:7_2_X0000_Y1750_S050,2020-02-19,4096,0,0,4096,0,0,0,train,train
7_2_X0050_Y1900_S050_2020_06_18_x128_y640_64x64_30,7_2_X0050_Y1900_S050,author_grid_component:7_2_X0000_Y1750_S050,2020-06-18,4096,0,0,4096,0,0,0,train,train
7_2_X0050_Y1900_S050_2020_08_07_x384_y576_64x64_41,7_2_X0050_Y1900_S050,author_grid_component:7_2_X0000_Y1750_S050,2020-08-07,725,0,0,725,3371,0,3371,train,train
7_2_X0050_Y1900_S050_2020_08_22_x128_y512_64x64_28,7_2_X0050_Y1900_S050,author_grid_component:7_2_X0000_Y1750_S050,2020-08-22,4096,0,0,4096,0,0,0,train,train
7_2_X0050_Y1900_S050_2020_08_27_x128_y640_64x64_31,7_2_X0050_Y1900_S050,author_grid_component:7_2_X0000_Y1750_S050,2020-08-27,4096,0,0,4096,0,0,0,train,train
7_2_X0050_Y1900_S050_2020_11_10_x384_y640_64x64_45,7_2_X0050_Y1900_S050,author_grid_component:7_2_X0000_Y1750_S050,2020-11-10,1366,0,0,1366,2730,0,2730,train,train
7_2_X0050_Y1900_S050_2020_12_10_x128_y64_64x64_22,7_2_X0050_Y1900_S050,author_grid_component:7_2_X0000_Y1750_S050,2020-12-10,602,0,0,602,3494,0,3494,train,train
7_2_X0100_Y1850_S050_2019_03_26_x0_y128_64x64_3,7_2_X0100_Y1850_S050,author_grid_component:7_2_X0000_Y1750_S050,2019-03-26,4096,0,0,4096,0,0,0,train,train
7_2_X0100_Y1850_S050_2019_03_26_x192_y64_64x64_35,7_2_X0100_Y1850_S050,author_grid_component:7_2_X0000_Y1750_S050,2019-03-26,4096,0,0,4096,0,0,0,train,train
7_2_X0100_Y1850_S050_2019_03_26_x640_y512_64x64_109,7_2_X0100_Y1850_S050,author_grid_component:7_2_X0000_Y1750_S050,2019-03-26,2941,0,0,2941,1155,0,1155,test,train
7_2_X0100_Y1850_S050_2019_07_04_x512_y64_64x64_90,7_2_X0100_Y1850_S050,author_grid_component:7_2_X0000_Y1750_S050,2019-07-04,3785,0,0,3785,311,0,311,train,train
7_2_X0100_Y1850_S050_2019_07_04_x640_y320_64x64_116,7_2_X0100_Y1850_S050,author_grid_component:7_2_X0000_Y1750_S050,2019-07-04,2486,0,0,2486,1610,0,1610,train,train
7_2_X0100_Y1850_S050_2019_07_24_x640_y192_64x64_114,7_2_X0100_Y1850_S050,author_grid_component:7_2_X0000_Y1750_S050,2019-07-24,4096,0,0,4096,0,0,0,train,train
7_2_X0100_Y1850_S050_2019_09_22_x128_y512_64x64_16,7_2_X0100_Y1850_S050,author_grid_component:7_2_X0000_Y1750_S050,2019-09-22,4096,0,0,4096,0,0,0,train,train
7_2_X0100_Y1850_S050_2020_03_15_x448_y576_64x64_87,7_2_X0100_Y1850_S050,author_grid_component:7_2_X0000_Y1750_S050,2020-03-15,4096,0,0,4096,0,0,0,train,train
7_2_X0100_Y1850_S050_2020_03_15_x640_y128_64x64_113,7_2_X0100_Y1850_S050,author_grid_component:7_2_X0000_Y1750_S050,2020-03-15,4096,0,0,4096,0,0,0,train,train
7_2_X0100_Y1850_S050_2020_07_28_x448_y384_64x64_84,7_2_X0100_Y1850_S050,author_grid_component:7_2_X0000_Y1750_S050,2020-07-28,4096,0,0,4096,0,0,0,train,train
7_2_X0100_Y1850_S050_2020_08_22_x384_y384_64x64_73,7_2_X0100_Y1850_S050,author_grid_component:7_2_X0000_Y1750_S050,2020-08-22,4096,0,0,4096,0,0,0,validation,train
7_2_X0100_Y1850_S050_2020_08_22_x640_y256_64x64_115,7_2_X0100_Y1850_S050,author_grid_component:7_2_X0000_Y1750_S050,2020-08-22,4096,0,0,4096,0,0,0,train,train
7_2_X0100_Y1850_S050_2020_08_27_x576_y128_64x64_102,7_2_X0100_Y1850_S050,author_grid_component:7_2_X0000_Y1750_S050,2020-08-27,4096,0,0,4096,0,0,0,train,train
7_2_X0100_Y1850_S050_2020_11_10_x448_y192_64x64_53,7_2_X0100_Y1850_S050,author_grid_component:7_2_X0000_Y1750_S050,2020-11-10,416,0,0,416,3680,0,3680,train,train
7_2_X0100_Y1850_S050_2020_11_10_x640_y0_64x64_71,7_2_X0100_Y1850_S050,author_grid_component:7_2_X0000_Y1750_S050,2020-11-10,4096,0,0,4096,0,0,0,train,train
7_2_X0100_Y1850_S050_2020_12_10_x384_y0_64x64_41,7_2_X0100_Y1850_S050,author_grid_component:7_2_X0000_Y1750_S050,2020-12-10,3990,0,0,3990,106,0,106,train,train
7_2_X0100_Y1900_S050_2019_02_09_x192_y192_64x64_37,7_2_X0100_Y1900_S050,author_grid_component:7_2_X0000_Y1750_S050,2019-02-09,4072,0,0,4072,24,0,24,train,train
7_2_X0100_Y1900_S050_2019_07_24_x128_y320_64x64_28,7_2_X0100_Y1900_S050,author_grid_component:7_2_X0000_Y1750_S050,2019-07-24,4096,0,0,4096,0,0,0,train,train
7_2_X0100_Y1900_S050_2019_09_02_x256_y384_64x64_50,7_2_X0100_Y1900_S050,author_grid_component:7_2_X0000_Y1750_S050,2019-09-02,4096,0,0,4096,0,0,0,test,train
7_2_X0100_Y1900_S050_2020_02_19_x64_y0_64x64_12,7_2_X0100_Y1900_S050,author_grid_component:7_2_X0000_Y1750_S050,2020-02-19,4096,0,0,4096,0,0,0,validation,train
7_2_X0100_Y1900_S050_2020_02_19_x64_y512_64x64_20,7_2_X0100_Y1900_S050,author_grid_component:7_2_X0000_Y1750_S050,2020-02-19,4096,0,0,4096,0,0,0,train,train
7_2_X0100_Y1900_S050_2020_03_15_x128_y640_64x64_33,7_2_X0100_Y1900_S050,author_grid_component:7_2_X0000_Y1750_S050,2020-03-15,3592,0,0,3592,504,0,504,train,train
7_2_X0100_Y1900_S050_2020_07_08_x192_y512_64x64_31,7_2_X0100_Y1900_S050,author_grid_component:7_2_X0000_Y1750_S050,2020-07-08,4096,0,0,4096,0,0,0,train,train
7_2_X0100_Y1900_S050_2020_07_08_x256_y384_64x64_35,7_2_X0100_Y1900_S050,author_grid_component:7_2_X0000_Y1750_S050,2020-07-08,1130,0,0,1130,2966,0,2966,train,train
7_2_X0100_Y1900_S050_2020_07_28_x448_y448_64x64_77,7_2_X0100_Y1900_S050,author_grid_component:7_2_X0000_Y1750_S050,2020-07-28,3636,0,0,3636,460,0,460,train,train
7_2_X0100_Y1900_S050_2020_08_22_x512_y576_64x64_85,7_2_X0100_Y1900_S050,author_grid_component:7_2_X0000_Y1750_S050,2020-08-22,4096,0,0,4096,0,0,0,train,train
7_2_X0100_Y1900_S050_2020_08_27_x128_y384_64x64_29,7_2_X0100_Y1900_S050,author_grid_component:7_2_X0000_Y1750_S050,2020-08-27,4096,0,0,4096,0,0,0,train,train
7_2_X0100_Y1900_S050_2020_09_26_x320_y448_64x64_61,7_2_X0100_Y1900_S050,author_grid_component:7_2_X0000_Y1750_S050,2020-09-26,4096,0,0,4096,0,0,0,train,train
7_2_X0100_Y1900_S050_2020_09_26_x640_y320_64x64_96,7_2_X0100_Y1900_S050,author_grid_component:7_2_X0000_Y1750_S050,2020-09-26,1339,0,0,1339,2757,0,2757,train,train
7_2_X0100_Y1900_S050_2020_11_10_x512_y320_64x64_82,7_2_X0100_Y1900_S050,author_grid_component:7_2_X0000_Y1750_S050,2020-11-10,335,0,0,335,3761,0,3761,train,train
7_2_X0100_Y1900_S050_2020_12_10_x640_y640_64x64_103,7_2_X0100_Y1900_S050,author_grid_component:7_2_X0000_Y1750_S050,2020-12-10,214,0,0,214,3882,0,3882,test,train
7_2_X0100_Y1900_S050_2020_12_10_x64_y320_64x64_17,7_2_X0100_Y1900_S050,author_grid_component:7_2_X0000_Y1750_S050,2020-12-10,4096,0,0,4096,0,0,0,test,train
7_2_X0150_Y1900_S050_2019_02_09_x256_y576_64x64_53,7_2_X0150_Y1900_S050,author_grid_component:7_2_X0000_Y1750_S050,2019-02-09,3790,0,0,3790,306,0,306,train,train
7_2_X0150_Y1900_S050_2019_07_04_x128_y64_64x64_24,7_2_X0150_Y1900_S050,author_grid_component:7_2_X0000_Y1750_S050,2019-07-04,4096,0,0,4096,0,0,0,train,train
7_2_X0150_Y1900_S050_2019_07_24_x64_y576_64x64_21,7_2_X0150_Y1900_S050,author_grid_component:7_2_X0000_Y1750_S050,2019-07-24,3945,0,0,3945,151,0,151,train,train
7_2_X0150_Y1900_S050_2019_08_28_x64_y192_64x64_15,7_2_X0150_Y1900_S050,author_grid_component:7_2_X0000_Y1750_S050,2019-08-28,4096,0,0,4096,0,0,0,train,train
7_2_X0150_Y1900_S050_2019_09_02_x640_y128_64x64_93,7_2_X0150_Y1900_S050,author_grid_component:7_2_X0000_Y1750_S050,2019-09-02,1292,327,0,1619,2477,0,2477,validation,train
7_2_X0150_Y1900_S050_2020_02_19_x0_y128_64x64_3,7_2_X0150_Y1900_S050,author_grid_component:7_2_X0000_Y1750_S050,2020-02-19,4096,0,0,4096,0,0,0,train,train
7_2_X0150_Y1900_S050_2020_02_19_x256_y128_64x64_47,7_2_X0150_Y1900_S050,author_grid_component:7_2_X0000_Y1750_S050,2020-02-19,4096,0,0,4096,0,0,0,test,train
7_2_X0150_Y1900_S050_2020_07_03_x64_y128_64x64_14,7_2_X0150_Y1900_S050,author_grid_component:7_2_X0000_Y1750_S050,2020-07-03,4096,0,0,4096,0,0,0,train,train
7_2_X0150_Y1900_S050_2020_08_07_x640_y576_64x64_101,7_2_X0150_Y1900_S050,author_grid_component:7_2_X0000_Y1750_S050,2020-08-07,1685,2411,0,4096,0,0,0,test,train
7_2_X0150_Y1900_S050_2020_08_07_x64_y192_64x64_15,7_2_X0150_Y1900_S050,author_grid_component:7_2_X0000_Y1750_S050,2020-08-07,4096,0,0,4096,0,0,0,train,train
7_2_X0150_Y1900_S050_2020_08_22_x0_y512_64x64_9,7_2_X0150_Y1900_S050,author_grid_component:7_2_X0000_Y1750_S050,2020-08-22,4096,0,0,4096,0,0,0,train,train
7_2_X0150_Y1900_S050_2020_08_27_x192_y512_64x64_42,7_2_X0150_Y1900_S050,author_grid_component:7_2_X0000_Y1750_S050,2020-08-27,4096,0,0,4096,0,0,0,train,train
7_2_X0150_Y1900_S050_2020_08_27_x448_y64_64x64_69,7_2_X0150_Y1900_S050,author_grid_component:7_2_X0000_Y1750_S050,2020-08-27,2233,0,0,2233,1863,0,1863,train,train
7_2_X0150_Y1900_S050_2020_10_16_x192_y512_64x64_42,7_2_X0150_Y1900_S050,author_grid_component:7_2_X0000_Y1750_S050,2020-10-16,4096,0,0,4096,0,0,0,train,train
7_2_X0150_Y1900_S050_2020_11_10_x384_y384_64x64_70,7_2_X0150_Y1900_S050,author_grid_component:7_2_X0000_Y1750_S050,2020-11-10,669,0,0,669,3427,0,3427,test,train
7_2_X0150_Y1900_S050_2020_11_10_x384_y512_64x64_72,7_2_X0150_Y1900_S050,author_grid_component:7_2_X0000_Y1750_S050,2020-11-10,3372,0,0,3372,724,0,724,train,train
7_2_X0150_Y1950_S050_2019_01_05_x0_y320_64x64_2,7_2_X0150_Y1950_S050,author_grid_component:7_2_X0000_Y1750_S050,2019-01-05,2392,0,0,2392,1704,0,1704,train,train
7_2_X0150_Y1950_S050_2019_01_05_x192_y512_64x64_38,7_2_X0150_Y1950_S050,author_grid_component:7_2_X0000_Y1750_S050,2019-01-05,436,0,0,436,3660,0,3660,train,train
7_2_X0150_Y1950_S050_2019_01_05_x64_y0_64x64_8,7_2_X0150_Y1950_S050,author_grid_component:7_2_X0000_Y1750_S050,2019-01-05,3328,0,0,3328,768,0,768,train,train
7_2_X0150_Y1950_S050_2019_08_28_x256_y256_64x64_43,7_2_X0150_Y1950_S050,author_grid_component:7_2_X0000_Y1750_S050,2019-08-28,951,1698,0,2649,1447,0,1447,train,train
7_2_X0150_Y1950_S050_2019_09_27_x320_y0_64x64_46,7_2_X0150_Y1950_S050,author_grid_component:7_2_X0000_Y1750_S050,2019-09-27,0,3999,0,3999,97,0,97,train,train
7_2_X0150_Y1950_S050_2019_10_12_x0_y576_64x64_6,7_2_X0150_Y1950_S050,author_grid_component:7_2_X0000_Y1750_S050,2019-10-12,515,3581,0,4096,0,0,0,train,train
7_2_X0150_Y1950_S050_2020_02_19_x128_y128_64x64_21,7_2_X0150_Y1950_S050,author_grid_component:7_2_X0000_Y1750_S050,2020-02-19,4096,0,0,4096,0,0,0,train,train
7_2_X0150_Y1950_S050_2020_07_08_x128_y64_64x64_20,7_2_X0150_Y1950_S050,author_grid_component:7_2_X0000_Y1750_S050,2020-07-08,4067,29,0,4096,0,0,0,train,train
7_2_X0150_Y1950_S050_2020_09_16_x192_y384_64x64_32,7_2_X0150_Y1950_S050,author_grid_component:7_2_X0000_Y1750_S050,2020-09-16,3202,0,0,3202,894,0,894,train,train
7_2_X0150_Y1950_S050_2020_09_16_x64_y128_64x64_10,7_2_X0150_Y1950_S050,author_grid_component:7_2_X0000_Y1750_S050,2020-09-16,2125,0,0,2125,1971,0,1971,train,train
7_2_X0150_Y1950_S050_2020_10_16_x256_y64_64x64_40,7_2_X0150_Y1950_S050,author_grid_component:7_2_X0000_Y1750_S050,2020-10-16,4096,0,0,4096,0,0,0,train,train
7_2_X0150_Y1950_S050_2020_10_31_x128_y640_64x64_29,7_2_X0150_Y1950_S050,author_grid_component:7_2_X0000_Y1750_S050,2020-10-31,4078,0,0,4078,18,0,18,train,train
7_2_X0150_Y1950_S050_2020_10_31_x192_y0_64x64_30,7_2_X0150_Y1950_S050,author_grid_component:7_2_X0000_Y1750_S050,2020-10-31,3931,0,0,3931,165,0,165,train,train
7_2_X0150_Y1950_S050_2020_11_10_x192_y640_64x64_40,7_2_X0150_Y1950_S050,author_grid_component:7_2_X0000_Y1750_S050,2020-11-10,1409,0,0,1409,2687,0,2687,train,train
7_2_X0150_Y1950_S050_2020_12_10_x256_y64_64x64_42,7_2_X0150_Y1950_S050,author_grid_component:7_2_X0000_Y1750_S050,2020-12-10,4027,69,0,4096,0,0,0,train,train
7_2_X0150_Y1950_S050_2020_12_10_x64_y128_64x64_10,7_2_X0150_Y1950_S050,author_grid_component:7_2_X0000_Y1750_S050,2020-12-10,3511,0,0,3511,585,0,585,train,train
7_2_X0200_Y1950_S050_2019_01_05_x128_y0_64x64_23,7_2_X0200_Y1950_S050,author_grid_component:7_2_X0000_Y1750_S050,2019-01-05,2491,0,0,2491,1605,0,1605,train,train
7_2_X0200_Y1950_S050_2019_03_26_x128_y512_64x64_29,7_2_X0200_Y1950_S050,author_grid_component:7_2_X0000_Y1750_S050,2019-03-26,3987,0,0,3987,109,0,109,train,train
7_2_X0200_Y1950_S050_2019_03_26_x128_y576_64x64_30,7_2_X0200_Y1950_S050,author_grid_component:7_2_X0000_Y1750_S050,2019-03-26,4096,0,0,4096,0,0,0,train,train
7_2_X0200_Y1950_S050_2019_08_28_x192_y576_64x64_35,7_2_X0200_Y1950_S050,author_grid_component:7_2_X0000_Y1750_S050,2019-08-28,3509,0,0,3509,587,0,587,train,train
7_2_X0200_Y1950_S050_2019_08_28_x256_y512_64x64_37,7_2_X0200_Y1950_S050,author_grid_component:7_2_X0000_Y1750_S050,2019-08-28,223,0,0,223,3873,0,3873,train,train
7_2_X0200_Y1950_S050_2019_09_22_x0_y512_64x64_9,7_2_X0200_Y1950_S050,author_grid_component:7_2_X0000_Y1750_S050,2019-09-22,4096,0,0,4096,0,0,0,train,train
7_2_X0200_Y1950_S050_2019_10_12_x64_y64_64x64_13,7_2_X0200_Y1950_S050,author_grid_component:7_2_X0000_Y1750_S050,2019-10-12,3316,623,0,3939,157,0,157,validation,train
7_2_X0200_Y1950_S050_2020_09_21_x128_y512_64x64_29,7_2_X0200_Y1950_S050,author_grid_component:7_2_X0000_Y1750_S050,2020-09-21,3996,0,0,3996,100,0,100,train,train
7_2_X0200_Y1950_S050_2020_09_21_x64_y128_64x64_14,7_2_X0200_Y1950_S050,author_grid_component:7_2_X0000_Y1750_S050,2020-09-21,3856,0,0,3856,240,0,240,train,train
7_2_X0200_Y1950_S050_2020_10_16_x0_y64_64x64_2,7_2_X0200_Y1950_S050,author_grid_component:7_2_X0000_Y1750_S050,2020-10-16,4096,0,0,4096,0,0,0,train,train
7_2_X0200_Y1950_S050_2020_10_31_x128_y320_64x64_26,7_2_X0200_Y1950_S050,author_grid_component:7_2_X0000_Y1750_S050,2020-10-31,1349,0,0,1349,2747,0,2747,train,train
7_2_X0200_Y1950_S050_2020_10_31_x64_y320_64x64_17,7_2_X0200_Y1950_S050,author_grid_component:7_2_X0000_Y1750_S050,2020-10-31,3215,0,0,3215,881,0,881,validation,train
7_2_X0200_Y1950_S050_2020_11_10_x0_y64_64x64_2,7_2_X0200_Y1950_S050,author_grid_component:7_2_X0000_Y1750_S050,2020-11-10,4096,0,0,4096,0,0,0,train,train
7_2_X0200_Y1950_S050_2020_11_10_x256_y640_64x64_39,7_2_X0200_Y1950_S050,author_grid_component:7_2_X0000_Y1750_S050,2020-11-10,2660,0,0,2660,1436,0,1436,train,train
7_2_X0200_Y1950_S050_2020_12_10_x128_y256_64x64_25,7_2_X0200_Y1950_S050,author_grid_component:7_2_X0000_Y1750_S050,2020-12-10,665,0,0,665,3431,0,3431,train,train
7_2_X0200_Y1950_S050_2020_12_10_x256_y512_64x64_37,7_2_X0200_Y1950_S050,author_grid_component:7_2_X0000_Y1750_S050,2020-12-10,541,0,0,541,3555,0,3555,train,train
7_2_X1050_Y1550_S050_2019_04_22_x192_y448_64x64_11,7_2_X1050_Y1550_S050,author_grid_component:7_2_X1050_Y1550_S050,2019-04-22,1078,0,0,1078,3018,0,3018,train,validation
7_2_X1050_Y1550_S050_2019_05_27_x0_y128_64x64_1,7_2_X1050_Y1550_S050,author_grid_component:7_2_X1050_Y1550_S050,2019-05-27,3561,0,0,3561,535,0,535,train,validation
7_2_X1050_Y1550_S050_2019_06_11_x256_y448_64x64_13,7_2_X1050_Y1550_S050,author_grid_component:7_2_X1050_Y1550_S050,2019-06-11,3641,0,0,3641,455,0,455,train,validation
7_2_X1050_Y1550_S050_2019_06_11_x320_y448_64x64_16,7_2_X1050_Y1550_S050,author_grid_component:7_2_X1050_Y1550_S050,2019-06-11,2739,0,0,2739,1357,0,1357,train,validation
7_2_X1050_Y1550_S050_2019_10_09_x128_y384_64x64_9,7_2_X1050_Y1550_S050,author_grid_component:7_2_X1050_Y1550_S050,2019-10-09,0,695,8,703,3393,0,3393,train,validation
7_2_X1050_Y1550_S050_2019_10_09_x384_y576_64x64_23,7_2_X1050_Y1550_S050,author_grid_component:7_2_X1050_Y1550_S050,2019-10-09,123,1136,0,1259,2837,0,2837,train,validation
7_2_X1050_Y1550_S050_2019_10_09_x64_y320_64x64_6,7_2_X1050_Y1550_S050,author_grid_component:7_2_X1050_Y1550_S050,2019-10-09,327,1634,0,1961,2135,0,2135,train,validation
7_2_X1050_Y1550_S050_2019_10_19_x64_y192_64x64_4,7_2_X1050_Y1550_S050,author_grid_component:7_2_X1050_Y1550_S050,2019-10-19,1981,829,0,2810,1286,0,1286,validation,validation
7_2_X1050_Y1550_S050_2019_10_29_x256_y512_64x64_14,7_2_X1050_Y1550_S050,author_grid_component:7_2_X1050_Y1550_S050,2019-10-29,2372,363,0,2735,1361,0,1361,train,validation
7_2_X1050_Y1550_S050_2020_03_22_x256_y576_64x64_16,7_2_X1050_Y1550_S050,author_grid_component:7_2_X1050_Y1550_S050,2020-03-22,1565,0,0,1565,2531,0,2531,train,validation
7_2_X1050_Y1550_S050_2020_04_06_x0_y128_64x64_1,7_2_X1050_Y1550_S050,author_grid_component:7_2_X1050_Y1550_S050,2020-04-06,3264,0,0,3264,832,0,832,test,validation
7_2_X1050_Y1550_S050_2020_04_06_x192_y320_64x64_9,7_2_X1050_Y1550_S050,author_grid_component:7_2_X1050_Y1550_S050,2020-04-06,2932,0,0,2932,1164,0,1164,test,validation
7_2_X1050_Y1550_S050_2020_05_21_x256_y448_64x64_15,7_2_X1050_Y1550_S050,author_grid_component:7_2_X1050_Y1550_S050,2020-05-21,4096,0,0,4096,0,0,0,train,validation
7_2_X1050_Y1550_S050_2020_09_23_x256_y384_64x64_9,7_2_X1050_Y1550_S050,author_grid_component:7_2_X1050_Y1550_S050,2020-09-23,11,2775,0,2786,1310,0,1310,train,validation
7_2_X1050_Y1550_S050_2020_09_23_x64_y320_64x64_3,7_2_X1050_Y1550_S050,author_grid_component:7_2_X1050_Y1550_S050,2020-09-23,0,930,0,930,3166,0,3166,train,validation
7_2_X1050_Y1550_S050_2020_10_23_x256_y576_64x64_17,7_2_X1050_Y1550_S050,author_grid_component:7_2_X1050_Y1550_S050,2020-10-23,217,1361,0,1578,2518,0,2518,train,validation
