model,random_macro_f1_fixed_three,geographic_macro_f1_fixed_three,delta_random_minus_geographic,random_low_f1,geographic_low_f1,random_moderate_f1,geographic_moderate_f1,random_high_f1,geographic_high_f1,full_three_class_evaluation,scope
NDCI,0.3762464944024125,0.41851939299739066,-0.04227289859497818,0.9695614430293507,0.8995451565317161,0.15917804017788684,0.3560130224604558,,,False,bounded_pilot
NDVI,0.31410335505726367,0.2598539230194971,0.054249432037766554,0.9423100651717911,0.7717840966692284,0.0,0.007777672389263018,,,False,bounded_pilot
FAI,0.32112473729439334,0.2781040838556549,0.043020653438738454,0.9633742118831801,0.8301753694376871,0.0,0.004136882129277567,,,False,bounded_pilot
B8AB4,0.32071943732285907,0.2891306237516028,0.03158881357125626,0.9618672758801023,0.8627785144885518,0.0002910360884749709,0.00461335676625659,,,False,bounded_pilot
B3B2,0.33021952824820205,0.4503301943666573,-0.12011066611845522,0.9582835523695739,0.8773482516895877,0.03237503237503238,0.4736423314103839,,,False,bounded_pilot
LogisticRegression,0.3279139071063282,0.32656920930781436,0.0013446977985138164,0.9837417213189845,0.9700472505649524,0.0,0.009660377358490567,,,False,bounded_pilot
RandomForest,0.5165773567606818,0.37679907381155325,0.13977828294912858,0.9853208796509461,0.9732687797451688,0.5644111906310996,0.15712844168949114,,,False,bounded_pilot
SmallSegCNN,0.19794408733802674,0.26763015430111375,-0.06968606696308702,0.5938322620140802,0.8028904629033412,0.0,0.0,,,False,bounded_pilot
DeepLabV3_ResNet18,0.3260857394153162,0.3221638958469616,0.0039218435683546216,0.9782572182459486,0.9462089585918989,0.0,0.020282728948985862,,,False,bounded_pilot
