sample_id,band,units,min,max,mean,std,p05,p50,p95,zero_fraction
6_2_X0650_Y0900_S050_2019_01_04_x0_y320_64x64_1,B01,stored_S2_DN,1,10436,2658.534912109375,3745.875409728269,1.0,116.0,9892.0,0.0
6_2_X0650_Y0900_S050_2019_01_04_x0_y320_64x64_1,B02,stored_S2_DN,0,10703,2711.98974609375,3900.3091958378177,1.0,47.0,10111.25,0.0498046875
6_2_X0650_Y0900_S050_2019_01_04_x0_y320_64x64_1,B03,stored_S2_DN,0,10463,2722.23583984375,3845.845870610632,0.0,119.0,9985.5,0.05078125
6_2_X0650_Y0900_S050_2019_01_04_x0_y320_64x64_1,B04,stored_S2_DN,0,10256,2621.76318359375,3779.542079360961,0.0,17.0,9806.25,0.0546875
6_2_X0650_Y0900_S050_2019_01_04_x0_y320_64x64_1,B05,stored_S2_DN,1,10366,2619.1025390625,3798.677593609237,1.0,4.0,9949.0,0.0
6_2_X0650_Y0900_S050_2019_01_04_x0_y320_64x64_1,B06,stored_S2_DN,1,9790,2477.2744140625,3615.7001136576514,1.0,1.0,9498.0,0.0
6_2_X0650_Y0900_S050_2019_01_04_x0_y320_64x64_1,B07,stored_S2_DN,1,9340,2334.794677734375,3423.8037659331703,1.0,1.0,9069.75,0.0
6_2_X0650_Y0900_S050_2019_01_04_x0_y320_64x64_1,B08,stored_S2_DN,0,9533,2357.4326171875,3457.405696790274,1.0,1.0,9114.0,0.039794921875
6_2_X0650_Y0900_S050_2019_01_04_x0_y320_64x64_1,B8A,stored_S2_DN,1,9012,2217.965087890625,3269.635253125096,1.0,1.0,8711.25,0.0
6_2_X0650_Y0900_S050_2019_01_04_x0_y320_64x64_1,B09,stored_S2_DN,1,8965,2242.489013671875,3249.5954760080217,1.0,1.0,8711.0,0.0
6_2_X0650_Y0900_S050_2019_01_04_x0_y320_64x64_1,B11,stored_S2_DN,1,1633,177.89990234375,271.1965074342251,1.0,1.0,704.0,0.0
6_2_X0650_Y0900_S050_2019_01_04_x0_y320_64x64_1,B12,stored_S2_DN,1,1277,191.0693359375,279.00220526743203,1.0,12.0,750.0,0.0
6_2_X0650_Y0900_S050_2020_06_17_x320_y704_64x64_57,B01,stored_S2_DN,241,405,261.7822265625,16.735562123026206,249.0,258.0,284.25,0.0
6_2_X0650_Y0900_S050_2020_06_17_x320_y704_64x64_57,B02,stored_S2_DN,193,748,239.322998046875,34.53495339863788,214.0,234.0,269.0,0.0
6_2_X0650_Y0900_S050_2020_06_17_x320_y704_64x64_57,B03,stored_S2_DN,238,788,291.2109375,35.58147611990112,260.0,287.0,326.0,0.0
6_2_X0650_Y0900_S050_2020_06_17_x320_y704_64x64_57,B04,stored_S2_DN,128,661,167.4423828125,32.70492187171076,146.0,162.0,191.0,0.0
6_2_X0650_Y0900_S050_2020_06_17_x320_y704_64x64_57,B05,stored_S2_DN,120,542,158.876708984375,31.087447296354057,134.0,154.0,191.0,0.0
6_2_X0650_Y0900_S050_2020_06_17_x320_y704_64x64_57,B06,stored_S2_DN,78,519,117.73193359375,28.619283609274536,95.0,112.0,151.0,0.0
6_2_X0650_Y0900_S050_2020_06_17_x320_y704_64x64_57,B07,stored_S2_DN,75,470,112.507080078125,27.266891064255816,92.0,108.0,142.0,0.0
6_2_X0650_Y0900_S050_2020_06_17_x320_y704_64x64_57,B08,stored_S2_DN,64,599,97.998291015625,33.892346616732624,76.0,91.0,129.0,0.0
6_2_X0650_Y0900_S050_2020_06_17_x320_y704_64x64_57,B8A,stored_S2_DN,60,424,91.349609375,26.248769313482338,71.0,86.0,120.0,0.0
6_2_X0650_Y0900_S050_2020_06_17_x320_y704_64x64_57,B09,stored_S2_DN,48,208,73.272216796875,18.345809338405438,53.0,72.0,101.0,0.0
6_2_X0650_Y0900_S050_2020_06_17_x320_y704_64x64_57,B11,stored_S2_DN,19,347,39.1787109375,23.340628888958154,27.0,34.0,67.0,0.0
6_2_X0650_Y0900_S050_2020_06_17_x320_y704_64x64_57,B12,stored_S2_DN,9,307,31.488525390625,20.550774705338718,21.0,28.0,56.0,0.0
6_2_X1800_Y1050_S050_2020_07_08_x448_y128_64x64_70,B01,stored_S2_DN,209,238,223.207763671875,3.9970751365559813,216.0,224.0,230.0,0.0
6_2_X1800_Y1050_S050_2020_07_08_x448_y128_64x64_70,B02,stored_S2_DN,141,222,184.760009765625,10.712451338128899,167.0,185.0,202.0,0.0
6_2_X1800_Y1050_S050_2020_07_08_x448_y128_64x64_70,B03,stored_S2_DN,176,256,212.975830078125,11.450754435538366,195.0,212.0,233.0,0.0
6_2_X1800_Y1050_S050_2020_07_08_x448_y128_64x64_70,B04,stored_S2_DN,58,110,84.345458984375,6.683997614133296,74.0,84.0,95.0,0.0
6_2_X1800_Y1050_S050_2020_07_08_x448_y128_64x64_70,B05,stored_S2_DN,58,112,88.8525390625,6.608524132467976,78.0,89.0,100.0,0.0
6_2_X1800_Y1050_S050_2020_07_08_x448_y128_64x64_70,B06,stored_S2_DN,44,103,71.861083984375,6.526574971317489,61.0,72.0,83.0,0.0
6_2_X1800_Y1050_S050_2020_07_08_x448_y128_64x64_70,B07,stored_S2_DN,49,95,71.46435546875,6.41563329384886,60.0,72.0,82.0,0.0
6_2_X1800_Y1050_S050_2020_07_08_x448_y128_64x64_70,B08,stored_S2_DN,28,79,56.95166015625,6.430753987928338,46.0,57.0,67.0,0.0
6_2_X1800_Y1050_S050_2020_07_08_x448_y128_64x64_70,B8A,stored_S2_DN,30,90,58.950927734375,7.132143083226908,47.0,59.0,71.0,0.0
6_2_X1800_Y1050_S050_2020_07_08_x448_y128_64x64_70,B09,stored_S2_DN,6,80,39.3544921875,8.517721607492902,20.0,41.0,49.0,0.0
6_2_X1800_Y1050_S050_2020_07_08_x448_y128_64x64_70,B11,stored_S2_DN,19,54,37.83642578125,4.711407917885091,30.0,38.0,46.0,0.0
6_2_X1800_Y1050_S050_2020_07_08_x448_y128_64x64_70,B12,stored_S2_DN,14,54,32.73095703125,4.730777166567475,25.0,33.0,41.0,0.0
6_2_X1850_Y1150_S050_2020_11_08_x64_y64_64x64_13,B01,stored_S2_DN,55,123,89.715576171875,17.725690647909033,58.0,92.0,113.0,0.0
6_2_X1850_Y1150_S050_2020_11_08_x64_y64_64x64_13,B02,stored_S2_DN,108,296,208.3720703125,32.84397658715455,153.0,213.5,255.0,0.0
6_2_X1850_Y1150_S050_2020_11_08_x64_y64_64x64_13,B03,stored_S2_DN,202,353,279.834716796875,25.680974988980456,237.0,284.0,317.0,0.0
6_2_X1850_Y1150_S050_2020_11_08_x64_y64_64x64_13,B04,stored_S2_DN,17,88,51.6513671875,9.775309602171092,36.0,52.0,68.0,0.0
6_2_X1850_Y1150_S050_2020_11_08_x64_y64_64x64_13,B05,stored_S2_DN,1,52,15.828125,9.024773304805224,1.0,15.0,31.0,0.0
6_2_X1850_Y1150_S050_2020_11_08_x64_y64_64x64_13,B06,stored_S2_DN,1,18,1.0693359375,0.6156148067346952,1.0,1.0,1.0,0.0
6_2_X1850_Y1150_S050_2020_11_08_x64_y64_64x64_13,B07,stored_S2_DN,1,25,1.281494140625,1.55987570680128,1.0,1.0,1.0,0.0
6_2_X1850_Y1150_S050_2020_11_08_x64_y64_64x64_13,B08,stored_S2_DN,0,21,2.505859375,2.6521042728321618,0.0,2.0,8.0,0.095458984375
6_2_X1850_Y1150_S050_2020_11_08_x64_y64_64x64_13,B8A,stored_S2_DN,1,30,1.978271484375,2.968958305278761,1.0,1.0,9.0,0.0
6_2_X1850_Y1150_S050_2020_11_08_x64_y64_64x64_13,B09,stored_S2_DN,1,1,1.0,0.0,1.0,1.0,1.0,0.0
6_2_X1850_Y1150_S050_2020_11_08_x64_y64_64x64_13,B11,stored_S2_DN,1,26,3.56591796875,3.5139302216529393,1.0,2.0,11.0,0.0
6_2_X1850_Y1150_S050_2020_11_08_x64_y64_64x64_13,B12,stored_S2_DN,1,34,7.182861328125,5.475487743713008,1.0,7.0,17.0,0.0
7_2_X0000_Y1750_S050_2019_02_09_x384_y640_64x64_1,B01,stored_S2_DN,0,3259,842.263671875,686.3406185250138,126.0,650.0,2419.75,0.0029296875
7_2_X0000_Y1750_S050_2019_02_09_x384_y640_64x64_1,B02,stored_S2_DN,0,5864,1091.642822265625,901.7005941749147,135.75,774.0,2879.75,0.017333984375
7_2_X0000_Y1750_S050_2019_02_09_x384_y640_64x64_1,B03,stored_S2_DN,0,6057,1303.4052734375,923.6206752078526,253.0,996.0,3175.0,0.018798828125
7_2_X0000_Y1750_S050_2019_02_09_x384_y640_64x64_1,B04,stored_S2_DN,0,5771,1545.884521484375,855.3792636385099,418.0,1308.5,3162.0,0.02001953125
7_2_X0000_Y1750_S050_2019_02_09_x384_y640_64x64_1,B05,stored_S2_DN,0,4872,1652.300048828125,736.9002689687713,619.0,1495.0,2985.5,0.001953125
7_2_X0000_Y1750_S050_2019_02_09_x384_y640_64x64_1,B06,stored_S2_DN,0,4516,1679.25537109375,685.7647573777656,579.75,1607.0,2849.5,0.00390625
7_2_X0000_Y1750_S050_2019_02_09_x384_y640_64x64_1,B07,stored_S2_DN,0,4260,1722.874267578125,654.0249370051276,581.0,1735.5,2818.0,0.0009765625
7_2_X0000_Y1750_S050_2019_02_09_x384_y640_64x64_1,B08,stored_S2_DN,0,5028,1922.67626953125,794.5173518839456,446.75,2012.0,3169.0,0.014892578125
7_2_X0000_Y1750_S050_2019_02_09_x384_y640_64x64_1,B8A,stored_S2_DN,0,4461,1846.9580078125,695.3313738269419,562.0,1970.0,2911.0,0.001708984375
7_2_X0000_Y1750_S050_2019_02_09_x384_y640_64x64_1,B09,stored_S2_DN,186,3561,1831.783203125,603.6579954411707,662.0,1977.0,2553.0,0.0
7_2_X0000_Y1750_S050_2019_02_09_x384_y640_64x64_1,B11,stored_S2_DN,31,5106,1900.685791015625,1070.0339419235343,115.0,2078.5,3484.5,0.0
7_2_X0000_Y1750_S050_2019_02_09_x384_y640_64x64_1,B12,stored_S2_DN,41,5071,1530.564697265625,966.3187337666213,124.0,1472.5,3255.5,0.0
7_2_X0050_Y1850_S050_2020_02_19_x192_y640_64x64_44,B01,stored_S2_DN,427,518,485.702880859375,16.05497000972438,455.0,487.0,508.0,0.0
7_2_X0050_Y1850_S050_2020_02_19_x192_y640_64x64_44,B02,stored_S2_DN,555,734,657.041748046875,25.62791456883406,611.0,660.0,695.0,0.0
7_2_X0050_Y1850_S050_2020_02_19_x192_y640_64x64_44,B03,stored_S2_DN,713,933,836.218017578125,38.19983149882671,761.0,842.0,890.0,0.0
7_2_X0050_Y1850_S050_2020_02_19_x192_y640_64x64_44,B04,stored_S2_DN,195,358,291.341552734375,31.856432887864518,229.0,295.0,336.0,0.0
7_2_X0050_Y1850_S050_2020_02_19_x192_y640_64x64_44,B05,stored_S2_DN,88,211,154.5595703125,22.02270149335382,113.0,155.0,186.0,0.0
7_2_X0050_Y1850_S050_2020_02_19_x192_y640_64x64_44,B06,stored_S2_DN,1,24,1.725341796875,2.291394903946316,1.0,1.0,7.0,0.0
7_2_X0050_Y1850_S050_2020_02_19_x192_y640_64x64_44,B07,stored_S2_DN,1,20,1.25439453125,1.3451047765769375,1.0,1.0,2.0,0.0
7_2_X0050_Y1850_S050_2020_02_19_x192_y640_64x64_44,B08,stored_S2_DN,0,23,1.821044921875,1.7980177023984707,1.0,1.0,5.0,0.040283203125
7_2_X0050_Y1850_S050_2020_02_19_x192_y640_64x64_44,B8A,stored_S2_DN,1,1,1.0,0.0,1.0,1.0,1.0,0.0
7_2_X0050_Y1850_S050_2020_02_19_x192_y640_64x64_44,B09,stored_S2_DN,1,1,1.0,0.0,1.0,1.0,1.0,0.0
7_2_X0050_Y1850_S050_2020_02_19_x192_y640_64x64_44,B11,stored_S2_DN,1,12,1.2001953125,0.8320719391092499,1.0,1.0,3.0,0.0
7_2_X0050_Y1850_S050_2020_02_19_x192_y640_64x64_44,B12,stored_S2_DN,1,27,6.034912109375,4.199900237385882,1.0,5.0,13.0,0.0
7_2_X0100_Y1900_S050_2019_08_28_x128_y640_64x64_33,B01,stored_S2_DN,423,477,449.0283203125,13.496407172045823,432.0,445.0,473.0,0.0
7_2_X0100_Y1900_S050_2019_08_28_x128_y640_64x64_33,B02,stored_S2_DN,544,702,620.93212890625,23.62043778202752,584.0,620.0,660.0,0.0
7_2_X0100_Y1900_S050_2019_08_28_x128_y640_64x64_33,B03,stored_S2_DN,744,925,825.637939453125,31.15393070687103,777.0,823.0,877.0,0.0
7_2_X0100_Y1900_S050_2019_08_28_x128_y640_64x64_33,B04,stored_S2_DN,394,546,461.908203125,26.48948367199218,421.0,460.0,507.0,0.0
7_2_X0100_Y1900_S050_2019_08_28_x128_y640_64x64_33,B05,stored_S2_DN,395,554,477.029541015625,27.854994860105805,434.0,476.0,522.0,0.0
7_2_X0100_Y1900_S050_2019_08_28_x128_y640_64x64_33,B06,stored_S2_DN,223,319,268.408935546875,15.100348203241111,245.0,267.0,295.0,0.0
7_2_X0100_Y1900_S050_2019_08_28_x128_y640_64x64_33,B07,stored_S2_DN,235,325,277.46435546875,15.120437682732334,254.0,276.0,305.0,0.0
7_2_X0100_Y1900_S050_2019_08_28_x128_y640_64x64_33,B08,stored_S2_DN,194,302,242.120361328125,16.62659812179921,217.0,241.0,271.0,0.0
7_2_X0100_Y1900_S050_2019_08_28_x128_y640_64x64_33,B8A,stored_S2_DN,183,282,232.02783203125,13.862138844593446,210.0,231.0,256.0,0.0
7_2_X0100_Y1900_S050_2019_08_28_x128_y640_64x64_33,B09,stored_S2_DN,211,267,235.116455078125,10.795772046229667,216.0,237.0,254.25,0.0
7_2_X0100_Y1900_S050_2019_08_28_x128_y640_64x64_33,B11,stored_S2_DN,126,191,160.2001953125,9.873514522415665,144.0,160.0,176.0,0.0
7_2_X0100_Y1900_S050_2019_08_28_x128_y640_64x64_33,B12,stored_S2_DN,117,178,147.7568359375,9.545836796476173,133.0,148.0,163.0,0.0
7_2_X1050_Y1550_S050_2020_10_23_x64_y320_64x64_7,B01,stored_S2_DN,94,551,190.88330078125,87.90923583204209,104.0,170.0,375.0,0.0
7_2_X1050_Y1550_S050_2020_10_23_x64_y320_64x64_7,B02,stored_S2_DN,0,1229,222.021484375,144.16681935884773,106.75,167.0,545.25,0.000244140625
7_2_X1050_Y1550_S050_2020_10_23_x64_y320_64x64_7,B03,stored_S2_DN,36,1332,382.0576171875,217.85782034020423,164.0,305.0,816.75,0.0
7_2_X1050_Y1550_S050_2020_10_23_x64_y320_64x64_7,B04,stored_S2_DN,0,1755,366.0087890625,313.3527185015053,84.0,216.5,971.25,0.000244140625
7_2_X1050_Y1550_S050_2020_10_23_x64_y320_64x64_7,B05,stored_S2_DN,56,2310,606.37890625,516.2960893133028,78.0,588.0,1383.0,0.0
7_2_X1050_Y1550_S050_2020_10_23_x64_y320_64x64_7,B06,stored_S2_DN,0,3644,932.30322265625,938.1130768049377,15.0,915.5,2413.0,0.000732421875
7_2_X1050_Y1550_S050_2020_10_23_x64_y320_64x64_7,B07,stored_S2_DN,1,4246,1067.541748046875,1079.1172735407285,15.0,1069.0,2800.75,0.0
7_2_X1050_Y1550_S050_2020_10_23_x64_y320_64x64_7,B08,stored_S2_DN,0,4993,1105.029296875,1179.02648228063,4.0,679.5,3139.0,0.009521484375
7_2_X1050_Y1550_S050_2020_10_23_x64_y320_64x64_7,B8A,stored_S2_DN,0,4661,1216.643310546875,1236.6064474315483,1.0,1237.0,3166.75,0.026123046875
7_2_X1050_Y1550_S050_2020_10_23_x64_y320_64x64_7,B09,stored_S2_DN,0,3805,1219.807861328125,1181.1891737591307,0.0,1345.5,2830.0,0.14892578125
7_2_X1050_Y1550_S050_2020_10_23_x64_y320_64x64_7,B11,stored_S2_DN,5,3422,913.867431640625,890.5102221840589,21.0,965.0,2197.5,0.0
7_2_X1050_Y1550_S050_2020_10_23_x64_y320_64x64_7,B12,stored_S2_DN,1,2130,531.35546875,515.1516853276072,16.0,533.0,1334.25,0.0
