sample_id_a,sample_id_b,raw_DN_RMSE,interpretation
6_2_X0650_Y0900_S050_2020_06_17_x320_y704_64x64_57,6_2_X1800_Y1050_S050_2020_07_08_x448_y128_64x64_70,57.89452162999211,unregistered raw-DN distance; no duplicate threshold
6_2_X1800_Y1050_S050_2020_07_08_x448_y128_64x64_70,6_2_X1850_Y1150_S050_2020_11_08_x64_y64_64x64_13,65.85336274578836,unregistered raw-DN distance; no duplicate threshold
6_2_X0650_Y0900_S050_2020_06_17_x320_y704_64x64_57,6_2_X1850_Y1150_S050_2020_11_08_x64_y64_64x64_13,102.94676842776587,unregistered raw-DN distance; no duplicate threshold
7_2_X0050_Y1850_S050_2020_02_19_x192_y640_64x64_44,7_2_X0100_Y1900_S050_2019_08_28_x128_y640_64x64_33,204.63377435817605,unregistered raw-DN distance; no duplicate threshold
6_2_X0650_Y0900_S050_2020_06_17_x320_y704_64x64_57,7_2_X0050_Y1850_S050_2020_02_19_x192_y640_64x64_44,224.20181551721976,unregistered raw-DN distance; no duplicate threshold
6_2_X1850_Y1150_S050_2020_11_08_x64_y64_64x64_13,7_2_X0050_Y1850_S050_2020_02_19_x192_y640_64x64_44,249.96764227444478,unregistered raw-DN distance; no duplicate threshold
6_2_X1800_Y1050_S050_2020_07_08_x448_y128_64x64_70,7_2_X0050_Y1850_S050_2020_02_19_x192_y640_64x64_44,250.3154025642548,unregistered raw-DN distance; no duplicate threshold
6_2_X0650_Y0900_S050_2020_06_17_x320_y704_64x64_57,7_2_X0100_Y1900_S050_2019_08_28_x128_y640_64x64_33,260.45784097674914,unregistered raw-DN distance; no duplicate threshold
6_2_X1800_Y1050_S050_2020_07_08_x448_y128_64x64_70,7_2_X0100_Y1900_S050_2019_08_28_x128_y640_64x64_33,306.33337503072505,unregistered raw-DN distance; no duplicate threshold
6_2_X1850_Y1150_S050_2020_11_08_x64_y64_64x64_13,7_2_X0100_Y1900_S050_2019_08_28_x128_y640_64x64_33,334.63714959830156,unregistered raw-DN distance; no duplicate threshold
7_2_X0100_Y1900_S050_2019_08_28_x128_y640_64x64_33,7_2_X1050_Y1550_S050_2020_10_23_x64_y320_64x64_7,1033.6905490248964,unregistered raw-DN distance; no duplicate threshold
6_2_X0650_Y0900_S050_2020_06_17_x320_y704_64x64_57,7_2_X1050_Y1550_S050_2020_10_23_x64_y320_64x64_7,1094.455550707272,unregistered raw-DN distance; no duplicate threshold
6_2_X1800_Y1050_S050_2020_07_08_x448_y128_64x64_70,7_2_X1050_Y1550_S050_2020_10_23_x64_y320_64x64_7,1111.7063713002563,unregistered raw-DN distance; no duplicate threshold
6_2_X1850_Y1150_S050_2020_11_08_x64_y64_64x64_13,7_2_X1050_Y1550_S050_2020_10_23_x64_y320_64x64_7,1140.4069679510335,unregistered raw-DN distance; no duplicate threshold
7_2_X0050_Y1850_S050_2020_02_19_x192_y640_64x64_44,7_2_X1050_Y1550_S050_2020_10_23_x64_y320_64x64_7,1148.8841152112484,unregistered raw-DN distance; no duplicate threshold
7_2_X0000_Y1750_S050_2019_02_09_x384_y640_64x64_1,7_2_X1050_Y1550_S050_2020_10_23_x64_y320_64x64_7,1396.9756944708747,unregistered raw-DN distance; no duplicate threshold
7_2_X0000_Y1750_S050_2019_02_09_x384_y640_64x64_1,7_2_X0100_Y1900_S050_2019_08_28_x128_y640_64x64_33,1528.091080239542,unregistered raw-DN distance; no duplicate threshold
6_2_X0650_Y0900_S050_2020_06_17_x320_y704_64x64_57,7_2_X0000_Y1750_S050_2019_02_09_x384_y640_64x64_1,1692.874277042183,unregistered raw-DN distance; no duplicate threshold
7_2_X0000_Y1750_S050_2019_02_09_x384_y640_64x64_1,7_2_X0050_Y1850_S050_2020_02_19_x192_y640_64x64_44,1693.6499754192032,unregistered raw-DN distance; no duplicate threshold
6_2_X1800_Y1050_S050_2020_07_08_x448_y128_64x64_70,7_2_X0000_Y1750_S050_2019_02_09_x384_y640_64x64_1,1726.2173045405139,unregistered raw-DN distance; no duplicate threshold
6_2_X1850_Y1150_S050_2020_11_08_x64_y64_64x64_13,7_2_X0000_Y1750_S050_2019_02_09_x384_y640_64x64_1,1763.4880977005794,unregistered raw-DN distance; no duplicate threshold
6_2_X0650_Y0900_S050_2019_01_04_x0_y320_64x64_1,7_2_X0000_Y1750_S050_2019_02_09_x384_y640_64x64_1,3481.0362060966736,unregistered raw-DN distance; no duplicate threshold
6_2_X0650_Y0900_S050_2019_01_04_x0_y320_64x64_1,7_2_X0100_Y1900_S050_2019_08_28_x128_y640_64x64_33,3806.068058500572,unregistered raw-DN distance; no duplicate threshold
6_2_X0650_Y0900_S050_2019_01_04_x0_y320_64x64_1,7_2_X1050_Y1550_S050_2020_10_23_x64_y320_64x64_7,3853.8658831569796,unregistered raw-DN distance; no duplicate threshold
6_2_X0650_Y0900_S050_2019_01_04_x0_y320_64x64_1,7_2_X0050_Y1850_S050_2020_02_19_x192_y640_64x64_44,3893.358779344186,unregistered raw-DN distance; no duplicate threshold
6_2_X0650_Y0900_S050_2019_01_04_x0_y320_64x64_1,6_2_X0650_Y0900_S050_2020_06_17_x320_y704_64x64_57,3938.4486209516945,unregistered raw-DN distance; no duplicate threshold
6_2_X0650_Y0900_S050_2019_01_04_x0_y320_64x64_1,6_2_X1800_Y1050_S050_2020_07_08_x448_y128_64x64_70,3958.3616188425376,unregistered raw-DN distance; no duplicate threshold
6_2_X0650_Y0900_S050_2019_01_04_x0_y320_64x64_1,6_2_X1850_Y1150_S050_2020_11_08_x64_y64_64x64_13,3983.886071837157,unregistered raw-DN distance; no duplicate threshold
