group,sample_count,unique_dates,first_date,last_date,span_days,same_group_date_extra_samples,min_gap_days,median_gap_days,observed_dates_per_30_days
6_2_X0650_Y0900_S050,2271,27,2019-01-04,2020-07-24,567,2244,2,13.0,1.426056338028169
6_2_X0650_Y0950_S050,1674,32,2019-01-04,2020-11-09,675,1642,2,13.0,1.4201183431952662
6_2_X1800_Y1050_S050,415,5,2019-04-15,2020-10-11,545,410,20,132.5,0.27472527472527475
6_2_X1800_Y1150_S050,318,3,2019-04-15,2020-10-11,545,315,20,272.5,0.16483516483516483
6_2_X1850_Y1100_S050,876,9,2019-02-22,2020-10-11,597,867,2,32.5,0.451505016722408
6_2_X1850_Y1150_S050,789,17,2019-03-26,2020-11-08,593,772,2,30.0,0.8585858585858586
7_2_X0000_Y1750_S050,210,25,2019-02-09,2020-12-10,670,185,5,20.0,1.1177347242921014
7_2_X0000_Y1800_S050,2007,25,2019-02-09,2020-12-10,670,1982,5,20.0,1.1177347242921014
7_2_X0050_Y1800_S050,2699,25,2019-02-09,2020-12-10,670,2674,5,20.0,1.1177347242921014
7_2_X0050_Y1850_S050,2830,25,2019-02-09,2020-12-10,670,2805,5,20.0,1.1177347242921014
7_2_X0050_Y1900_S050,1059,25,2019-02-09,2020-12-10,670,1034,5,20.0,1.1177347242921014
7_2_X0100_Y1850_S050,2683,25,2019-02-09,2020-12-10,670,2658,5,20.0,1.1177347242921014
7_2_X0100_Y1900_S050,2396,25,2019-02-09,2020-12-10,670,2371,5,20.0,1.1177347242921014
7_2_X0150_Y1900_S050,2370,25,2019-02-09,2020-12-10,670,2345,5,20.0,1.1177347242921014
7_2_X0150_Y1950_S050,915,20,2019-01-05,2020-12-10,705,895,5,25.0,0.8498583569405099
7_2_X0200_Y1950_S050,724,20,2019-01-05,2020-12-10,705,704,5,25.0,0.8498583569405099
7_2_X1050_Y1550_S050,282,14,2019-04-22,2020-10-23,550,268,5,30.0,0.7622504537205081
