archive,compressed_bytes,compression,crc32,date,header_offset,kind,member,patch_col,patch_row,sample_id,size_bytes,span_bytes,spatial_group_id,subtile_id,tile,reference_path,reference_sha256,valid_pixels,low_pixels,moderate_pixels,high_pixels,ignored_pixels,high_percent,status
dataset_test.zip,4224,0,330810df,2019-07-10,5986097280,cyan,6_2_X0550_Y1100_S050_2019_07_10_x576_y0_64x64_74_cyan.npy,0,576,6_2_X0550_Y1100_S050_2019_07_10_x576_y0_64x64_74,4224,4311,author_grid_component:6_2_X0500_Y1150_S050,6_2_X0550_Y1100_S050,6_2,data/raw/phase3_5_references/6_2_X0550_Y1100_S050_2019_07_10_x576_y0_64x64_74_cyan.npy,7713e01813152cb93ac7651bad4db2d887fd82fefd3355c32bc2dd2784d87df4,4096,34,4059,3,0,0.0732421875,DECODED_CRC_VERIFIED
dataset_test.zip,4224,0,4acb3a73,2019-07-25,6645666016,cyan,6_2_X0550_Y1150_S050_2019_07_25_x384_y576_64x64_78_cyan.npy,576,384,6_2_X0550_Y1150_S050_2019_07_25_x384_y576_64x64_78,4224,4313,author_grid_component:6_2_X0500_Y1150_S050,6_2_X0550_Y1150_S050,6_2,data/raw/phase3_5_references/6_2_X0550_Y1150_S050_2019_07_25_x384_y576_64x64_78_cyan.npy,9c68cefae5890d843a4c38a0b28ce6fc57d07b99dd5e1de7a1a03ed3252dae19,4096,0,1655,2441,0,59.5947265625,DECODED_CRC_VERIFIED
dataset_test.zip,4224,0,5f4ca1ab,2019-08-19,5651273096,cyan,6_2_X0550_Y1150_S050_2019_08_19_x448_y448_64x64_88_cyan.npy,448,448,6_2_X0550_Y1150_S050_2019_08_19_x448_y448_64x64_88,4224,4313,author_grid_component:6_2_X0500_Y1150_S050,6_2_X0550_Y1150_S050,6_2,data/raw/phase3_5_references/6_2_X0550_Y1150_S050_2019_08_19_x448_y448_64x64_88_cyan.npy,09a52ab31e9d9bc75d57a558885f36f910a5caa8e1f8899160ce0a2fcf208037,4096,0,3730,366,0,8.935546875,DECODED_CRC_VERIFIED
dataset_test.zip,4224,0,d05c5452,2019-08-19,5651581598,cyan,6_2_X0550_Y1150_S050_2019_08_19_x448_y640_64x64_91_cyan.npy,640,448,6_2_X0550_Y1150_S050_2019_08_19_x448_y640_64x64_91,4224,4313,author_grid_component:6_2_X0500_Y1150_S050,6_2_X0550_Y1150_S050,6_2,data/raw/phase3_5_references/6_2_X0550_Y1150_S050_2019_08_19_x448_y640_64x64_91_cyan.npy,9c2ac8b85b9e40bfd2025c81d8934c846e1346a353820b3300544add907521d7,3502,0,1528,1974,594,56.36778983438035,DECODED_CRC_VERIFIED
dataset_test.zip,4224,0,65a09cd4,2019-08-19,5652404264,cyan,6_2_X0550_Y1150_S050_2019_08_19_x512_y448_64x64_99_cyan.npy,448,512,6_2_X0550_Y1150_S050_2019_08_19_x512_y448_64x64_99,4224,4313,author_grid_component:6_2_X0500_Y1150_S050,6_2_X0550_Y1150_S050,6_2,data/raw/phase3_5_references/6_2_X0550_Y1150_S050_2019_08_19_x512_y448_64x64_99_cyan.npy,ed543b1883cd1999b21df0a2e90177ba74de5680617821ea2bdbcfc72583eab0,4096,25,4062,9,0,0.2197265625,DECODED_CRC_VERIFIED
dataset_test.zip,4224,0,9015f9f2,2019-07-25,4296758696,cyan,6_2_X0550_Y1200_S050_2019_07_25_x192_y704_64x64_46_cyan.npy,704,192,6_2_X0550_Y1200_S050_2019_07_25_x192_y704_64x64_46,4224,4313,author_grid_component:6_2_X0500_Y1150_S050,6_2_X0550_Y1200_S050,6_2,data/raw/phase3_5_references/6_2_X0550_Y1200_S050_2019_07_25_x192_y704_64x64_46_cyan.npy,8f14bda11d56c44398c1133604cabedb6aa799306beca107fe374c6bad3735a9,3685,0,2626,1059,411,28.738127544097694,DECODED_CRC_VERIFIED
dataset_test.zip,4224,0,6d7d4857,2019-07-25,4297581366,cyan,6_2_X0550_Y1200_S050_2019_07_25_x256_y512_64x64_54_cyan.npy,512,256,6_2_X0550_Y1200_S050_2019_07_25_x256_y512_64x64_54,4224,4313,author_grid_component:6_2_X0500_Y1150_S050,6_2_X0550_Y1200_S050,6_2,data/raw/phase3_5_references/6_2_X0550_Y1200_S050_2019_07_25_x256_y512_64x64_54_cyan.npy,0d882ec0cd29e971cc2ab37f864d3a6764aca1657f57b3dcf0da185d99913a4e,4096,91,3884,121,0,2.9541015625,DECODED_CRC_VERIFIED
dataset_test.zip,4224,0,c5a27312,2019-08-19,5616824062,cyan,6_2_X0550_Y1200_S050_2019_08_19_x128_y704_64x64_35_cyan.npy,704,128,6_2_X0550_Y1200_S050_2019_08_19_x128_y704_64x64_35,4224,4313,author_grid_component:6_2_X0500_Y1150_S050,6_2_X0550_Y1200_S050,6_2,data/raw/phase3_5_references/6_2_X0550_Y1200_S050_2019_08_19_x128_y704_64x64_35_cyan.npy,c1398523914b4ba3920355f8ff8f4166334a72be509d99a0543162335976b9e9,4096,0,1044,3052,0,74.51171875,DECODED_CRC_VERIFIED
dataset_test.zip,4224,0,0e34dfdc,2019-08-19,5619086406,cyan,6_2_X0550_Y1200_S050_2019_08_19_x256_y704_64x64_57_cyan.npy,704,256,6_2_X0550_Y1200_S050_2019_08_19_x256_y704_64x64_57,4224,4313,author_grid_component:6_2_X0500_Y1150_S050,6_2_X0550_Y1200_S050,6_2,data/raw/phase3_5_references/6_2_X0550_Y1200_S050_2019_08_19_x256_y704_64x64_57_cyan.npy,5c0b15a5075503509985ae567a4b820b10c7684b3ac1813977ae916832e8a012,617,0,164,453,3479,73.41977309562398,DECODED_CRC_VERIFIED
dataset_test.zip,4224,0,835372b7,2019-08-19,5620937416,cyan,6_2_X0550_Y1200_S050_2019_08_19_x384_y576_64x64_75_cyan.npy,576,384,6_2_X0550_Y1200_S050_2019_08_19_x384_y576_64x64_75,4224,4313,author_grid_component:6_2_X0500_Y1150_S050,6_2_X0550_Y1200_S050,6_2,data/raw/phase3_5_references/6_2_X0550_Y1200_S050_2019_08_19_x384_y576_64x64_75_cyan.npy,78bb64ffe8ca4ebcf990f414563df593b2de185d96cb57369228b865c6b133da,2473,0,1432,1041,1623,42.09462191670036,DECODED_CRC_VERIFIED
dataset_test.zip,4224,0,0a408a2f,2019-08-19,5622788428,cyan,6_2_X0550_Y1200_S050_2019_08_19_x576_y320_64x64_93_cyan.npy,320,576,6_2_X0550_Y1200_S050_2019_08_19_x576_y320_64x64_93,4224,4313,author_grid_component:6_2_X0500_Y1150_S050,6_2_X0550_Y1200_S050,6_2,data/raw/phase3_5_references/6_2_X0550_Y1200_S050_2019_08_19_x576_y320_64x64_93_cyan.npy,496273e38c977896b226048961577e939c8bf2f6973124f82f4fbfb3d0dd7349,4096,0,2188,1908,0,46.58203125,DECODED_CRC_VERIFIED
dataset_test.zip,4224,0,20081558,2020-09-05,4328431236,cyan,6_2_X0550_Y1200_S050_2020_09_05_x384_y320_64x64_71_cyan.npy,320,384,6_2_X0550_Y1200_S050_2020_09_05_x384_y320_64x64_71,4224,4313,author_grid_component:6_2_X0500_Y1150_S050,6_2_X0550_Y1200_S050,6_2,data/raw/phase3_5_references/6_2_X0550_Y1200_S050_2020_09_05_x384_y320_64x64_71_cyan.npy,09b51c3e608cd006da2d4409952a2c4b571ab9a04afb1fb53b3bda650c42a617,4096,0,3237,859,0,20.9716796875,DECODED_CRC_VERIFIED
dataset_train_6_2.zip,824,8,920294e7,2019-08-04,230917974,cyan,6_2/6_2_X0650_Y0950_S050_2019_08_04_x576_y0_64x64_66_cyan.npy,0,576,6_2_X0650_Y0950_S050_2019_08_04_x576_y0_64x64_66,4224,943,author_grid_component:6_2_X0650_Y0900_S050,6_2_X0650_Y0950_S050,6_2,data/raw/phase3_5_references/6_2_X0650_Y0950_S050_2019_08_04_x576_y0_64x64_66_cyan.npy,76e788a467861a2442be3112a01a6485066a8f9bd3d82645a20915136e104d38,1921,0,1773,148,2175,7.704320666319625,DECODED_CRC_VERIFIED
dataset_train_6_2.zip,1025,8,bd5c3668,2019-08-09,159218544,cyan,6_2/6_2_X0650_Y0950_S050_2019_08_09_x576_y0_64x64_67_cyan.npy,0,576,6_2_X0650_Y0950_S050_2019_08_09_x576_y0_64x64_67,4224,1144,author_grid_component:6_2_X0650_Y0900_S050,6_2_X0650_Y0950_S050,6_2,data/raw/phase3_5_references/6_2_X0650_Y0950_S050_2019_08_09_x576_y0_64x64_67_cyan.npy,c9d50a4fee5338c77edd4cec52f9c082e962d5b89ed77d056a2691c1bcec1ff2,1996,34,1902,60,2100,3.006012024048096,DECODED_CRC_VERIFIED
dataset_train_6_2.zip,1899,8,e9a760b5,2019-08-19,209151254,cyan,6_2/6_2_X0650_Y0950_S050_2019_08_19_x0_y640_64x64_9_cyan.npy,640,0,6_2_X0650_Y0950_S050_2019_08_19_x0_y640_64x64_9,4224,2017,author_grid_component:6_2_X0650_Y0900_S050,6_2_X0650_Y0950_S050,6_2,data/raw/phase3_5_references/6_2_X0650_Y0950_S050_2019_08_19_x0_y640_64x64_9_cyan.npy,8cbe1eac66fe2321f49c25a2a5c7671afbce3c4937ed6fdde00d328f1909019b,4096,0,4094,2,0,0.048828125,DECODED_CRC_VERIFIED
dataset_train_6_2.zip,1530,8,eba3655e,2019-08-19,131620189,cyan,6_2/6_2_X0650_Y0950_S050_2019_08_19_x128_y576_64x64_31_cyan.npy,576,128,6_2_X0650_Y0950_S050_2019_08_19_x128_y576_64x64_31,4224,1651,author_grid_component:6_2_X0650_Y0900_S050,6_2_X0650_Y0950_S050,6_2,data/raw/phase3_5_references/6_2_X0650_Y0950_S050_2019_08_19_x128_y576_64x64_31_cyan.npy,7976df3e10d5ceb893e44d2935e9c50ed3e91a04efc735e4ceb8b5b9f296035a,2898,0,2494,404,1198,13.94064872325742,DECODED_CRC_VERIFIED
dataset_train_6_2.zip,1660,8,9f9aa7c7,2019-08-19,207955123,cyan,6_2/6_2_X0650_Y0950_S050_2019_08_19_x192_y384_64x64_39_cyan.npy,384,192,6_2_X0650_Y0950_S050_2019_08_19_x192_y384_64x64_39,4224,1781,author_grid_component:6_2_X0650_Y0900_S050,6_2_X0650_Y0950_S050,6_2,data/raw/phase3_5_references/6_2_X0650_Y0950_S050_2019_08_19_x192_y384_64x64_39_cyan.npy,ea9e341e7b1eba637c9c399a3355d7f0c2ce741db1b060c47ad0f7e7a0685d9e,4096,0,4090,6,0,0.146484375,DECODED_CRC_VERIFIED
dataset_train_6_2.zip,1843,8,947a5a09,2019-08-19,65269612,cyan,6_2/6_2_X0650_Y0950_S050_2019_08_19_x192_y512_64x64_41_cyan.npy,512,192,6_2_X0650_Y0950_S050_2019_08_19_x192_y512_64x64_41,4224,1964,author_grid_component:6_2_X0650_Y0900_S050,6_2_X0650_Y0950_S050,6_2,data/raw/phase3_5_references/6_2_X0650_Y0950_S050_2019_08_19_x192_y512_64x64_41_cyan.npy,1fd5abbf9ccc574434633d0b0bf4b9696d0fc1a9e7c7514e733bc4d83da32c8b,4096,0,3813,283,0,6.9091796875,DECODED_CRC_VERIFIED
dataset_train_6_2.zip,1478,8,9850bd7e,2019-08-19,106119477,cyan,6_2/6_2_X0650_Y0950_S050_2019_08_19_x192_y576_64x64_42_cyan.npy,576,192,6_2_X0650_Y0950_S050_2019_08_19_x192_y576_64x64_42,4224,1599,author_grid_component:6_2_X0650_Y0900_S050,6_2_X0650_Y0950_S050,6_2,data/raw/phase3_5_references/6_2_X0650_Y0950_S050_2019_08_19_x192_y576_64x64_42_cyan.npy,f5df4f1334022081bfc183c656dcf2e8cded06f8d5bc23bf2f7af3943b7395c9,3122,0,3076,46,974,1.4734144778987828,DECODED_CRC_VERIFIED
dataset_train_6_2.zip,1854,8,a596cc02,2019-08-19,205290423,cyan,6_2/6_2_X0650_Y0950_S050_2019_08_19_x256_y320_64x64_48_cyan.npy,320,256,6_2_X0650_Y0950_S050_2019_08_19_x256_y320_64x64_48,4224,1975,author_grid_component:6_2_X0650_Y0900_S050,6_2_X0650_Y0950_S050,6_2,data/raw/phase3_5_references/6_2_X0650_Y0950_S050_2019_08_19_x256_y320_64x64_48_cyan.npy,409a11ef7914efdf2ec55cc314c5acbd8c23a5bb1f3527506bc5fb031637e0c3,4096,5,4082,9,0,0.2197265625,DECODED_CRC_VERIFIED
dataset_train_6_2.zip,1749,8,b7e02375,2019-08-19,71166384,cyan,6_2/6_2_X0650_Y0950_S050_2019_08_19_x256_y512_64x64_51_cyan.npy,512,256,6_2_X0650_Y0950_S050_2019_08_19_x256_y512_64x64_51,4224,1870,author_grid_component:6_2_X0650_Y0900_S050,6_2_X0650_Y0950_S050,6_2,data/raw/phase3_5_references/6_2_X0650_Y0950_S050_2019_08_19_x256_y512_64x64_51_cyan.npy,74e5d72c83be1a7772dd6a26ceab8d41de028904a9b40776410ee498e3d8d7f5,3966,0,3176,790,130,19.919314170448814,DECODED_CRC_VERIFIED
dataset_train_6_2.zip,2282,8,47e1a1f8,2019-08-19,111398170,cyan,6_2/6_2_X0650_Y0950_S050_2019_08_19_x320_y320_64x64_57_cyan.npy,320,320,6_2_X0650_Y0950_S050_2019_08_19_x320_y320_64x64_57,4224,2403,author_grid_component:6_2_X0650_Y0900_S050,6_2_X0650_Y0950_S050,6_2,data/raw/phase3_5_references/6_2_X0650_Y0950_S050_2019_08_19_x320_y320_64x64_57_cyan.npy,d1dd53251e3f4ff703af42987a2a257f71c486868ebbaaef6ef3709ea6f1b18a,4096,56,4034,6,0,0.146484375,DECODED_CRC_VERIFIED
dataset_train_6_2.zip,2092,8,e7f826a8,2019-08-19,254036221,cyan,6_2/6_2_X0650_Y0950_S050_2019_08_19_x320_y384_64x64_58_cyan.npy,384,320,6_2_X0650_Y0950_S050_2019_08_19_x320_y384_64x64_58,4224,2213,author_grid_component:6_2_X0650_Y0900_S050,6_2_X0650_Y0950_S050,6_2,data/raw/phase3_5_references/6_2_X0650_Y0950_S050_2019_08_19_x320_y384_64x64_58_cyan.npy,96cff38218fcd9a258146ecd43330746b07c0b4dcae094d25ffb4db2293d1e29,4096,0,4035,61,0,1.4892578125,DECODED_CRC_VERIFIED
dataset_train_6_2.zip,1618,8,41b7d591,2019-08-19,215702507,cyan,6_2/6_2_X0650_Y0950_S050_2019_08_19_x320_y448_64x64_59_cyan.npy,448,320,6_2_X0650_Y0950_S050_2019_08_19_x320_y448_64x64_59,4224,1739,author_grid_component:6_2_X0650_Y0900_S050,6_2_X0650_Y0950_S050,6_2,data/raw/phase3_5_references/6_2_X0650_Y0950_S050_2019_08_19_x320_y448_64x64_59_cyan.npy,4ec86aca0d77dc6b53934582f3f85ff30e73c7ae1b5f20226a59a7e7dde0c36e,4054,0,4048,6,42,0.1480019733596448,DECODED_CRC_VERIFIED
dataset_train_6_2.zip,849,8,a086ec38,2019-08-19,150936215,cyan,6_2/6_2_X0650_Y0950_S050_2019_08_19_x320_y512_64x64_60_cyan.npy,512,320,6_2_X0650_Y0950_S050_2019_08_19_x320_y512_64x64_60,4224,970,author_grid_component:6_2_X0650_Y0900_S050,6_2_X0650_Y0950_S050,6_2,data/raw/phase3_5_references/6_2_X0650_Y0950_S050_2019_08_19_x320_y512_64x64_60_cyan.npy,dedc8c8f742954dbc0138cfe2faf7eeb07874af430df625591a2a93c345316ef,1334,0,1193,141,2762,10.569715142428786,DECODED_CRC_VERIFIED
dataset_train_6_2.zip,738,8,8df56fbe,2019-08-19,56212108,cyan,6_2/6_2_X0650_Y0950_S050_2019_08_19_x384_y384_64x64_64_cyan.npy,384,384,6_2_X0650_Y0950_S050_2019_08_19_x384_y384_64x64_64,4224,859,author_grid_component:6_2_X0650_Y0900_S050,6_2_X0650_Y0950_S050,6_2,data/raw/phase3_5_references/6_2_X0650_Y0950_S050_2019_08_19_x384_y384_64x64_64_cyan.npy,23bceda2ab98f8387bd3aabe5046b2a9f74abf10df96755ca8ca6df1219bb8f0,1545,0,1470,75,2551,4.854368932038835,DECODED_CRC_VERIFIED
dataset_train_6_2.zip,380,8,ef807fed,2019-08-19,157335635,cyan,6_2/6_2_X0650_Y0950_S050_2019_08_19_x384_y448_64x64_65_cyan.npy,448,384,6_2_X0650_Y0950_S050_2019_08_19_x384_y448_64x64_65,4224,501,author_grid_component:6_2_X0650_Y0900_S050,6_2_X0650_Y0950_S050,6_2,data/raw/phase3_5_references/6_2_X0650_Y0950_S050_2019_08_19_x384_y448_64x64_65_cyan.npy,4ace4e89e6576267df6ea21be4042b23ea963481e21ce2d177c3314ce59abf7f,479,0,474,5,3617,1.0438413361169103,DECODED_CRC_VERIFIED
dataset_train_6_2.zip,1423,8,fd9778ac,2020-07-17,275759101,cyan,6_2/6_2_X0650_Y0950_S050_2020_07_17_x0_y128_64x64_1_cyan.npy,128,0,6_2_X0650_Y0950_S050_2020_07_17_x0_y128_64x64_1,4224,1541,author_grid_component:6_2_X0650_Y0900_S050,6_2_X0650_Y0950_S050,6_2,data/raw/phase3_5_references/6_2_X0650_Y0950_S050_2020_07_17_x0_y128_64x64_1_cyan.npy,afa94cace901adac805f4e7e260111ec33d91346eee0cad32f23167d60f47108,3992,0,2835,1157,104,28.982965931863728,DECODED_CRC_VERIFIED
dataset_train_6_2.zip,1590,8,3873dc18,2020-07-17,103391656,cyan,6_2/6_2_X0650_Y0950_S050_2020_07_17_x0_y192_64x64_2_cyan.npy,192,0,6_2_X0650_Y0950_S050_2020_07_17_x0_y192_64x64_2,4224,1708,author_grid_component:6_2_X0650_Y0900_S050,6_2_X0650_Y0950_S050,6_2,data/raw/phase3_5_references/6_2_X0650_Y0950_S050_2020_07_17_x0_y192_64x64_2_cyan.npy,89b4da53b440384e3bf4f81a96a83b780b02f194501a607b0455ff4e4f938945,3762,0,3712,50,334,1.3290802764486975,DECODED_CRC_VERIFIED
dataset_train_6_2.zip,1365,8,44915518,2020-07-17,277988514,cyan,6_2/6_2_X0650_Y0950_S050_2020_07_17_x0_y640_64x64_9_cyan.npy,640,0,6_2_X0650_Y0950_S050_2020_07_17_x0_y640_64x64_9,4224,1483,author_grid_component:6_2_X0650_Y0900_S050,6_2_X0650_Y0950_S050,6_2,data/raw/phase3_5_references/6_2_X0650_Y0950_S050_2020_07_17_x0_y640_64x64_9_cyan.npy,e6a54a0316efadde5090b940bcafa53c5f31ba0b6fd1b1f391995d1b28856275,4096,0,4013,83,0,2.0263671875,DECODED_CRC_VERIFIED
dataset_train_6_2.zip,1405,8,d85de0db,2020-07-17,278948098,cyan,6_2/6_2_X0650_Y0950_S050_2020_07_17_x0_y704_64x64_10_cyan.npy,704,0,6_2_X0650_Y0950_S050_2020_07_17_x0_y704_64x64_10,4224,1524,author_grid_component:6_2_X0650_Y0900_S050,6_2_X0650_Y0950_S050,6_2,data/raw/phase3_5_references/6_2_X0650_Y0950_S050_2020_07_17_x0_y704_64x64_10_cyan.npy,1ae6ac6a137bbcc7a5cd7cf0da3b2f9fde82e4d0c69d6e0fd7d9d0a7bd00137a,4091,0,3746,345,5,8.433145930090442,DECODED_CRC_VERIFIED
dataset_train_6_2.zip,1036,8,9357b8a3,2020-07-17,220850732,cyan,6_2/6_2_X0650_Y0950_S050_2020_07_17_x128_y128_64x64_24_cyan.npy,128,128,6_2_X0650_Y0950_S050_2020_07_17_x128_y128_64x64_24,4224,1157,author_grid_component:6_2_X0650_Y0900_S050,6_2_X0650_Y0950_S050,6_2,data/raw/phase3_5_references/6_2_X0650_Y0950_S050_2020_07_17_x128_y128_64x64_24_cyan.npy,0dfa4e6fe86439761606e8edded2ae037cf42bf762acdd413fc3fee05011ea5c,4096,0,4062,34,0,0.830078125,DECODED_CRC_VERIFIED
dataset_train_6_2.zip,1678,8,3a984f1b,2020-07-17,172966821,cyan,6_2/6_2_X0650_Y0950_S050_2020_07_17_x128_y192_64x64_25_cyan.npy,192,128,6_2_X0650_Y0950_S050_2020_07_17_x128_y192_64x64_25,4224,1799,author_grid_component:6_2_X0650_Y0900_S050,6_2_X0650_Y0950_S050,6_2,data/raw/phase3_5_references/6_2_X0650_Y0950_S050_2020_07_17_x128_y192_64x64_25_cyan.npy,4e4194c57d0fe7a9d5e360a23727f388dee0d42835d2184459204c1b29ed8f8d,4096,0,3871,225,0,5.4931640625,DECODED_CRC_VERIFIED
dataset_train_6_2.zip,1417,8,613306fb,2020-07-17,656173,cyan,6_2/6_2_X0650_Y0950_S050_2020_07_17_x128_y448_64x64_29_cyan.npy,448,128,6_2_X0650_Y0950_S050_2020_07_17_x128_y448_64x64_29,4224,1538,author_grid_component:6_2_X0650_Y0900_S050,6_2_X0650_Y0950_S050,6_2,data/raw/phase3_5_references/6_2_X0650_Y0950_S050_2020_07_17_x128_y448_64x64_29_cyan.npy,e89e69ca68f6d85c911a688682a0c0523565bce93a8e014d851087199b553bdb,4096,0,3985,111,0,2.7099609375,DECODED_CRC_VERIFIED
dataset_train_6_2.zip,1287,8,6d4d4a38,2020-07-17,263966360,cyan,6_2/6_2_X0650_Y0950_S050_2020_07_17_x128_y512_64x64_30_cyan.npy,512,128,6_2_X0650_Y0950_S050_2020_07_17_x128_y512_64x64_30,4224,1408,author_grid_component:6_2_X0650_Y0900_S050,6_2_X0650_Y0950_S050,6_2,data/raw/phase3_5_references/6_2_X0650_Y0950_S050_2020_07_17_x128_y512_64x64_30_cyan.npy,95b74f536633e182e88f5fa83f90b305c981bf511055b0c44a83bf304d1faf2d,4096,0,3828,268,0,6.54296875,DECODED_CRC_VERIFIED
dataset_train_6_2.zip,1244,8,4ac0f09d,2020-07-17,66005536,cyan,6_2/6_2_X0650_Y0950_S050_2020_07_17_x128_y576_64x64_31_cyan.npy,576,128,6_2_X0650_Y0950_S050_2020_07_17_x128_y576_64x64_31,4224,1365,author_grid_component:6_2_X0650_Y0900_S050,6_2_X0650_Y0950_S050,6_2,data/raw/phase3_5_references/6_2_X0650_Y0950_S050_2020_07_17_x128_y576_64x64_31_cyan.npy,42489cc8aafa37da295854e7d37bbd05e1e71a9b0076ad52540e8e1d19d1c977,2907,0,2685,222,1189,7.636738906088751,DECODED_CRC_VERIFIED
dataset_train_6_2.zip,705,8,fccf608b,2020-07-17,123577151,cyan,6_2/6_2_X0650_Y0950_S050_2020_07_17_x128_y64_64x64_23_cyan.npy,64,128,6_2_X0650_Y0950_S050_2020_07_17_x128_y64_64x64_23,4224,825,author_grid_component:6_2_X0650_Y0900_S050,6_2_X0650_Y0950_S050,6_2,data/raw/phase3_5_references/6_2_X0650_Y0950_S050_2020_07_17_x128_y64_64x64_23_cyan.npy,279215b7fa5c78fb196302bb62de8a288b9d8afc12966d990594aa27abf08a0d,1766,0,1690,76,2330,4.303510758776897,DECODED_CRC_VERIFIED
dataset_train_6_2.zip,1511,8,a6aedefe,2020-07-17,85314401,cyan,6_2/6_2_X0650_Y0950_S050_2020_07_17_x192_y128_64x64_35_cyan.npy,128,192,6_2_X0650_Y0950_S050_2020_07_17_x192_y128_64x64_35,4224,1632,author_grid_component:6_2_X0650_Y0900_S050,6_2_X0650_Y0950_S050,6_2,data/raw/phase3_5_references/6_2_X0650_Y0950_S050_2020_07_17_x192_y128_64x64_35_cyan.npy,b17d6f01f6c6d13734cd812606094941c969e3c0a6f481b5b134fd5e8a8e6fd8,3944,0,3827,117,152,2.9665314401622718,DECODED_CRC_VERIFIED
dataset_train_6_2.zip,1303,8,f27a3121,2020-07-17,141349858,cyan,6_2/6_2_X0650_Y0950_S050_2020_07_17_x192_y448_64x64_40_cyan.npy,448,192,6_2_X0650_Y0950_S050_2020_07_17_x192_y448_64x64_40,4224,1424,author_grid_component:6_2_X0650_Y0900_S050,6_2_X0650_Y0950_S050,6_2,data/raw/phase3_5_references/6_2_X0650_Y0950_S050_2020_07_17_x192_y448_64x64_40_cyan.npy,fd96440eb4c4475f963556eb75ef1d6dd2828287923b56084fdda91fb3b0e259,4096,0,3620,476,0,11.62109375,DECODED_CRC_VERIFIED
dataset_train_6_2.zip,1612,8,0a2e639e,2020-07-17,186988186,cyan,6_2/6_2_X0650_Y0950_S050_2020_07_17_x192_y512_64x64_41_cyan.npy,512,192,6_2_X0650_Y0950_S050_2020_07_17_x192_y512_64x64_41,4224,1733,author_grid_component:6_2_X0650_Y0900_S050,6_2_X0650_Y0950_S050,6_2,data/raw/phase3_5_references/6_2_X0650_Y0950_S050_2020_07_17_x192_y512_64x64_41_cyan.npy,7572d064c5a9afe27ac6e8592ca08c9217f8740e6051d78393875311c0efe4b2,4096,0,3939,157,0,3.8330078125,DECODED_CRC_VERIFIED
dataset_train_6_2.zip,1498,8,d673e5fe,2020-07-17,240602986,cyan,6_2/6_2_X0650_Y0950_S050_2020_07_17_x192_y576_64x64_42_cyan.npy,576,192,6_2_X0650_Y0950_S050_2020_07_17_x192_y576_64x64_42,4224,1619,author_grid_component:6_2_X0650_Y0900_S050,6_2_X0650_Y0950_S050,6_2,data/raw/phase3_5_references/6_2_X0650_Y0950_S050_2020_07_17_x192_y576_64x64_42_cyan.npy,e6b28f9769607677c6f129f9f4c484a45e02072572c0bf28b2fd9bda1179b752,3125,0,3124,1,971,0.032,DECODED_CRC_VERIFIED
dataset_train_6_2.zip,1296,8,00dca241,2020-07-17,42729928,cyan,6_2/6_2_X0650_Y0950_S050_2020_07_17_x192_y64_64x64_34_cyan.npy,64,192,6_2_X0650_Y0950_S050_2020_07_17_x192_y64_64x64_34,4224,1416,author_grid_component:6_2_X0650_Y0900_S050,6_2_X0650_Y0950_S050,6_2,data/raw/phase3_5_references/6_2_X0650_Y0950_S050_2020_07_17_x192_y64_64x64_34_cyan.npy,41b8b0c709cf159a2af6542639bdefb0020760c04ee192bee3d2e08081c20174,4036,0,3659,377,60,9.340931615460851,DECODED_CRC_VERIFIED
dataset_train_6_2.zip,656,8,30542054,2020-07-17,194634185,cyan,6_2/6_2_X0650_Y0950_S050_2020_07_17_x256_y0_64x64_43_cyan.npy,0,256,6_2_X0650_Y0950_S050_2020_07_17_x256_y0_64x64_43,4224,775,author_grid_component:6_2_X0650_Y0900_S050,6_2_X0650_Y0950_S050,6_2,data/raw/phase3_5_references/6_2_X0650_Y0950_S050_2020_07_17_x256_y0_64x64_43_cyan.npy,697c9a4108b4e79e3bac743787fbced2c90f921af4348d81960cba44ff524c3f,1339,0,1326,13,2757,0.970873786407767,DECODED_CRC_VERIFIED
dataset_train_6_2.zip,1082,8,d7e12ea2,2020-07-17,55301026,cyan,6_2/6_2_X0650_Y0950_S050_2020_07_17_x256_y384_64x64_49_cyan.npy,384,256,6_2_X0650_Y0950_S050_2020_07_17_x256_y384_64x64_49,4224,1203,author_grid_component:6_2_X0650_Y0900_S050,6_2_X0650_Y0950_S050,6_2,data/raw/phase3_5_references/6_2_X0650_Y0950_S050_2020_07_17_x256_y384_64x64_49_cyan.npy,71eeaa8567a3a22fbf1979353abcf1933533151480d2d86b23d0588b3dabc65a,4096,0,4056,40,0,0.9765625,DECODED_CRC_VERIFIED
dataset_train_6_2.zip,1421,8,605a0b9f,2020-07-17,201736598,cyan,6_2/6_2_X0650_Y0950_S050_2020_07_17_x256_y448_64x64_50_cyan.npy,448,256,6_2_X0650_Y0950_S050_2020_07_17_x256_y448_64x64_50,4224,1542,author_grid_component:6_2_X0650_Y0900_S050,6_2_X0650_Y0950_S050,6_2,data/raw/phase3_5_references/6_2_X0650_Y0950_S050_2020_07_17_x256_y448_64x64_50_cyan.npy,b6960aa1483f5863d2212b12e92a3486477e92c1015209748215ae95e1870c9b,4096,0,3073,1023,0,24.9755859375,DECODED_CRC_VERIFIED
dataset_train_6_2.zip,1192,8,f70fbeb9,2020-07-17,181851962,cyan,6_2/6_2_X0650_Y0950_S050_2020_07_17_x256_y512_64x64_51_cyan.npy,512,256,6_2_X0650_Y0950_S050_2020_07_17_x256_y512_64x64_51,4224,1313,author_grid_component:6_2_X0650_Y0900_S050,6_2_X0650_Y0950_S050,6_2,data/raw/phase3_5_references/6_2_X0650_Y0950_S050_2020_07_17_x256_y512_64x64_51_cyan.npy,8a0a3e0da48c6e79c0e3e34733b36d805a8a8cfab29322020060e4ebaf9f0810,3966,0,2503,1463,130,36.888552697932425,DECODED_CRC_VERIFIED
dataset_train_6_2.zip,1403,8,f2b94e05,2020-07-17,277926523,cyan,6_2/6_2_X0650_Y0950_S050_2020_07_17_x256_y64_64x64_44_cyan.npy,64,256,6_2_X0650_Y0950_S050_2020_07_17_x256_y64_64x64_44,4224,1523,author_grid_component:6_2_X0650_Y0900_S050,6_2_X0650_Y0950_S050,6_2,data/raw/phase3_5_references/6_2_X0650_Y0950_S050_2020_07_17_x256_y64_64x64_44_cyan.npy,84009a3aa7bc9b03c1f0d2b099901ea335e78ee67af1b935230b47e7cff7a1aa,3582,0,2991,591,514,16.499162479061976,DECODED_CRC_VERIFIED
dataset_train_6_2.zip,1620,8,1f9f1d64,2020-07-17,207957125,cyan,6_2/6_2_X0650_Y0950_S050_2020_07_17_x320_y320_64x64_57_cyan.npy,320,320,6_2_X0650_Y0950_S050_2020_07_17_x320_y320_64x64_57,4224,1741,author_grid_component:6_2_X0650_Y0900_S050,6_2_X0650_Y0950_S050,6_2,data/raw/phase3_5_references/6_2_X0650_Y0950_S050_2020_07_17_x320_y320_64x64_57_cyan.npy,b8dfe55a03171f19590c6fbb2d84ddea3c112e3b11328287322df521e01983d3,4096,0,2874,1222,0,29.833984375,DECODED_CRC_VERIFIED
dataset_train_6_2.zip,1063,8,4316af8e,2020-07-17,96197824,cyan,6_2/6_2_X0650_Y0950_S050_2020_07_17_x320_y384_64x64_58_cyan.npy,384,320,6_2_X0650_Y0950_S050_2020_07_17_x320_y384_64x64_58,4224,1184,author_grid_component:6_2_X0650_Y0900_S050,6_2_X0650_Y0950_S050,6_2,data/raw/phase3_5_references/6_2_X0650_Y0950_S050_2020_07_17_x320_y384_64x64_58_cyan.npy,5fa61bdf2e5ae0bdcdff4da37a28bb2e946179cf361990486afdcc1702bff5e1,4096,0,2206,1890,0,46.142578125,DECODED_CRC_VERIFIED
dataset_train_6_2.zip,1494,8,e037ce17,2020-07-17,217413828,cyan,6_2/6_2_X0650_Y0950_S050_2020_07_17_x320_y448_64x64_59_cyan.npy,448,320,6_2_X0650_Y0950_S050_2020_07_17_x320_y448_64x64_59,4224,1615,author_grid_component:6_2_X0650_Y0900_S050,6_2_X0650_Y0950_S050,6_2,data/raw/phase3_5_references/6_2_X0650_Y0950_S050_2020_07_17_x320_y448_64x64_59_cyan.npy,8088f7a2a2fccfbeb407f2c7e25c79ea001e046c78c925a814b55b42540971bc,4055,0,3387,668,41,16.473489519112206,DECODED_CRC_VERIFIED
dataset_train_6_2.zip,507,8,94b9df59,2020-07-17,136637021,cyan,6_2/6_2_X0650_Y0950_S050_2020_07_17_x320_y512_64x64_60_cyan.npy,512,320,6_2_X0650_Y0950_S050_2020_07_17_x320_y512_64x64_60,4224,628,author_grid_component:6_2_X0650_Y0900_S050,6_2_X0650_Y0950_S050,6_2,data/raw/phase3_5_references/6_2_X0650_Y0950_S050_2020_07_17_x320_y512_64x64_60_cyan.npy,4404ffb44ca1327dc4a490220230423f6812817285a57ee2ec5c39ae506e0700,1338,0,214,1124,2758,84.00597907324365,DECODED_CRC_VERIFIED
dataset_train_6_2.zip,331,8,80abce18,2020-07-17,273918955,cyan,6_2/6_2_X0650_Y0950_S050_2020_07_17_x384_y256_64x64_62_cyan.npy,256,384,6_2_X0650_Y0950_S050_2020_07_17_x384_y256_64x64_62,4224,452,author_grid_component:6_2_X0650_Y0900_S050,6_2_X0650_Y0950_S050,6_2,data/raw/phase3_5_references/6_2_X0650_Y0950_S050_2020_07_17_x384_y256_64x64_62_cyan.npy,3d8db8a39c5fa40ab17a7500f30253b77b56d71dd27a6292963ae72f29845a88,699,0,567,132,3397,18.88412017167382,DECODED_CRC_VERIFIED
dataset_train_6_2.zip,685,8,70d0dfb4,2020-07-17,55662763,cyan,6_2/6_2_X0650_Y0950_S050_2020_07_17_x384_y320_64x64_63_cyan.npy,320,384,6_2_X0650_Y0950_S050_2020_07_17_x384_y320_64x64_63,4224,806,author_grid_component:6_2_X0650_Y0900_S050,6_2_X0650_Y0950_S050,6_2,data/raw/phase3_5_references/6_2_X0650_Y0950_S050_2020_07_17_x384_y320_64x64_63_cyan.npy,a90b2cc9ca04d12f45ad53f9afff7ea1356d79fda69a31b91d3b344fa69367de,1454,0,377,1077,2642,74.07152682255845,DECODED_CRC_VERIFIED
dataset_train_6_2.zip,535,8,14d1c86e,2020-07-17,26258560,cyan,6_2/6_2_X0650_Y0950_S050_2020_07_17_x384_y384_64x64_64_cyan.npy,384,384,6_2_X0650_Y0950_S050_2020_07_17_x384_y384_64x64_64,4224,656,author_grid_component:6_2_X0650_Y0900_S050,6_2_X0650_Y0950_S050,6_2,data/raw/phase3_5_references/6_2_X0650_Y0950_S050_2020_07_17_x384_y384_64x64_64_cyan.npy,8d6973e0ad451b70a2758d692a361816bbc4ed6af82d5c328d68868eeb7c6669,1550,0,15,1535,2546,99.03225806451613,DECODED_CRC_VERIFIED
dataset_train_6_2.zip,356,8,97022fc5,2020-07-17,38736183,cyan,6_2/6_2_X0650_Y0950_S050_2020_07_17_x384_y448_64x64_65_cyan.npy,448,384,6_2_X0650_Y0950_S050_2020_07_17_x384_y448_64x64_65,4224,477,author_grid_component:6_2_X0650_Y0900_S050,6_2_X0650_Y0950_S050,6_2,data/raw/phase3_5_references/6_2_X0650_Y0950_S050_2020_07_17_x384_y448_64x64_65_cyan.npy,c0993997391d69f1e87799f3687d4b86e1b9ba731acda8a68b45c97432517949,488,0,251,237,3608,48.5655737704918,DECODED_CRC_VERIFIED
dataset_train_6_2.zip,1417,8,f61958db,2020-07-17,19272102,cyan,6_2/6_2_X0650_Y0950_S050_2020_07_17_x64_y128_64x64_12_cyan.npy,128,64,6_2_X0650_Y0950_S050_2020_07_17_x64_y128_64x64_12,4224,1537,author_grid_component:6_2_X0650_Y0900_S050,6_2_X0650_Y0950_S050,6_2,data/raw/phase3_5_references/6_2_X0650_Y0950_S050_2020_07_17_x64_y128_64x64_12_cyan.npy,a399478f1e9202df1396db7721a1be91bc77916b8e6b82f2162fa71e9491523d,4096,0,3465,631,0,15.4052734375,DECODED_CRC_VERIFIED
dataset_train_6_2.zip,1199,8,484a7ee5,2020-07-17,78731962,cyan,6_2/6_2_X0650_Y0950_S050_2020_07_17_x64_y192_64x64_13_cyan.npy,192,64,6_2_X0650_Y0950_S050_2020_07_17_x64_y192_64x64_13,4224,1319,author_grid_component:6_2_X0650_Y0900_S050,6_2_X0650_Y0950_S050,6_2,data/raw/phase3_5_references/6_2_X0650_Y0950_S050_2020_07_17_x64_y192_64x64_13_cyan.npy,ad68d8dc85c676118a4348f3a138dd8f763dd20524f974d83ae51ac0105d5d5e,3866,0,2970,896,230,23.176409725814796,DECODED_CRC_VERIFIED
dataset_train_6_2.zip,1329,8,0ca40e24,2020-07-17,58401194,cyan,6_2/6_2_X0650_Y0950_S050_2020_07_17_x64_y256_64x64_14_cyan.npy,256,64,6_2_X0650_Y0950_S050_2020_07_17_x64_y256_64x64_14,4224,1449,author_grid_component:6_2_X0650_Y0900_S050,6_2_X0650_Y0950_S050,6_2,data/raw/phase3_5_references/6_2_X0650_Y0950_S050_2020_07_17_x64_y256_64x64_14_cyan.npy,69d8daf8359d9341dfd4fa5d2edf9aeb26af055954e73f51b3c0f30138da9815,3661,0,3649,12,435,0.32777929527451516,DECODED_CRC_VERIFIED
dataset_train_6_2.zip,1283,8,2c4ec9aa,2020-07-17,104134580,cyan,6_2/6_2_X0650_Y0950_S050_2020_07_17_x64_y512_64x64_18_cyan.npy,512,64,6_2_X0650_Y0950_S050_2020_07_17_x64_y512_64x64_18,4224,1403,author_grid_component:6_2_X0650_Y0900_S050,6_2_X0650_Y0950_S050,6_2,data/raw/phase3_5_references/6_2_X0650_Y0950_S050_2020_07_17_x64_y512_64x64_18_cyan.npy,42bfb667e8e31af46fe6fec2cfb5f84efedb3faf2e59b7c66bd12c92332d47c2,4096,0,4094,2,0,0.048828125,DECODED_CRC_VERIFIED
dataset_train_6_2.zip,1270,8,0c7f4c41,2020-07-17,167989331,cyan,6_2/6_2_X0650_Y0950_S050_2020_07_17_x64_y576_64x64_19_cyan.npy,576,64,6_2_X0650_Y0950_S050_2020_07_17_x64_y576_64x64_19,4224,1390,author_grid_component:6_2_X0650_Y0900_S050,6_2_X0650_Y0950_S050,6_2,data/raw/phase3_5_references/6_2_X0650_Y0950_S050_2020_07_17_x64_y576_64x64_19_cyan.npy,93a5ecd89794ccebf3ae0a297d7e2f1b88271b9d41a1f7828821262988749015,4096,0,3904,192,0,4.6875,DECODED_CRC_VERIFIED
dataset_train_6_2.zip,1217,8,8ad76a0f,2020-07-17,149064337,cyan,6_2/6_2_X0650_Y0950_S050_2020_07_17_x64_y640_64x64_20_cyan.npy,640,64,6_2_X0650_Y0950_S050_2020_07_17_x64_y640_64x64_20,4224,1337,author_grid_component:6_2_X0650_Y0900_S050,6_2_X0650_Y0950_S050,6_2,data/raw/phase3_5_references/6_2_X0650_Y0950_S050_2020_07_17_x64_y640_64x64_20_cyan.npy,c9ba78dc02c76110e7ff77a6ea1bd47f614543201191da54306d9e8d150144b9,3868,0,3691,177,228,4.5760082730093075,DECODED_CRC_VERIFIED
dataset_train_6_2.zip,415,8,4c9f106e,2020-07-17,78099072,cyan,6_2/6_2_X0650_Y0950_S050_2020_07_17_x64_y64_64x64_11_cyan.npy,64,64,6_2_X0650_Y0950_S050_2020_07_17_x64_y64_64x64_11,4224,534,author_grid_component:6_2_X0650_Y0900_S050,6_2_X0650_Y0950_S050,6_2,data/raw/phase3_5_references/6_2_X0650_Y0950_S050_2020_07_17_x64_y64_64x64_11_cyan.npy,69a9452e706d37e9c876c051a225a4fbd9d133717518bb8e4e541f28d71f9064,641,0,634,7,3455,1.0920436817472698,DECODED_CRC_VERIFIED
dataset_train_6_5.zip,2031,8,0071e1a2,2019-09-23,7200407275,cyan,6_5/6_5_X0250_Y0300_S050_2019_09_23_x448_y640_64x64_6_cyan.npy,640,448,6_5_X0250_Y0300_S050_2019_09_23_x448_y640_64x64_6,4224,2151,author_grid_component:6_5_X0250_Y0300_S050,6_5_X0250_Y0300_S050,6_5,data/raw/phase3_5_references/6_5_X0250_Y0300_S050_2019_09_23_x448_y640_64x64_6_cyan.npy,181352f51dc4d5fd26312e4798962422d9d2de8fea5a03470815926e8b8bf9cd,4096,0,4086,10,0,0.244140625,DECODED_CRC_VERIFIED
dataset_train_6_5.zip,2147,8,79cf80f2,2020-01-06,6526297934,cyan,6_5/6_5_X0250_Y0300_S050_2020_01_06_x448_y576_64x64_5_cyan.npy,576,448,6_5_X0250_Y0300_S050_2020_01_06_x448_y576_64x64_5,4224,2267,author_grid_component:6_5_X0250_Y0300_S050,6_5_X0250_Y0300_S050,6_5,data/raw/phase3_5_references/6_5_X0250_Y0300_S050_2020_01_06_x448_y576_64x64_5_cyan.npy,d7d7f8129d9a1502040fae847681ff7b054f997637dd60b5257364cffa9e45b4,3704,733,2887,84,392,2.2678185745140387,DECODED_CRC_VERIFIED
dataset_train_6_5.zip,2288,8,3485641e,2020-01-06,4670835444,cyan,6_5/6_5_X0250_Y0300_S050_2020_01_06_x512_y576_64x64_8_cyan.npy,576,512,6_5_X0250_Y0300_S050_2020_01_06_x512_y576_64x64_8,4224,2408,author_grid_component:6_5_X0250_Y0300_S050,6_5_X0250_Y0300_S050,6_5,data/raw/phase3_5_references/6_5_X0250_Y0300_S050_2020_01_06_x512_y576_64x64_8_cyan.npy,e3fb1d7acd5768473afe20e32e91aae145903b432e5f3f9ac9031c27278ba2a9,4096,956,2897,243,0,5.9326171875,DECODED_CRC_VERIFIED
dataset_train_6_5.zip,2105,8,4bcd3ff0,2020-01-06,6039394414,cyan,6_5/6_5_X0250_Y0300_S050_2020_01_06_x576_y640_64x64_12_cyan.npy,640,576,6_5_X0250_Y0300_S050_2020_01_06_x576_y640_64x64_12,4224,2226,author_grid_component:6_5_X0250_Y0300_S050,6_5_X0250_Y0300_S050,6_5,data/raw/phase3_5_references/6_5_X0250_Y0300_S050_2020_01_06_x576_y640_64x64_12_cyan.npy,dc374f20887d5b2952d956efbfe1908497d062be11014f48206e8b8f9c17458d,4096,2311,1674,111,0,2.7099609375,DECODED_CRC_VERIFIED
dataset_train_6_5.zip,335,8,1b1cf77a,2019-04-01,3236516926,cyan,6_5/6_5_X0250_Y0450_S050_2019_04_01_x0_y512_64x64_1_cyan.npy,512,0,6_5_X0250_Y0450_S050_2019_04_01_x0_y512_64x64_1,4224,453,author_grid_component:6_5_X0250_Y0450_S050,6_5_X0250_Y0450_S050,6_5,data/raw/phase3_5_references/6_5_X0250_Y0450_S050_2019_04_01_x0_y512_64x64_1_cyan.npy,6b84a11b55be32447dd9cc2585604d6c7f8a758c2eb9e4bfc3fc78a71b7e81cd,805,0,691,114,3291,14.161490683229813,DECODED_CRC_VERIFIED
dataset_train_6_5.zip,231,8,5f8fd7f0,2019-04-01,4825987350,cyan,6_5/6_5_X0250_Y0450_S050_2019_04_01_x0_y576_64x64_2_cyan.npy,576,0,6_5_X0250_Y0450_S050_2019_04_01_x0_y576_64x64_2,4224,349,author_grid_component:6_5_X0250_Y0450_S050,6_5_X0250_Y0450_S050,6_5,data/raw/phase3_5_references/6_5_X0250_Y0450_S050_2019_04_01_x0_y576_64x64_2_cyan.npy,d51b61a1424edd61f9877206d92e13f022c2b3242c3b050c0cc7437a28f5a529,595,0,397,198,3501,33.27731092436975,DECODED_CRC_VERIFIED
dataset_train_6_5.zip,2018,8,0a6ac4ff,2020-04-05,5029076843,cyan,6_5/6_5_X0250_Y0450_S050_2020_04_05_x192_y576_64x64_14_cyan.npy,576,192,6_5_X0250_Y0450_S050_2020_04_05_x192_y576_64x64_14,4224,2139,author_grid_component:6_5_X0250_Y0450_S050,6_5_X0250_Y0450_S050,6_5,data/raw/phase3_5_references/6_5_X0250_Y0450_S050_2020_04_05_x192_y576_64x64_14_cyan.npy,73bdf93db7fe408b94d0f3479788ef97288c456487591a245834de93481a30d9,4096,53,4042,1,0,0.0244140625,DECODED_CRC_VERIFIED
dataset_train_6_5.zip,1462,8,310c215b,2019-04-01,7232460942,cyan,6_5/6_5_X0300_Y0450_S050_2019_04_01_x0_y0_64x64_1_cyan.npy,0,0,6_5_X0300_Y0450_S050_2019_04_01_x0_y0_64x64_1,4224,1578,author_grid_component:6_5_X0250_Y0450_S050,6_5_X0300_Y0450_S050,6_5,data/raw/phase3_5_references/6_5_X0300_Y0450_S050_2019_04_01_x0_y0_64x64_1_cyan.npy,d728128549ac5a2bdc606266001ed16be1ebd95d182cd7fd91a46f1f03f0ad35,3129,0,2995,134,967,4.282518376478108,DECODED_CRC_VERIFIED
dataset_train_6_5.zip,980,8,aa1b37a6,2019-04-01,7060707516,cyan,6_5/6_5_X0300_Y0450_S050_2019_04_01_x192_y64_64x64_7_cyan.npy,64,192,6_5_X0300_Y0450_S050_2019_04_01_x192_y64_64x64_7,4224,1099,author_grid_component:6_5_X0250_Y0450_S050,6_5_X0300_Y0450_S050,6_5,data/raw/phase3_5_references/6_5_X0300_Y0450_S050_2019_04_01_x192_y64_64x64_7_cyan.npy,394dbd75d7c9ed41b5e0d5ca72d00589adcf99ff46e89b968ee2c10e59e8ce2b,3297,0,3255,42,799,1.2738853503184713,DECODED_CRC_VERIFIED
dataset_train_6_5.zip,775,8,2b2a673a,2019-04-01,5932347831,cyan,6_5/6_5_X0300_Y0450_S050_2019_04_01_x256_y64_64x64_9_cyan.npy,64,256,6_5_X0300_Y0450_S050_2019_04_01_x256_y64_64x64_9,4224,894,author_grid_component:6_5_X0250_Y0450_S050,6_5_X0300_Y0450_S050,6_5,data/raw/phase3_5_references/6_5_X0300_Y0450_S050_2019_04_01_x256_y64_64x64_9_cyan.npy,d68f05ac46447b2642ca73a4be13adc02508c83e48a801b860441eb4636efd36,1428,0,1377,51,2668,3.5714285714285716,DECODED_CRC_VERIFIED
dataset_train_6_5.zip,820,8,7d3f6e01,2019-04-01,108302628,cyan,6_5/6_5_X0300_Y0450_S050_2019_04_01_x320_y128_64x64_12_cyan.npy,128,320,6_5_X0300_Y0450_S050_2019_04_01_x320_y128_64x64_12,4224,941,author_grid_component:6_5_X0250_Y0450_S050,6_5_X0300_Y0450_S050,6_5,data/raw/phase3_5_references/6_5_X0300_Y0450_S050_2019_04_01_x320_y128_64x64_12_cyan.npy,3c0f15145eb268a14de0d2648e8571a0a508bd4ed7fd8ce1bd1586ad0c512f20,1788,0,1748,40,2308,2.237136465324385,DECODED_CRC_VERIFIED
dataset_train_6_5.zip,1673,8,4aa0d095,2019-04-01,2769266272,cyan,6_5/6_5_X0300_Y0450_S050_2019_04_01_x320_y64_64x64_11_cyan.npy,64,320,6_5_X0300_Y0450_S050_2019_04_01_x320_y64_64x64_11,4224,1793,author_grid_component:6_5_X0250_Y0450_S050,6_5_X0300_Y0450_S050,6_5,data/raw/phase3_5_references/6_5_X0300_Y0450_S050_2019_04_01_x320_y64_64x64_11_cyan.npy,65523fe1f4c852f69554a846b302dabc0ef82a9e1d50158a2fd9b006f53d81ce,3736,4,3668,64,360,1.7130620985010707,DECODED_CRC_VERIFIED
dataset_train_6_5.zip,1667,8,5ffaa0d3,2020-04-05,5305602632,cyan,6_5/6_5_X0300_Y0450_S050_2020_04_05_x0_y0_64x64_1_cyan.npy,0,0,6_5_X0300_Y0450_S050_2020_04_05_x0_y0_64x64_1,4224,1783,author_grid_component:6_5_X0250_Y0450_S050,6_5_X0300_Y0450_S050,6_5,data/raw/phase3_5_references/6_5_X0300_Y0450_S050_2020_04_05_x0_y0_64x64_1_cyan.npy,a75ae02844843d7a89ea5bfc4e0738dfee7b406aaabf49b33815f3d1da4600bc,2983,0,2605,378,1113,12.671806905799532,DECODED_CRC_VERIFIED
dataset_train_6_5.zip,2156,8,2eed2308,2020-04-05,5131424113,cyan,6_5/6_5_X0300_Y0450_S050_2020_04_05_x128_y0_64x64_4_cyan.npy,0,128,6_5_X0300_Y0450_S050_2020_04_05_x128_y0_64x64_4,4224,2274,author_grid_component:6_5_X0250_Y0450_S050,6_5_X0300_Y0450_S050,6_5,data/raw/phase3_5_references/6_5_X0300_Y0450_S050_2020_04_05_x128_y0_64x64_4_cyan.npy,65dd878838f587566763cb5678ab58e1df612672aa7688f1d60ff1416d7a2649,4096,0,3879,217,0,5.2978515625,DECODED_CRC_VERIFIED
dataset_train_6_5.zip,1880,8,acffe3bb,2020-04-05,6472545473,cyan,6_5/6_5_X0300_Y0450_S050_2020_04_05_x192_y0_64x64_6_cyan.npy,0,192,6_5_X0300_Y0450_S050_2020_04_05_x192_y0_64x64_6,4224,1998,author_grid_component:6_5_X0250_Y0450_S050,6_5_X0300_Y0450_S050,6_5,data/raw/phase3_5_references/6_5_X0300_Y0450_S050_2020_04_05_x192_y0_64x64_6_cyan.npy,ed34e34a4339cfa39de678b9e328c342508280328eb65f7cff389ddbb83de1fd,4017,0,3915,102,79,2.539208364451083,DECODED_CRC_VERIFIED
dataset_train_6_5.zip,2081,8,9790fcfa,2020-04-05,4081657076,cyan,6_5/6_5_X0300_Y0450_S050_2020_04_05_x64_y0_64x64_2_cyan.npy,0,64,6_5_X0300_Y0450_S050_2020_04_05_x64_y0_64x64_2,4224,2198,author_grid_component:6_5_X0250_Y0450_S050,6_5_X0300_Y0450_S050,6_5,data/raw/phase3_5_references/6_5_X0300_Y0450_S050_2020_04_05_x64_y0_64x64_2_cyan.npy,49a247c60f2c04ae9ff940451a230b2e674ea2dcd1c89b4a9d688a263f2da89f,3357,0,3136,221,739,6.583258862079237,DECODED_CRC_VERIFIED
dataset_train_7_2.zip,2465,8,ce604141,2019-07-14,56799972,cyan,7_2/7_2_X0000_Y1800_S050_2019_07_14_x576_y192_64x64_77_cyan.npy,192,576,7_2_X0000_Y1800_S050_2019_07_14_x576_y192_64x64_77,4224,2586,author_grid_component:7_2_X0000_Y1750_S050,7_2_X0000_Y1800_S050,7_2,data/raw/phase3_5_references/7_2_X0000_Y1800_S050_2019_07_14_x576_y192_64x64_77_cyan.npy,e00381812c7bd860671636544c696fc7c2bd859fdb93fcc84d4f7a68302dc687,4096,939,3154,3,0,0.0732421875,DECODED_CRC_VERIFIED
dataset_train_7_2.zip,2199,8,64abb06d,2019-07-14,610073264,cyan,7_2/7_2_X0000_Y1800_S050_2019_07_14_x576_y256_64x64_78_cyan.npy,256,576,7_2_X0000_Y1800_S050_2019_07_14_x576_y256_64x64_78,4224,2320,author_grid_component:7_2_X0000_Y1750_S050,7_2_X0000_Y1800_S050,7_2,data/raw/phase3_5_references/7_2_X0000_Y1800_S050_2019_07_14_x576_y256_64x64_78_cyan.npy,e9e3a1bd659e2f61ad4b2cbf4af40282a567fe509330dc1d13d53b5a798fe295,4096,145,3872,79,0,1.9287109375,DECODED_CRC_VERIFIED
dataset_train_7_2.zip,2147,8,77081eff,2019-07-24,246446447,cyan,7_2/7_2_X0000_Y1800_S050_2019_07_24_x128_y512_64x64_13_cyan.npy,512,128,7_2_X0000_Y1800_S050_2019_07_24_x128_y512_64x64_13,4224,2268,author_grid_component:7_2_X0000_Y1750_S050,7_2_X0000_Y1800_S050,7_2,data/raw/phase3_5_references/7_2_X0000_Y1800_S050_2019_07_24_x128_y512_64x64_13_cyan.npy,eaaf29526b8fa3cd0717d901520b8bab360f40b7b54dab33a39eef47c5a765c6,4040,45,3960,35,56,0.8663366336633663,DECODED_CRC_VERIFIED
dataset_train_7_2.zip,1821,8,b26461ca,2019-07-24,108849630,cyan,7_2/7_2_X0000_Y1800_S050_2019_07_24_x128_y576_64x64_14_cyan.npy,576,128,7_2_X0000_Y1800_S050_2019_07_24_x128_y576_64x64_14,4224,1942,author_grid_component:7_2_X0000_Y1750_S050,7_2_X0000_Y1800_S050,7_2,data/raw/phase3_pilot/7_2_X0000_Y1800_S050_2019_07_24_x128_y576_64x64_14_cyan.npy,3db61fa78f7399621a74cebc8e7a6d5a981cec450ee5604ee035d377eb34309a,4036,0,3108,928,60,22.993062438057482,DECODED_CRC_VERIFIED
dataset_train_7_2.zip,2040,8,51dfc848,2019-07-24,507985881,cyan,7_2/7_2_X0000_Y1800_S050_2019_07_24_x128_y640_64x64_15_cyan.npy,640,128,7_2_X0000_Y1800_S050_2019_07_24_x128_y640_64x64_15,4224,2161,author_grid_component:7_2_X0000_Y1750_S050,7_2_X0000_Y1800_S050,7_2,data/raw/phase3_5_references/7_2_X0000_Y1800_S050_2019_07_24_x128_y640_64x64_15_cyan.npy,51dfa0f3b8e831ca9ca082157a53c0945db920b9b7b1a13e5eaddb4fd85f37a1,4096,2,1907,2187,0,53.3935546875,DECODED_CRC_VERIFIED
dataset_train_7_2.zip,995,8,bbd29ca2,2019-07-24,158524634,cyan,7_2/7_2_X0000_Y1800_S050_2019_07_24_x192_y256_64x64_18_cyan.npy,256,192,7_2_X0000_Y1800_S050_2019_07_24_x192_y256_64x64_18,4224,1116,author_grid_component:7_2_X0000_Y1750_S050,7_2_X0000_Y1800_S050,7_2,data/raw/phase3_5_references/7_2_X0000_Y1800_S050_2019_07_24_x192_y256_64x64_18_cyan.npy,5a5ac80751cf60d13733c5540ba117742f4d82dacd633976f4614ac31e28b4bb,1761,0,1682,79,2335,4.486087450312323,DECODED_CRC_VERIFIED
dataset_train_7_2.zip,1858,8,640cdfd1,2019-07-24,857093843,cyan,7_2/7_2_X0000_Y1800_S050_2019_07_24_x192_y320_64x64_19_cyan.npy,320,192,7_2_X0000_Y1800_S050_2019_07_24_x192_y320_64x64_19,4224,1979,author_grid_component:7_2_X0000_Y1750_S050,7_2_X0000_Y1800_S050,7_2,data/raw/phase3_5_references/7_2_X0000_Y1800_S050_2019_07_24_x192_y320_64x64_19_cyan.npy,f40cee8de7f2a564dfa7aea25cd669918f286f55737d1bcc8aa9ec2baa8f7472,3646,11,3362,273,450,7.487657707076248,DECODED_CRC_VERIFIED
dataset_train_7_2.zip,2216,8,bf125c28,2019-07-24,826294409,cyan,7_2/7_2_X0000_Y1800_S050_2019_07_24_x192_y384_64x64_20_cyan.npy,384,192,7_2_X0000_Y1800_S050_2019_07_24_x192_y384_64x64_20,4224,2337,author_grid_component:7_2_X0000_Y1750_S050,7_2_X0000_Y1800_S050,7_2,data/raw/phase3_5_references/7_2_X0000_Y1800_S050_2019_07_24_x192_y384_64x64_20_cyan.npy,cdc21f1a6c5b5c963bd6cd84ccd1b01212751f17ce1df20b2eb5d7ce6183df44,4096,29,3969,98,0,2.392578125,DECODED_CRC_VERIFIED
dataset_train_7_2.zip,2086,8,2f30e306,2019-07-24,286134086,cyan,7_2/7_2_X0000_Y1800_S050_2019_07_24_x192_y512_64x64_22_cyan.npy,512,192,7_2_X0000_Y1800_S050_2019_07_24_x192_y512_64x64_22,4224,2207,author_grid_component:7_2_X0000_Y1750_S050,7_2_X0000_Y1800_S050,7_2,data/raw/phase3_5_references/7_2_X0000_Y1800_S050_2019_07_24_x192_y512_64x64_22_cyan.npy,339de85574011ae6e9081a5238864c49bc00bd1d04fc1e2799c8cb331a574a37,4096,0,2916,1180,0,28.80859375,DECODED_CRC_VERIFIED
dataset_train_7_2.zip,2171,8,c0147f26,2019-07-24,133397853,cyan,7_2/7_2_X0000_Y1800_S050_2019_07_24_x192_y576_64x64_23_cyan.npy,576,192,7_2_X0000_Y1800_S050_2019_07_24_x192_y576_64x64_23,4224,2292,author_grid_component:7_2_X0000_Y1750_S050,7_2_X0000_Y1800_S050,7_2,data/raw/phase3_5_references/7_2_X0000_Y1800_S050_2019_07_24_x192_y576_64x64_23_cyan.npy,88617614392dea61ec1458cbaa17915b8fe48edd7ea875d0a95da8df1ab7d218,4096,0,3025,1071,0,26.1474609375,DECODED_CRC_VERIFIED
dataset_train_7_2.zip,1760,8,1d013669,2019-07-24,173764326,cyan,7_2/7_2_X0000_Y1800_S050_2019_07_24_x192_y640_64x64_24_cyan.npy,640,192,7_2_X0000_Y1800_S050_2019_07_24_x192_y640_64x64_24,4224,1881,author_grid_component:7_2_X0000_Y1750_S050,7_2_X0000_Y1800_S050,7_2,data/raw/phase3_5_references/7_2_X0000_Y1800_S050_2019_07_24_x192_y640_64x64_24_cyan.npy,e94e8b413abcb05fee7abf54834fa24a1bfe30d35fbaaec6aea6497a9e2ad6bb,4096,2,2266,1828,0,44.62890625,DECODED_CRC_VERIFIED
dataset_train_7_2.zip,1608,8,4af66b5d,2019-07-24,257505009,cyan,7_2/7_2_X0000_Y1800_S050_2019_07_24_x256_y256_64x64_25_cyan.npy,256,256,7_2_X0000_Y1800_S050_2019_07_24_x256_y256_64x64_25,4224,1729,author_grid_component:7_2_X0000_Y1750_S050,7_2_X0000_Y1800_S050,7_2,data/raw/phase3_5_references/7_2_X0000_Y1800_S050_2019_07_24_x256_y256_64x64_25_cyan.npy,bdbe26306c9fda490386e447c6023336560acd301938d703c45202227a3463e6,2892,0,1723,1169,1204,40.42185338865837,DECODED_CRC_VERIFIED
dataset_train_7_2.zip,1540,8,c317eb8f,2019-07-24,412774357,cyan,7_2/7_2_X0000_Y1800_S050_2019_07_24_x256_y320_64x64_26_cyan.npy,320,256,7_2_X0000_Y1800_S050_2019_07_24_x256_y320_64x64_26,4224,1661,author_grid_component:7_2_X0000_Y1750_S050,7_2_X0000_Y1800_S050,7_2,data/raw/phase3_5_references/7_2_X0000_Y1800_S050_2019_07_24_x256_y320_64x64_26_cyan.npy,bc401c702361c0248263f969867a8b4b10f25a2d8b9f72e767bdafc08bcc43a9,4096,0,2215,1881,0,45.9228515625,DECODED_CRC_VERIFIED
dataset_train_7_2.zip,1854,8,aaa75194,2019-07-24,352014349,cyan,7_2/7_2_X0000_Y1800_S050_2019_07_24_x256_y384_64x64_27_cyan.npy,384,256,7_2_X0000_Y1800_S050_2019_07_24_x256_y384_64x64_27,4224,1975,author_grid_component:7_2_X0000_Y1750_S050,7_2_X0000_Y1800_S050,7_2,data/raw/phase3_5_references/7_2_X0000_Y1800_S050_2019_07_24_x256_y384_64x64_27_cyan.npy,5f497d0545665cdd8bab484bb4a82459f6d7dc9e21a8515cd91b5a0d72c7eef7,4096,0,2293,1803,0,44.0185546875,DECODED_CRC_VERIFIED
dataset_train_7_2.zip,2194,8,ca0c6a78,2019-07-24,638079317,cyan,7_2/7_2_X0000_Y1800_S050_2019_07_24_x256_y448_64x64_28_cyan.npy,448,256,7_2_X0000_Y1800_S050_2019_07_24_x256_y448_64x64_28,4224,2315,author_grid_component:7_2_X0000_Y1750_S050,7_2_X0000_Y1800_S050,7_2,data/raw/phase3_5_references/7_2_X0000_Y1800_S050_2019_07_24_x256_y448_64x64_28_cyan.npy,589b956e8b81cf5a6ba26eb7878eaa4099ebb777fa230a81b06f2d23906b54e8,4096,0,3071,1025,0,25.0244140625,DECODED_CRC_VERIFIED
dataset_train_7_2.zip,1753,8,1d86a1cb,2019-07-24,78921859,cyan,7_2/7_2_X0000_Y1800_S050_2019_07_24_x256_y512_64x64_29_cyan.npy,512,256,7_2_X0000_Y1800_S050_2019_07_24_x256_y512_64x64_29,4224,1874,author_grid_component:7_2_X0000_Y1750_S050,7_2_X0000_Y1800_S050,7_2,data/raw/phase3_5_references/7_2_X0000_Y1800_S050_2019_07_24_x256_y512_64x64_29_cyan.npy,891b89024cb45cf7a3785b2245c2e11fcea9d23a3a451325fd3a7b5332cf9546,4096,0,723,3373,0,82.3486328125,DECODED_CRC_VERIFIED
dataset_train_7_2.zip,2024,8,aa87c377,2019-07-24,761552430,cyan,7_2/7_2_X0000_Y1800_S050_2019_07_24_x256_y576_64x64_30_cyan.npy,576,256,7_2_X0000_Y1800_S050_2019_07_24_x256_y576_64x64_30,4224,2145,author_grid_component:7_2_X0000_Y1750_S050,7_2_X0000_Y1800_S050,7_2,data/raw/phase3_5_references/7_2_X0000_Y1800_S050_2019_07_24_x256_y576_64x64_30_cyan.npy,db2aadd1236df4a33397c02ce1030ec414bcffe5ea3a36c22c159643574bc299,4096,0,2078,2018,0,49.267578125,DECODED_CRC_VERIFIED
dataset_train_7_2.zip,1975,8,92de2ab1,2019-07-24,239029274,cyan,7_2/7_2_X0000_Y1800_S050_2019_07_24_x256_y640_64x64_31_cyan.npy,640,256,7_2_X0000_Y1800_S050_2019_07_24_x256_y640_64x64_31,4224,2096,author_grid_component:7_2_X0000_Y1750_S050,7_2_X0000_Y1800_S050,7_2,data/raw/phase3_5_references/7_2_X0000_Y1800_S050_2019_07_24_x256_y640_64x64_31_cyan.npy,7d6245f52a247e2720e5afac570ba5f2c9cefe6bab26c866883eff62ba17e59d,4096,20,2686,1390,0,33.935546875,DECODED_CRC_VERIFIED
dataset_train_7_2.zip,615,8,fa24cb95,2019-07-24,792412875,cyan,7_2/7_2_X0000_Y1800_S050_2019_07_24_x320_y192_64x64_33_cyan.npy,192,320,7_2_X0000_Y1800_S050_2019_07_24_x320_y192_64x64_33,4224,736,author_grid_component:7_2_X0000_Y1750_S050,7_2_X0000_Y1800_S050,7_2,data/raw/phase3_5_references/7_2_X0000_Y1800_S050_2019_07_24_x320_y192_64x64_33_cyan.npy,0f526af89c2d59bb7de299aa10f2cdcde1957e9e27f4962fdf2f609bd7bdb542,1001,0,767,234,3095,23.376623376623378,DECODED_CRC_VERIFIED
dataset_train_7_2.zip,1908,8,2d529e6b,2019-07-24,606924391,cyan,7_2/7_2_X0000_Y1800_S050_2019_07_24_x320_y256_64x64_34_cyan.npy,256,320,7_2_X0000_Y1800_S050_2019_07_24_x320_y256_64x64_34,4224,2029,author_grid_component:7_2_X0000_Y1750_S050,7_2_X0000_Y1800_S050,7_2,data/raw/phase3_5_references/7_2_X0000_Y1800_S050_2019_07_24_x320_y256_64x64_34_cyan.npy,42bb427b13cabe0e8b0393919aabf9b0c41dfa2df757011db653bb5367614d2c,3901,0,3469,432,195,11.074083568315816,DECODED_CRC_VERIFIED
dataset_train_7_2.zip,2125,8,3f5e1dcb,2019-07-24,70720268,cyan,7_2/7_2_X0000_Y1800_S050_2019_07_24_x320_y320_64x64_35_cyan.npy,320,320,7_2_X0000_Y1800_S050_2019_07_24_x320_y320_64x64_35,4224,2246,author_grid_component:7_2_X0000_Y1750_S050,7_2_X0000_Y1800_S050,7_2,data/raw/phase3_5_references/7_2_X0000_Y1800_S050_2019_07_24_x320_y320_64x64_35_cyan.npy,301b40b762e7f0eac8f092150ee9b71733e39f6e87af991b6255c95173c6141c,4096,11,1381,2704,0,66.015625,DECODED_CRC_VERIFIED
dataset_train_7_2.zip,1648,8,a4b84046,2019-07-24,204390369,cyan,7_2/7_2_X0000_Y1800_S050_2019_07_24_x320_y384_64x64_36_cyan.npy,384,320,7_2_X0000_Y1800_S050_2019_07_24_x320_y384_64x64_36,4224,1769,author_grid_component:7_2_X0000_Y1750_S050,7_2_X0000_Y1800_S050,7_2,data/raw/phase3_5_references/7_2_X0000_Y1800_S050_2019_07_24_x320_y384_64x64_36_cyan.npy,6cc420bdbff6efafc623437360f2a25a190446b5677fdcecba5124447f120d1f,4096,0,1483,2613,0,63.7939453125,DECODED_CRC_VERIFIED
dataset_train_7_2.zip,1707,8,3cb3d4d5,2019-07-24,129122879,cyan,7_2/7_2_X0000_Y1800_S050_2019_07_24_x320_y448_64x64_37_cyan.npy,448,320,7_2_X0000_Y1800_S050_2019_07_24_x320_y448_64x64_37,4224,1828,author_grid_component:7_2_X0000_Y1750_S050,7_2_X0000_Y1800_S050,7_2,data/raw/phase3_5_references/7_2_X0000_Y1800_S050_2019_07_24_x320_y448_64x64_37_cyan.npy,cf6cf2b5e26d320772c1287fd15894bcc41b62b71e6811edc163370e059f231b,4096,0,2182,1914,0,46.728515625,DECODED_CRC_VERIFIED
dataset_train_7_2.zip,1829,8,e33adb25,2019-07-24,167680073,cyan,7_2/7_2_X0000_Y1800_S050_2019_07_24_x320_y512_64x64_38_cyan.npy,512,320,7_2_X0000_Y1800_S050_2019_07_24_x320_y512_64x64_38,4224,1950,author_grid_component:7_2_X0000_Y1750_S050,7_2_X0000_Y1800_S050,7_2,data/raw/phase3_5_references/7_2_X0000_Y1800_S050_2019_07_24_x320_y512_64x64_38_cyan.npy,ba5dfb5edfd53e4da90fa75d096eca55006c8c34282b10628de9eb5ad25c2d91,4096,0,1538,2558,0,62.451171875,DECODED_CRC_VERIFIED
dataset_train_7_2.zip,1614,8,cfb184c2,2019-07-24,530430869,cyan,7_2/7_2_X0000_Y1800_S050_2019_07_24_x320_y576_64x64_39_cyan.npy,576,320,7_2_X0000_Y1800_S050_2019_07_24_x320_y576_64x64_39,4224,1735,author_grid_component:7_2_X0000_Y1750_S050,7_2_X0000_Y1800_S050,7_2,data/raw/phase3_5_references/7_2_X0000_Y1800_S050_2019_07_24_x320_y576_64x64_39_cyan.npy,d767aa58fa4bb329264090cdebc0fd8f5ca9e96fb4c07a7f7536643d27bc308e,4096,0,1513,2583,0,63.0615234375,DECODED_CRC_VERIFIED
dataset_train_7_2.zip,1477,8,10ebcd76,2019-07-24,662441569,cyan,7_2/7_2_X0000_Y1800_S050_2019_07_24_x320_y640_64x64_40_cyan.npy,640,320,7_2_X0000_Y1800_S050_2019_07_24_x320_y640_64x64_40,4224,1598,author_grid_component:7_2_X0000_Y1750_S050,7_2_X0000_Y1800_S050,7_2,data/raw/phase3_5_references/7_2_X0000_Y1800_S050_2019_07_24_x320_y640_64x64_40_cyan.npy,b9122383fb02e62b98ff2cc1a95808a203f5aaa90e3d9eec5dccff9621038120,4096,0,2436,1660,0,40.52734375,DECODED_CRC_VERIFIED
dataset_train_7_2.zip,2019,8,a3cd22ba,2019-07-24,709448281,cyan,7_2/7_2_X0000_Y1800_S050_2019_07_24_x384_y192_64x64_44_cyan.npy,192,384,7_2_X0000_Y1800_S050_2019_07_24_x384_y192_64x64_44,4224,2140,author_grid_component:7_2_X0000_Y1750_S050,7_2_X0000_Y1800_S050,7_2,data/raw/phase3_5_references/7_2_X0000_Y1800_S050_2019_07_24_x384_y192_64x64_44_cyan.npy,f2923206f6d457795e144ef432f75ff6d8e4ce8a06640dfcfd6c33fd7c66c0f8,4096,0,3810,286,0,6.982421875,DECODED_CRC_VERIFIED
dataset_train_7_2.zip,1532,8,136cda4b,2019-07-24,413584844,cyan,7_2/7_2_X0000_Y1800_S050_2019_07_24_x384_y256_64x64_45_cyan.npy,256,384,7_2_X0000_Y1800_S050_2019_07_24_x384_y256_64x64_45,4224,1653,author_grid_component:7_2_X0000_Y1750_S050,7_2_X0000_Y1800_S050,7_2,data/raw/phase3_5_references/7_2_X0000_Y1800_S050_2019_07_24_x384_y256_64x64_45_cyan.npy,b20fb412d6d6046ccdd8c9046d116f9aaebfeab66cc0c30e6a85d541b926c425,4096,0,1041,3055,0,74.5849609375,DECODED_CRC_VERIFIED
dataset_train_7_2.zip,2232,8,8d377c65,2019-07-24,818564828,cyan,7_2/7_2_X0000_Y1800_S050_2019_07_24_x384_y320_64x64_46_cyan.npy,320,384,7_2_X0000_Y1800_S050_2019_07_24_x384_y320_64x64_46,4224,2353,author_grid_component:7_2_X0000_Y1750_S050,7_2_X0000_Y1800_S050,7_2,data/raw/phase3_5_references/7_2_X0000_Y1800_S050_2019_07_24_x384_y320_64x64_46_cyan.npy,0a66763ecee2d87a62bc8a1b07abc6177917aba8f13ba21f2112498442e7524a,4096,10,1987,2099,0,51.2451171875,DECODED_CRC_VERIFIED
dataset_train_7_2.zip,2368,8,1e6d0a82,2019-07-24,174358947,cyan,7_2/7_2_X0000_Y1800_S050_2019_07_24_x384_y384_64x64_47_cyan.npy,384,384,7_2_X0000_Y1800_S050_2019_07_24_x384_y384_64x64_47,4224,2489,author_grid_component:7_2_X0000_Y1750_S050,7_2_X0000_Y1800_S050,7_2,data/raw/phase3_5_references/7_2_X0000_Y1800_S050_2019_07_24_x384_y384_64x64_47_cyan.npy,897a9af7ccb8418795ceead9d92f69f415cb6983b4bdc6b4f363cf198f01ffe0,4096,7,1702,2387,0,58.2763671875,DECODED_CRC_VERIFIED
dataset_train_7_2.zip,2184,8,40e86089,2019-07-24,484245367,cyan,7_2/7_2_X0000_Y1800_S050_2019_07_24_x384_y448_64x64_48_cyan.npy,448,384,7_2_X0000_Y1800_S050_2019_07_24_x384_y448_64x64_48,4224,2305,author_grid_component:7_2_X0000_Y1750_S050,7_2_X0000_Y1800_S050,7_2,data/raw/phase3_5_references/7_2_X0000_Y1800_S050_2019_07_24_x384_y448_64x64_48_cyan.npy,e65c035ea4871c9e3598260b33747f495700d1dd464c77b4a51652e19dbf4b16,4096,26,3361,709,0,17.3095703125,DECODED_CRC_VERIFIED
dataset_train_7_2.zip,2010,8,118f7ae1,2019-07-24,137005795,cyan,7_2/7_2_X0000_Y1800_S050_2019_07_24_x384_y512_64x64_49_cyan.npy,512,384,7_2_X0000_Y1800_S050_2019_07_24_x384_y512_64x64_49,4224,2131,author_grid_component:7_2_X0000_Y1750_S050,7_2_X0000_Y1800_S050,7_2,data/raw/phase3_5_references/7_2_X0000_Y1800_S050_2019_07_24_x384_y512_64x64_49_cyan.npy,5d8f0b1a9c5e141d6e6f039be484c065e22ec6b9d554fc42c3ddcfd643eea6f2,4096,0,3073,1023,0,24.9755859375,DECODED_CRC_VERIFIED
dataset_train_7_2.zip,2245,8,de948fb5,2019-07-24,154975823,cyan,7_2/7_2_X0000_Y1800_S050_2019_07_24_x384_y576_64x64_50_cyan.npy,576,384,7_2_X0000_Y1800_S050_2019_07_24_x384_y576_64x64_50,4224,2366,author_grid_component:7_2_X0000_Y1750_S050,7_2_X0000_Y1800_S050,7_2,data/raw/phase3_5_references/7_2_X0000_Y1800_S050_2019_07_24_x384_y576_64x64_50_cyan.npy,32f0a0787158179a8f1c98f029965329d135cfa34edfd3e18e981159def1f229,4096,0,1726,2370,0,57.861328125,DECODED_CRC_VERIFIED
dataset_train_7_2.zip,1942,8,b562b757,2019-07-24,322695659,cyan,7_2/7_2_X0000_Y1800_S050_2019_07_24_x384_y640_64x64_51_cyan.npy,640,384,7_2_X0000_Y1800_S050_2019_07_24_x384_y640_64x64_51,4224,2063,author_grid_component:7_2_X0000_Y1750_S050,7_2_X0000_Y1800_S050,7_2,data/raw/phase3_5_references/7_2_X0000_Y1800_S050_2019_07_24_x384_y640_64x64_51_cyan.npy,00c4bfb29c041def6e27098aa3665223f4f65ab11e28fad5e22036af13c2d651,4096,0,1595,2501,0,61.0595703125,DECODED_CRC_VERIFIED
dataset_train_7_2.zip,1685,8,fb7880c6,2019-07-24,574578069,cyan,7_2/7_2_X0000_Y1800_S050_2019_07_24_x384_y64_64x64_42_cyan.npy,64,384,7_2_X0000_Y1800_S050_2019_07_24_x384_y64_64x64_42,4224,1805,author_grid_component:7_2_X0000_Y1750_S050,7_2_X0000_Y1800_S050,7_2,data/raw/phase3_5_references/7_2_X0000_Y1800_S050_2019_07_24_x384_y64_64x64_42_cyan.npy,a35d2d59e80fd46743e8a5f7ac7fe3ee6ca8c274249c356c60d711f918b230b8,3374,91,3277,6,722,0.17783046828689983,DECODED_CRC_VERIFIED
dataset_train_7_2.zip,1948,8,1f9dc0f6,2019-07-24,50368811,cyan,7_2/7_2_X0000_Y1800_S050_2019_07_24_x448_y256_64x64_56_cyan.npy,256,448,7_2_X0000_Y1800_S050_2019_07_24_x448_y256_64x64_56,4224,2069,author_grid_component:7_2_X0000_Y1750_S050,7_2_X0000_Y1800_S050,7_2,data/raw/phase3_5_references/7_2_X0000_Y1800_S050_2019_07_24_x448_y256_64x64_56_cyan.npy,e1d19ad3df577fdcf35c242fe29bebeeaea54d2a81de6f0f1ce0c6bf73cb711b,4096,0,1744,2352,0,57.421875,DECODED_CRC_VERIFIED
dataset_train_7_2.zip,1678,8,932dd774,2019-07-24,66761395,cyan,7_2/7_2_X0000_Y1800_S050_2019_07_24_x448_y320_64x64_57_cyan.npy,320,448,7_2_X0000_Y1800_S050_2019_07_24_x448_y320_64x64_57,4224,1799,author_grid_component:7_2_X0000_Y1750_S050,7_2_X0000_Y1800_S050,7_2,data/raw/phase3_5_references/7_2_X0000_Y1800_S050_2019_07_24_x448_y320_64x64_57_cyan.npy,c86997a0f1ce2dfc04c11bcfaf271328a6dd250e7cbb4bae34616f9380e8f29b,4096,0,2447,1649,0,40.2587890625,DECODED_CRC_VERIFIED
dataset_train_7_2.zip,2013,8,a81b9608,2019-07-24,130692066,cyan,7_2/7_2_X0000_Y1800_S050_2019_07_24_x448_y384_64x64_58_cyan.npy,384,448,7_2_X0000_Y1800_S050_2019_07_24_x448_y384_64x64_58,4224,2134,author_grid_component:7_2_X0000_Y1750_S050,7_2_X0000_Y1800_S050,7_2,data/raw/phase3_5_references/7_2_X0000_Y1800_S050_2019_07_24_x448_y384_64x64_58_cyan.npy,7456dd7c012d37a184db029c35b23edc6e290cbbf84e63bc6c4854f7cf0a39d8,4096,20,3491,585,0,14.2822265625,DECODED_CRC_VERIFIED
dataset_train_7_2.zip,1947,8,1639feef,2019-07-24,77535787,cyan,7_2/7_2_X0000_Y1800_S050_2019_07_24_x448_y512_64x64_60_cyan.npy,512,448,7_2_X0000_Y1800_S050_2019_07_24_x448_y512_64x64_60,4224,2068,author_grid_component:7_2_X0000_Y1750_S050,7_2_X0000_Y1800_S050,7_2,data/raw/phase3_5_references/7_2_X0000_Y1800_S050_2019_07_24_x448_y512_64x64_60_cyan.npy,d2a92be58f66faff0453f026b5c8937e10a1ccbb668a07c59fba43fc3b51568b,4096,0,2692,1404,0,34.27734375,DECODED_CRC_VERIFIED
dataset_train_7_2.zip,1939,8,af41f11f,2019-07-24,395214848,cyan,7_2/7_2_X0000_Y1800_S050_2019_07_24_x448_y576_64x64_61_cyan.npy,576,448,7_2_X0000_Y1800_S050_2019_07_24_x448_y576_64x64_61,4224,2060,author_grid_component:7_2_X0000_Y1750_S050,7_2_X0000_Y1800_S050,7_2,data/raw/phase3_5_references/7_2_X0000_Y1800_S050_2019_07_24_x448_y576_64x64_61_cyan.npy,8df9afc694df0e71f7b32114707c64e021c6c103c2a3ff4f241f6ab7f40cb4a2,4096,1,2023,2072,0,50.5859375,DECODED_CRC_VERIFIED
dataset_train_7_2.zip,2129,8,86592d9d,2019-07-24,423345112,cyan,7_2/7_2_X0000_Y1800_S050_2019_07_24_x448_y640_64x64_62_cyan.npy,640,448,7_2_X0000_Y1800_S050_2019_07_24_x448_y640_64x64_62,4224,2250,author_grid_component:7_2_X0000_Y1750_S050,7_2_X0000_Y1800_S050,7_2,data/raw/phase3_5_references/7_2_X0000_Y1800_S050_2019_07_24_x448_y640_64x64_62_cyan.npy,0cb3ccc420201c27570baf6ad5d32edabad7af3224de967ab862e7e8d9d887e0,4096,0,2105,1991,0,48.6083984375,DECODED_CRC_VERIFIED
dataset_train_7_2.zip,2436,8,ca7c7332,2019-07-24,497104637,cyan,7_2/7_2_X0000_Y1800_S050_2019_07_24_x512_y128_64x64_65_cyan.npy,128,512,7_2_X0000_Y1800_S050_2019_07_24_x512_y128_64x64_65,4224,2557,author_grid_component:7_2_X0000_Y1750_S050,7_2_X0000_Y1800_S050,7_2,data/raw/phase3_5_references/7_2_X0000_Y1800_S050_2019_07_24_x512_y128_64x64_65_cyan.npy,5b6bf7434894073a830ce5bbd746ffc274f355a509ee2d27ba7655e8e994f07a,4096,31,3675,390,0,9.521484375,DECODED_CRC_VERIFIED
dataset_train_7_2.zip,1988,8,150e74f1,2019-07-24,78798921,cyan,7_2/7_2_X0000_Y1800_S050_2019_07_24_x512_y192_64x64_66_cyan.npy,192,512,7_2_X0000_Y1800_S050_2019_07_24_x512_y192_64x64_66,4224,2109,author_grid_component:7_2_X0000_Y1750_S050,7_2_X0000_Y1800_S050,7_2,data/raw/phase3_5_references/7_2_X0000_Y1800_S050_2019_07_24_x512_y192_64x64_66_cyan.npy,d8493df3fd65cdcd93cb530d9bb2d7665ad03588c606605f65b995f24aa825a8,4096,0,3267,829,0,20.2392578125,DECODED_CRC_VERIFIED
dataset_train_7_2.zip,1844,8,548f2efd,2019-07-24,831309425,cyan,7_2/7_2_X0000_Y1800_S050_2019_07_24_x512_y256_64x64_67_cyan.npy,256,512,7_2_X0000_Y1800_S050_2019_07_24_x512_y256_64x64_67,4224,1965,author_grid_component:7_2_X0000_Y1750_S050,7_2_X0000_Y1800_S050,7_2,data/raw/phase3_5_references/7_2_X0000_Y1800_S050_2019_07_24_x512_y256_64x64_67_cyan.npy,bd12594fb7d81420414f59ea3aacfaa7911337a7357e7ba319e15e3bfe96b7e0,4096,0,1560,2536,0,61.9140625,DECODED_CRC_VERIFIED
dataset_train_7_2.zip,2158,8,c226f126,2019-07-24,8234677,cyan,7_2/7_2_X0000_Y1800_S050_2019_07_24_x512_y320_64x64_68_cyan.npy,320,512,7_2_X0000_Y1800_S050_2019_07_24_x512_y320_64x64_68,4224,2279,author_grid_component:7_2_X0000_Y1750_S050,7_2_X0000_Y1800_S050,7_2,data/raw/phase3_5_references/7_2_X0000_Y1800_S050_2019_07_24_x512_y320_64x64_68_cyan.npy,d5a7bc28d68f7c7ffc0a6024ac3f2ceb9991c4a9701d26b3de9f9f58e2ed3bd4,4096,0,2260,1836,0,44.82421875,DECODED_CRC_VERIFIED
dataset_train_7_2.zip,1993,8,67f678c8,2019-07-24,776942903,cyan,7_2/7_2_X0000_Y1800_S050_2019_07_24_x512_y384_64x64_69_cyan.npy,384,512,7_2_X0000_Y1800_S050_2019_07_24_x512_y384_64x64_69,4224,2114,author_grid_component:7_2_X0000_Y1750_S050,7_2_X0000_Y1800_S050,7_2,data/raw/phase3_5_references/7_2_X0000_Y1800_S050_2019_07_24_x512_y384_64x64_69_cyan.npy,3d1d7d578c7c76fca8643e7f933b0b66adf9aeaa38e86c80713b790447fc672d,4096,0,3935,161,0,3.9306640625,DECODED_CRC_VERIFIED
dataset_train_7_2.zip,1943,8,91adb1bc,2019-07-24,69397497,cyan,7_2/7_2_X0000_Y1800_S050_2019_07_24_x512_y640_64x64_73_cyan.npy,640,512,7_2_X0000_Y1800_S050_2019_07_24_x512_y640_64x64_73,4224,2064,author_grid_component:7_2_X0000_Y1750_S050,7_2_X0000_Y1800_S050,7_2,data/raw/phase3_5_references/7_2_X0000_Y1800_S050_2019_07_24_x512_y640_64x64_73_cyan.npy,07ad547ac898f5cb54bdb298956e371c8e96761420e5c06243729ac199bb0783,4096,0,2226,1870,0,45.654296875,DECODED_CRC_VERIFIED
dataset_train_7_2.zip,1972,8,66c68bc9,2019-07-24,390392330,cyan,7_2/7_2_X0000_Y1800_S050_2019_07_24_x576_y0_64x64_74_cyan.npy,0,576,7_2_X0000_Y1800_S050_2019_07_24_x576_y0_64x64_74,4224,2091,author_grid_component:7_2_X0000_Y1750_S050,7_2_X0000_Y1800_S050,7_2,data/raw/phase3_5_references/7_2_X0000_Y1800_S050_2019_07_24_x576_y0_64x64_74_cyan.npy,669b271b61ba594a552ded73ba12e51fe70306bf9b4fac091f852a897e8021db,4096,0,4064,32,0,0.78125,DECODED_CRC_VERIFIED
dataset_train_7_2.zip,2338,8,9384d58d,2019-07-24,752380517,cyan,7_2/7_2_X0000_Y1800_S050_2019_07_24_x576_y128_64x64_76_cyan.npy,128,576,7_2_X0000_Y1800_S050_2019_07_24_x576_y128_64x64_76,4224,2459,author_grid_component:7_2_X0000_Y1750_S050,7_2_X0000_Y1800_S050,7_2,data/raw/phase3_5_references/7_2_X0000_Y1800_S050_2019_07_24_x576_y128_64x64_76_cyan.npy,21b414f18b1edc0836c190aace6b22220d857c9547416863b927fabddc936a35,4095,26,2896,1173,1,28.644688644688646,DECODED_CRC_VERIFIED
dataset_train_7_2.zip,2328,8,7fea59ec,2019-07-24,238320317,cyan,7_2/7_2_X0000_Y1800_S050_2019_07_24_x576_y192_64x64_77_cyan.npy,192,576,7_2_X0000_Y1800_S050_2019_07_24_x576_y192_64x64_77,4224,2449,author_grid_component:7_2_X0000_Y1750_S050,7_2_X0000_Y1800_S050,7_2,data/raw/phase3_5_references/7_2_X0000_Y1800_S050_2019_07_24_x576_y192_64x64_77_cyan.npy,aabd137de016c92f216a00512db9764b6058869bdc2fa4ecbc67ac04d9025b08,4094,0,2222,1872,2,45.725451880801174,DECODED_CRC_VERIFIED
dataset_train_7_2.zip,1697,8,1500aad6,2019-07-24,346802354,cyan,7_2/7_2_X0000_Y1800_S050_2019_07_24_x576_y256_64x64_78_cyan.npy,256,576,7_2_X0000_Y1800_S050_2019_07_24_x576_y256_64x64_78,4224,1818,author_grid_component:7_2_X0000_Y1750_S050,7_2_X0000_Y1800_S050,7_2,data/raw/phase3_5_references/7_2_X0000_Y1800_S050_2019_07_24_x576_y256_64x64_78_cyan.npy,63bee3f93a74519dcb9ba946ccf2cd7e910c8a0966377939edd87f2a08911f63,4096,0,1913,2183,0,53.2958984375,DECODED_CRC_VERIFIED
dataset_train_7_2.zip,1373,8,35237c37,2019-07-24,57056173,cyan,7_2/7_2_X0000_Y1800_S050_2019_07_24_x576_y320_64x64_79_cyan.npy,320,576,7_2_X0000_Y1800_S050_2019_07_24_x576_y320_64x64_79,4224,1494,author_grid_component:7_2_X0000_Y1750_S050,7_2_X0000_Y1800_S050,7_2,data/raw/phase3_5_references/7_2_X0000_Y1800_S050_2019_07_24_x576_y320_64x64_79_cyan.npy,42f99d525084dd52baf1d9838b5f6e215cf94421ed4b751a53a5d3a056cc0fde,4096,0,2333,1763,0,43.0419921875,DECODED_CRC_VERIFIED
dataset_train_7_2.zip,1936,8,c3be5c1e,2019-07-24,22556566,cyan,7_2/7_2_X0000_Y1800_S050_2019_07_24_x576_y384_64x64_80_cyan.npy,384,576,7_2_X0000_Y1800_S050_2019_07_24_x576_y384_64x64_80,4224,2057,author_grid_component:7_2_X0000_Y1750_S050,7_2_X0000_Y1800_S050,7_2,data/raw/phase3_5_references/7_2_X0000_Y1800_S050_2019_07_24_x576_y384_64x64_80_cyan.npy,a31407f99d2aa7a5eef50276074861e86aa25fe5ff2d6cc160959872bb347572,4096,0,2505,1591,0,38.8427734375,DECODED_CRC_VERIFIED
dataset_train_7_2.zip,1448,8,5922be5d,2019-07-24,400948799,cyan,7_2/7_2_X0000_Y1800_S050_2019_07_24_x64_y512_64x64_6_cyan.npy,512,64,7_2_X0000_Y1800_S050_2019_07_24_x64_y512_64x64_6,4224,1567,author_grid_component:7_2_X0000_Y1750_S050,7_2_X0000_Y1800_S050,7_2,data/raw/phase3_5_references/7_2_X0000_Y1800_S050_2019_07_24_x64_y512_64x64_6_cyan.npy,786dcf0c26d5d39ee5d56ea94e463d040c78382a8d5ba2787825e5efad9cebe3,2068,155,1847,66,2028,3.1914893617021276,DECODED_CRC_VERIFIED
dataset_train_7_2.zip,1284,8,0d3fa83f,2019-07-24,57059027,cyan,7_2/7_2_X0000_Y1800_S050_2019_07_24_x64_y576_64x64_7_cyan.npy,576,64,7_2_X0000_Y1800_S050_2019_07_24_x64_y576_64x64_7,4224,1403,author_grid_component:7_2_X0000_Y1750_S050,7_2_X0000_Y1800_S050,7_2,data/raw/phase3_5_references/7_2_X0000_Y1800_S050_2019_07_24_x64_y576_64x64_7_cyan.npy,08ca378df5cbfa4241c4c701a1b5abd008cff1b037a745f7487df6401fd2c8d8,2255,0,2215,40,1841,1.7738359201773837,DECODED_CRC_VERIFIED
dataset_train_7_2.zip,2264,8,b1a984aa,2019-07-24,763588230,cyan,7_2/7_2_X0000_Y1800_S050_2019_07_24_x64_y640_64x64_8_cyan.npy,640,64,7_2_X0000_Y1800_S050_2019_07_24_x64_y640_64x64_8,4224,2383,author_grid_component:7_2_X0000_Y1750_S050,7_2_X0000_Y1800_S050,7_2,data/raw/phase3_5_references/7_2_X0000_Y1800_S050_2019_07_24_x64_y640_64x64_8_cyan.npy,efbd1b4634021d856720d829473d6fa37492c330b507a9d69544837b60b4fc23,3892,105,3054,733,204,18.83350462487153,DECODED_CRC_VERIFIED
dataset_train_7_2.zip,2113,8,6c57c504,2019-07-24,815320119,cyan,7_2/7_2_X0050_Y1800_S050_2019_07_24_x320_y0_64x64_56_cyan.npy,0,320,7_2_X0050_Y1800_S050_2019_07_24_x320_y0_64x64_56,4224,2232,author_grid_component:7_2_X0000_Y1750_S050,7_2_X0050_Y1800_S050,7_2,data/raw/phase3_5_references/7_2_X0050_Y1800_S050_2019_07_24_x320_y0_64x64_56_cyan.npy,5cdfa28fdd489a190171d2aae1918e079eadd2ce7159adad1128105b7464b451,3775,0,3742,33,321,0.8741721854304636,DECODED_CRC_VERIFIED
dataset_train_7_2.zip,590,8,87cce596,2019-07-24,338828153,cyan,7_2/7_2_X0050_Y1800_S050_2019_07_24_x384_y0_64x64_67_cyan.npy,0,384,7_2_X0050_Y1800_S050_2019_07_24_x384_y0_64x64_67,4224,709,author_grid_component:7_2_X0000_Y1750_S050,7_2_X0050_Y1800_S050,7_2,data/raw/phase3_5_references/7_2_X0050_Y1800_S050_2019_07_24_x384_y0_64x64_67_cyan.npy,67a7ebf346fa82a2ebba5797a5457e8e152e9a1d04815b9dd5c0bfbee7d5eec6,313,0,304,9,3783,2.8753993610223643,DECODED_CRC_VERIFIED
dataset_train_7_2.zip,1499,8,ee55aa75,2019-07-24,375920900,cyan,7_2/7_2_X0050_Y1800_S050_2019_07_24_x384_y128_64x64_69_cyan.npy,128,384,7_2_X0050_Y1800_S050_2019_07_24_x384_y128_64x64_69,4224,1620,author_grid_component:7_2_X0000_Y1750_S050,7_2_X0050_Y1800_S050,7_2,data/raw/phase3_5_references/7_2_X0050_Y1800_S050_2019_07_24_x384_y128_64x64_69_cyan.npy,53e73d21ebb09c950ae6324acbd6a173c51214b25318d9a1a422ebb8e17986f0,1971,0,1960,11,2125,0.5580923389142567,DECODED_CRC_VERIFIED
dataset_train_7_2.zip,1193,8,4191d632,2019-07-24,252349715,cyan,7_2/7_2_X0050_Y1800_S050_2019_07_24_x384_y64_64x64_68_cyan.npy,64,384,7_2_X0050_Y1800_S050_2019_07_24_x384_y64_64x64_68,4224,1313,author_grid_component:7_2_X0000_Y1750_S050,7_2_X0050_Y1800_S050,7_2,data/raw/phase3_5_references/7_2_X0050_Y1800_S050_2019_07_24_x384_y64_64x64_68_cyan.npy,e8999fb53b6fdf8de6db7e416245a944f8133c64cc01fb98055601bd06ddfc6d,1161,0,1158,3,2935,0.25839793281653745,DECODED_CRC_VERIFIED
dataset_train_7_2.zip,1829,8,ab72af01,2019-07-24,82664526,cyan,7_2/7_2_X0050_Y1850_S050_2019_07_24_x640_y0_64x64_111_cyan.npy,0,640,7_2_X0050_Y1850_S050_2019_07_24_x640_y0_64x64_111,4224,1949,author_grid_component:7_2_X0000_Y1750_S050,7_2_X0050_Y1850_S050,7_2,data/raw/phase3_5_references/7_2_X0050_Y1850_S050_2019_07_24_x640_y0_64x64_111_cyan.npy,1653f9eece72aa25ff2e740242399898f9e112acac54b854ca010e0b0b6a3294,4096,46,3953,97,0,2.3681640625,DECODED_CRC_VERIFIED
dataset_train_7_2.zip,1458,8,e6963d17,2019-07-24,412585850,cyan,7_2/7_2_X0050_Y1900_S050_2019_07_24_x0_y0_64x64_1_cyan.npy,0,0,7_2_X0050_Y1900_S050_2019_07_24_x0_y0_64x64_1,4224,1574,author_grid_component:7_2_X0000_Y1750_S050,7_2_X0050_Y1900_S050,7_2,data/raw/phase3_5_references/7_2_X0050_Y1900_S050_2019_07_24_x0_y0_64x64_1_cyan.npy,c19368b71454813edaa615a3a7b5efdd3eb8dbbb47658b31c3f6fe51177fdfe8,3212,0,2187,1025,884,31.911581569115814,DECODED_CRC_VERIFIED
dataset_train_7_2.zip,1678,8,bf9f7534,2019-07-24,188421226,cyan,7_2/7_2_X0050_Y1900_S050_2019_07_24_x0_y64_64x64_2_cyan.npy,64,0,7_2_X0050_Y1900_S050_2019_07_24_x0_y64_64x64_2,4224,1795,author_grid_component:7_2_X0000_Y1750_S050,7_2_X0050_Y1900_S050,7_2,data/raw/phase3_5_references/7_2_X0050_Y1900_S050_2019_07_24_x0_y64_64x64_2_cyan.npy,1c32d4e89d4e389fdbf4d2c6eaac0de05c52c0e0b8c57872f8698fa23d2ae3c7,4093,0,3329,764,3,18.66601514781334,DECODED_CRC_VERIFIED
dataset_train_7_2.zip,1330,8,457d2018,2019-07-24,508797731,cyan,7_2/7_2_X0050_Y1900_S050_2019_07_24_x128_y128_64x64_23_cyan.npy,128,128,7_2_X0050_Y1900_S050_2019_07_24_x128_y128_64x64_23,4224,1451,author_grid_component:7_2_X0000_Y1750_S050,7_2_X0050_Y1900_S050,7_2,data/raw/phase3_5_references/7_2_X0050_Y1900_S050_2019_07_24_x128_y128_64x64_23_cyan.npy,5faa9f09e13fe8491d294c927722497776d7e944b1ef16c58ac33ce17e367a19,2101,1092,872,137,1995,6.520704426463589,DECODED_CRC_VERIFIED
dataset_train_7_2.zip,1394,8,a0548d41,2019-07-24,64011232,cyan,7_2/7_2_X0050_Y1900_S050_2019_07_24_x128_y192_64x64_24_cyan.npy,192,128,7_2_X0050_Y1900_S050_2019_07_24_x128_y192_64x64_24,4224,1515,author_grid_component:7_2_X0000_Y1750_S050,7_2_X0050_Y1900_S050,7_2,data/raw/phase3_5_references/7_2_X0050_Y1900_S050_2019_07_24_x128_y192_64x64_24_cyan.npy,fe150bc7769a6c419b0bf05f57207fb162d5ad0826e69eba60eb17609a99c0a1,2915,609,2080,226,1181,7.753001715265866,DECODED_CRC_VERIFIED
dataset_train_7_2.zip,1919,8,feac5adc,2019-07-24,505575630,cyan,7_2/7_2_X0050_Y1900_S050_2019_07_24_x64_y128_64x64_13_cyan.npy,128,64,7_2_X0050_Y1900_S050_2019_07_24_x64_y128_64x64_13,4224,2039,author_grid_component:7_2_X0000_Y1750_S050,7_2_X0050_Y1900_S050,7_2,data/raw/phase3_5_references/7_2_X0050_Y1900_S050_2019_07_24_x64_y128_64x64_13_cyan.npy,f55a9704a06b4c95080ef652e3ccf8d703a795d2b81cc5bc76be015d2178028f,4046,17,2984,1045,50,25.82797825012358,DECODED_CRC_VERIFIED
dataset_train_7_2.zip,1068,8,3ace6e43,2019-07-24,546682580,cyan,7_2/7_2_X0050_Y1900_S050_2019_07_24_x64_y64_64x64_12_cyan.npy,64,64,7_2_X0050_Y1900_S050_2019_07_24_x64_y64_64x64_12,4224,1187,author_grid_component:7_2_X0000_Y1750_S050,7_2_X0050_Y1900_S050,7_2,data/raw/phase3_5_references/7_2_X0050_Y1900_S050_2019_07_24_x64_y64_64x64_12_cyan.npy,aa620309c57376b233935bc931cb6194ad40e8c9ba1e00a30368f7e548bbab92,1895,337,1021,537,2201,28.337730870712402,DECODED_CRC_VERIFIED
dataset_train_7_2.zip,182,8,750f3d7f,2019-07-14,330077322,cyan,7_2/7_2_X0100_Y1900_S050_2019_07_14_x192_y0_64x64_34_cyan.npy,0,192,7_2_X0100_Y1900_S050_2019_07_14_x192_y0_64x64_34,4224,301,author_grid_component:7_2_X0000_Y1750_S050,7_2_X0100_Y1900_S050,7_2,data/raw/phase3_5_references/7_2_X0100_Y1900_S050_2019_07_14_x192_y0_64x64_34_cyan.npy,05b79977ac6741ddf5efd0b3bc26442ec2f2d68fff99d67f2dac792cfda2c929,3340,3253,30,57,756,1.7065868263473054,DECODED_CRC_VERIFIED
dataset_train_7_2.zip,161,8,db202dc4,2019-07-24,529726091,cyan,7_2/7_2_X0100_Y1900_S050_2019_07_24_x192_y0_64x64_34_cyan.npy,0,192,7_2_X0100_Y1900_S050_2019_07_24_x192_y0_64x64_34,4224,280,author_grid_component:7_2_X0000_Y1750_S050,7_2_X0100_Y1900_S050,7_2,data/raw/phase3_5_references/7_2_X0100_Y1900_S050_2019_07_24_x192_y0_64x64_34_cyan.npy,7c9e92310fa49e7af0f170f99cec43e732c2c1cc2b6f3a67100c2fcfddca48c8,3353,3264,0,89,743,2.6543393975544287,DECODED_CRC_VERIFIED
dataset_train_7_2.zip,1399,8,0d75bcf0,2019-10-09,227345071,cyan,7_2/7_2_X1050_Y1550_S050_2019_10_09_x128_y320_64x64_8_cyan.npy,320,128,7_2_X1050_Y1550_S050_2019_10_09_x128_y320_64x64_8,4224,1519,author_grid_component:7_2_X1050_Y1550_S050,7_2_X1050_Y1550_S050,7_2,data/raw/phase3_5_references/7_2_X1050_Y1550_S050_2019_10_09_x128_y320_64x64_8_cyan.npy,ba79c5858f7744bedc708d4571c9d0768bac13ac90b2a5193dead535f06a7ae5,2472,49,2391,32,1624,1.2944983818770226,DECODED_CRC_VERIFIED
dataset_train_7_2.zip,421,8,edf06488,2019-10-09,474365224,cyan,7_2/7_2_X1050_Y1550_S050_2019_10_09_x128_y384_64x64_9_cyan.npy,384,128,7_2_X1050_Y1550_S050_2019_10_09_x128_y384_64x64_9,4224,541,author_grid_component:7_2_X1050_Y1550_S050,7_2_X1050_Y1550_S050,7_2,data/raw/phase3_pilot/7_2_X1050_Y1550_S050_2019_10_09_x128_y384_64x64_9_cyan.npy,9d62d7a4212edbd31a43b03e9d46d213bcdebc9deb3cc79378af593ae78ab237,703,0,695,8,3393,1.1379800853485065,DECODED_CRC_VERIFIED
dataset_train_7_2.zip,1859,8,9122d4a3,2019-10-09,732360013,cyan,7_2/7_2_X1050_Y1550_S050_2019_10_09_x192_y320_64x64_10_cyan.npy,320,192,7_2_X1050_Y1550_S050_2019_10_09_x192_y320_64x64_10,4224,1980,author_grid_component:7_2_X1050_Y1550_S050,7_2_X1050_Y1550_S050,7_2,data/raw/phase3_5_references/7_2_X1050_Y1550_S050_2019_10_09_x192_y320_64x64_10_cyan.npy,fda1fae95892bf7089121935ff7e46da7ef4ececfcb5e16900b075c855a799ef,2917,119,2725,73,1179,2.5025711347274595,DECODED_CRC_VERIFIED
dataset_train_7_2.zip,2066,8,308e34f2,2019-10-09,224290034,cyan,7_2/7_2_X1050_Y1550_S050_2019_10_09_x192_y384_64x64_11_cyan.npy,384,192,7_2_X1050_Y1550_S050_2019_10_09_x192_y384_64x64_11,4224,2187,author_grid_component:7_2_X1050_Y1550_S050,7_2_X1050_Y1550_S050,7_2,data/raw/phase3_5_references/7_2_X1050_Y1550_S050_2019_10_09_x192_y384_64x64_11_cyan.npy,a46691be9b149078af1d43739fd0604e6bfae62f4aa289deb8839fdbff1f0acc,4096,0,3977,119,0,2.9052734375,DECODED_CRC_VERIFIED
dataset_train_7_5.zip,2503,8,d3263a1f,2020-06-22,590975576,cyan,7_5/7_5_X1200_Y0300_S050_2020_06_22_x256_y192_64x64_19_cyan.npy,192,256,7_5_X1200_Y0300_S050_2020_06_22_x256_y192_64x64_19,4224,2624,author_grid_component:7_5_X1150_Y0350_S050,7_5_X1200_Y0300_S050,7_5,data/raw/phase3_5_references/7_5_X1200_Y0300_S050_2020_06_22_x256_y192_64x64_19_cyan.npy,8a2151bb1549440c8c59721373cb95cc1d351248f9713368e3e93ade2739526b,4041,189,3623,229,55,5.6669141301658,DECODED_CRC_VERIFIED
dataset_test.zip,4224,0,97733e71,2019-04-24,6532344206,cyan,7_5_X1300_Y0900_S050_2019_04_24_x704_y256_64x64_26_cyan.npy,256,704,7_5_X1300_Y0900_S050_2019_04_24_x704_y256_64x64_26,4224,4313,author_grid_component:7_5_X1300_Y0900_S050,7_5_X1300_Y0900_S050,7_5,data/raw/phase3_5_references/7_5_X1300_Y0900_S050_2019_04_24_x704_y256_64x64_26_cyan.npy,ba92cfb36e7cafa7cbfbb269f77e910c2dce34970718590098b9e7ded202e93a,1047,0,994,53,3049,5.062082139446036,DECODED_CRC_VERIFIED
dataset_test.zip,4224,0,26bdae88,2019-11-30,6313825062,cyan,7_5_X1300_Y0900_S050_2019_11_30_x448_y64_64x64_12_cyan.npy,64,448,7_5_X1300_Y0900_S050_2019_11_30_x448_y64_64x64_12,4224,4312,author_grid_component:7_5_X1300_Y0900_S050,7_5_X1300_Y0900_S050,7_5,data/raw/phase3_5_references/7_5_X1300_Y0900_S050_2019_11_30_x448_y64_64x64_12_cyan.npy,a2681b7fe108fb6d034a6159710c548fc8a21d09ebd237491317ee9c74cfdb5d,1886,0,1861,25,2210,1.325556733828208,DECODED_CRC_VERIFIED
dataset_test.zip,4224,0,136b4b32,2019-04-24,5198912456,cyan,7_5_X1300_Y0950_S050_2019_04_24_x0_y320_64x64_6_cyan.npy,320,0,7_5_X1300_Y0950_S050_2019_04_24_x0_y320_64x64_6,4224,4310,author_grid_component:7_5_X1300_Y0900_S050,7_5_X1300_Y0950_S050,7_5,data/raw/phase3_5_references/7_5_X1300_Y0950_S050_2019_04_24_x0_y320_64x64_6_cyan.npy,d017661991e48704bf3990f0aa8802c23ff4b8e1bea70e53735be969eeaf2a63,2777,0,2572,205,1319,7.382066978754051,DECODED_CRC_VERIFIED
dataset_test.zip,4224,0,f619613c,2020-10-15,6357220180,cyan,7_5_X1500_Y0550_S050_2020_10_15_x64_y256_64x64_15_cyan.npy,256,64,7_5_X1500_Y0550_S050_2020_10_15_x64_y256_64x64_15,4224,4312,author_grid_component:7_5_X1450_Y0500_S050,7_5_X1500_Y0550_S050,7_5,data/raw/phase3_5_references/7_5_X1500_Y0550_S050_2020_10_15_x64_y256_64x64_15_cyan.npy,ad74c825d585f66559578f6a96d4ae18c975dab088e343bedac879308945b833,4070,0,4054,16,26,0.3931203931203931,DECODED_CRC_VERIFIED
dataset_test.zip,4224,0,926b83ab,2020-12-09,6364726932,cyan,7_5_X1500_Y0550_S050_2020_12_09_x128_y192_64x64_24_cyan.npy,192,128,7_5_X1500_Y0550_S050_2020_12_09_x128_y192_64x64_24,4224,4313,author_grid_component:7_5_X1450_Y0500_S050,7_5_X1500_Y0550_S050,7_5,data/raw/phase3_5_references/7_5_X1500_Y0550_S050_2020_12_09_x128_y192_64x64_24_cyan.npy,c6f9b059d0ac06eacdc89282d18edf49f0dbc1531137ce8842326907afc6ec24,3887,0,3815,72,209,1.852328273732956,DECODED_CRC_VERIFIED
dataset_test.zip,4224,0,48428f85,2019-01-06,907910026,cyan,7_5_X1800_Y1700_S050_2019_01_06_x576_y384_64x64_19_cyan.npy,384,576,7_5_X1800_Y1700_S050_2019_01_06_x576_y384_64x64_19,4224,4313,author_grid_component:7_5_X1800_Y1700_S050,7_5_X1800_Y1700_S050,7_5,data/raw/phase3_5_references/7_5_X1800_Y1700_S050_2019_01_06_x576_y384_64x64_19_cyan.npy,9601e6ea4e850c48cef0e5dea1af45100c3edf3bb239c1a6f8d968371731efaf,3813,0,889,2924,283,76.68502491476528,DECODED_CRC_VERIFIED
dataset_test.zip,4224,0,97cd36b2,2019-01-06,908424196,cyan,7_5_X1800_Y1700_S050_2019_01_06_x640_y448_64x64_24_cyan.npy,448,640,7_5_X1800_Y1700_S050_2019_01_06_x640_y448_64x64_24,4224,4313,author_grid_component:7_5_X1800_Y1700_S050,7_5_X1800_Y1700_S050,7_5,data/raw/phase3_5_references/7_5_X1800_Y1700_S050_2019_01_06_x640_y448_64x64_24_cyan.npy,e6dfe974a612680e305c66c0293048ca5a13f7f0b6f4627919369a8abcb3d498,2896,0,295,2601,1200,89.81353591160222,DECODED_CRC_VERIFIED
dataset_test.zip,4224,0,b8458f5f,2019-01-11,905442036,cyan,7_5_X1800_Y1700_S050_2019_01_11_x640_y448_64x64_22_cyan.npy,448,640,7_5_X1800_Y1700_S050_2019_01_11_x640_y448_64x64_22,4224,4313,author_grid_component:7_5_X1800_Y1700_S050,7_5_X1800_Y1700_S050,7_5,data/raw/phase3_5_references/7_5_X1800_Y1700_S050_2019_01_11_x640_y448_64x64_22_cyan.npy,051db9de37f5a2670ec5ee9c9d201bb4a78c4bb24a3c0f47a2c84a34e7f2e397,3458,0,1083,2375,638,68.68131868131869,DECODED_CRC_VERIFIED
dataset_test.zip,4224,0,46bcb34f,2019-01-21,6061370762,cyan,7_5_X1800_Y1700_S050_2019_01_21_x512_y384_64x64_20_cyan.npy,384,512,7_5_X1800_Y1700_S050_2019_01_21_x512_y384_64x64_20,4224,4313,author_grid_component:7_5_X1800_Y1700_S050,7_5_X1800_Y1700_S050,7_5,data/raw/phase3_5_references/7_5_X1800_Y1700_S050_2019_01_21_x512_y384_64x64_20_cyan.npy,284f1f1a23e188544dc6579ecfb96ceb21c967f555343502ff01b4f713a56a0a,3111,0,2264,847,985,27.225972356155577,DECODED_CRC_VERIFIED
dataset_test.zip,4224,0,8ec1eda0,2019-01-21,6061987766,cyan,7_5_X1800_Y1700_S050_2019_01_21_x576_y512_64x64_26_cyan.npy,512,576,7_5_X1800_Y1700_S050_2019_01_21_x576_y512_64x64_26,4224,4313,author_grid_component:7_5_X1800_Y1700_S050,7_5_X1800_Y1700_S050,7_5,data/raw/phase3_5_references/7_5_X1800_Y1700_S050_2019_01_21_x576_y512_64x64_26_cyan.npy,ea26fb11d3f6ebbc179f6bd1b6dea99c96a18fc872367c63eefd6de1d5129fbf,2480,2313,30,137,1616,5.524193548387097,DECODED_CRC_VERIFIED
dataset_test.zip,4224,0,16d9d114,2019-01-21,6062707604,cyan,7_5_X1800_Y1700_S050_2019_01_21_x704_y448_64x64_33_cyan.npy,448,704,7_5_X1800_Y1700_S050_2019_01_21_x704_y448_64x64_33,4224,4313,author_grid_component:7_5_X1800_Y1700_S050,7_5_X1800_Y1700_S050,7_5,data/raw/phase3_5_references/7_5_X1800_Y1700_S050_2019_01_21_x704_y448_64x64_33_cyan.npy,baeff9ae2afc86fb3853e3fe0ad9078828e4ea45431c5c10e2a4cb74ae23103b,3359,0,708,2651,737,78.92229830306638,DECODED_CRC_VERIFIED
dataset_test.zip,4224,0,05cbce83,2019-01-21,6062810438,cyan,7_5_X1800_Y1700_S050_2019_01_21_x704_y512_64x64_34_cyan.npy,512,704,7_5_X1800_Y1700_S050_2019_01_21_x704_y512_64x64_34,4224,4313,author_grid_component:7_5_X1800_Y1700_S050,7_5_X1800_Y1700_S050,7_5,data/raw/phase3_5_references/7_5_X1800_Y1700_S050_2019_01_21_x704_y512_64x64_34_cyan.npy,314c4a8772d33ceb89c5b2b39803caedc9d7a6b5f2a25d13d6385bae84bf0158,431,0,252,179,3665,41.53132250580047,DECODED_CRC_VERIFIED
dataset_test.zip,4224,0,e59991b3,2019-02-05,902048546,cyan,7_5_X1800_Y1700_S050_2019_02_05_x576_y384_64x64_22_cyan.npy,384,576,7_5_X1800_Y1700_S050_2019_02_05_x576_y384_64x64_22,4224,4313,author_grid_component:7_5_X1800_Y1700_S050,7_5_X1800_Y1700_S050,7_5,data/raw/phase3_5_references/7_5_X1800_Y1700_S050_2019_02_05_x576_y384_64x64_22_cyan.npy,19ff75e755a6a9f01e2db335e988cc0a641bee95dfd43d885c29c93da7219572,4079,4,1497,2578,17,63.20176513851434,DECODED_CRC_VERIFIED
dataset_test.zip,4224,0,1498e290,2019-02-05,902871218,cyan,7_5_X1800_Y1700_S050_2019_02_05_x704_y384_64x64_30_cyan.npy,384,704,7_5_X1800_Y1700_S050_2019_02_05_x704_y384_64x64_30,4224,4313,author_grid_component:7_5_X1800_Y1700_S050,7_5_X1800_Y1700_S050,7_5,data/raw/phase3_5_references/7_5_X1800_Y1700_S050_2019_02_05_x704_y384_64x64_30_cyan.npy,a39ef63487d29312c0f1805ca0a5f6cad4c02fb0722eeef1c78253bbeb75e9c4,3998,0,2443,1555,98,38.894447223611806,DECODED_CRC_VERIFIED
dataset_test.zip,4224,0,c0a94937,2019-03-02,889811462,cyan,7_5_X1800_Y1700_S050_2019_03_02_x512_y448_64x64_18_cyan.npy,448,512,7_5_X1800_Y1700_S050_2019_03_02_x512_y448_64x64_18,4224,4313,author_grid_component:7_5_X1800_Y1700_S050,7_5_X1800_Y1700_S050,7_5,data/raw/phase3_5_references/7_5_X1800_Y1700_S050_2019_03_02_x512_y448_64x64_18_cyan.npy,188dcb25cda87378cfb051f550075067b3638bc7cc1a435f8b930e104d0da6c5,2390,0,363,2027,1706,84.81171548117155,DECODED_CRC_VERIFIED
dataset_test.zip,4224,0,7c376e71,2019-03-22,883024478,cyan,7_5_X1800_Y1700_S050_2019_03_22_x448_y384_64x64_14_cyan.npy,384,448,7_5_X1800_Y1700_S050_2019_03_22_x448_y384_64x64_14,4224,4313,author_grid_component:7_5_X1800_Y1700_S050,7_5_X1800_Y1700_S050,7_5,data/raw/phase3_5_references/7_5_X1800_Y1700_S050_2019_03_22_x448_y384_64x64_14_cyan.npy,5714a3699e36f4bdd0d75a0baa52c6af7680f0751b19415609d2fae4576b8df7,982,0,192,790,3114,80.44806517311609,DECODED_CRC_VERIFIED
dataset_test.zip,4224,0,a793ea22,2019-03-22,883744316,cyan,7_5_X1800_Y1700_S050_2019_03_22_x576_y384_64x64_21_cyan.npy,384,576,7_5_X1800_Y1700_S050_2019_03_22_x576_y384_64x64_21,4224,4313,author_grid_component:7_5_X1800_Y1700_S050,7_5_X1800_Y1700_S050,7_5,data/raw/phase3_5_references/7_5_X1800_Y1700_S050_2019_03_22_x576_y384_64x64_21_cyan.npy,054362d7f16b02d166f5d6affb1764063890bbc5abb04d357cc13b8e9b32ce23,3992,0,721,3271,104,81.93887775551102,DECODED_CRC_VERIFIED
dataset_test.zip,4224,0,312e245d,2019-03-27,879939492,cyan,7_5_X1800_Y1700_S050_2019_03_27_x448_y448_64x64_17_cyan.npy,448,448,7_5_X1800_Y1700_S050_2019_03_27_x448_y448_64x64_17,4224,4313,author_grid_component:7_5_X1800_Y1700_S050,7_5_X1800_Y1700_S050,7_5,data/raw/phase3_5_references/7_5_X1800_Y1700_S050_2019_03_27_x448_y448_64x64_17_cyan.npy,7fea0074bb86c66de7f04f52a0cc2b3e73193dc19508e3f14cfec5f511e78139,1233,0,354,879,2863,71.28953771289538,DECODED_CRC_VERIFIED
dataset_test.zip,4224,0,38c34130,2019-04-16,866982638,cyan,7_5_X1800_Y1700_S050_2019_04_16_x448_y384_64x64_14_cyan.npy,384,448,7_5_X1800_Y1700_S050_2019_04_16_x448_y384_64x64_14,4224,4313,author_grid_component:7_5_X1800_Y1700_S050,7_5_X1800_Y1700_S050,7_5,data/raw/phase3_5_references/7_5_X1800_Y1700_S050_2019_04_16_x448_y384_64x64_14_cyan.npy,9a521e58eaa1730e3d84c56317d4faa4491c2ef6bf5afe0e923c63f08317fec6,1106,0,604,502,2990,45.388788426763114,DECODED_CRC_VERIFIED
dataset_test.zip,4224,0,09746198,2019-04-16,868422314,cyan,7_5_X1800_Y1700_S050_2019_04_16_x704_y320_64x64_28_cyan.npy,320,704,7_5_X1800_Y1700_S050_2019_04_16_x704_y320_64x64_28,4224,4313,author_grid_component:7_5_X1800_Y1700_S050,7_5_X1800_Y1700_S050,7_5,data/raw/phase3_5_references/7_5_X1800_Y1700_S050_2019_04_16_x704_y320_64x64_28_cyan.npy,dc8d03bbce799a8f5cd91885c12309a4a6a4b9e28bc76e8686144d00de1397d4,2794,0,1263,1531,1302,54.79599141016464,DECODED_CRC_VERIFIED
dataset_test.zip,4224,0,3288f53d,2019-12-07,6058799952,cyan,7_5_X1800_Y1700_S050_2019_12_07_x640_y448_64x64_28_cyan.npy,448,640,7_5_X1800_Y1700_S050_2019_12_07_x640_y448_64x64_28,4224,4313,author_grid_component:7_5_X1800_Y1700_S050,7_5_X1800_Y1700_S050,7_5,data/raw/phase3_5_references/7_5_X1800_Y1700_S050_2019_12_07_x640_y448_64x64_28_cyan.npy,8ef837e9a946b8f2cfd1c8d64adf68f4c033505bd8b618711ecfcd94f038b746,3487,0,1966,1521,609,43.61915686836822,DECODED_CRC_VERIFIED
dataset_test.zip,4224,0,7499ac2e,2019-12-07,6059211288,cyan,7_5_X1800_Y1700_S050_2019_12_07_x704_y448_64x64_32_cyan.npy,448,704,7_5_X1800_Y1700_S050_2019_12_07_x704_y448_64x64_32,4224,4313,author_grid_component:7_5_X1800_Y1700_S050,7_5_X1800_Y1700_S050,7_5,data/raw/phase3_5_references/7_5_X1800_Y1700_S050_2019_12_07_x704_y448_64x64_32_cyan.npy,ffd68fd618229e556ad0323505bd5f94ec7603634a8d0fc2ef663f983fac4d89,3399,0,1291,2108,697,62.01824065901736,DECODED_CRC_VERIFIED
dataset_test.zip,4224,0,3e5c6137,2020-01-01,6064558580,cyan,7_5_X1800_Y1700_S050_2020_01_01_x448_y448_64x64_17_cyan.npy,448,448,7_5_X1800_Y1700_S050_2020_01_01_x448_y448_64x64_17,4224,4313,author_grid_component:7_5_X1800_Y1700_S050,7_5_X1800_Y1700_S050,7_5,data/raw/phase3_5_references/7_5_X1800_Y1700_S050_2020_01_01_x448_y448_64x64_17_cyan.npy,072475c02845d01d2bd7a1e4690cf0ca9d3bdd3e53e862a2c8d4d87e62cab631,1211,0,110,1101,2885,90.91659785301404,DECODED_CRC_VERIFIED
dataset_test.zip,4224,0,92ac90e1,2020-01-01,6065175584,cyan,7_5_X1800_Y1700_S050_2020_01_01_x576_y384_64x64_23_cyan.npy,384,576,7_5_X1800_Y1700_S050_2020_01_01_x576_y384_64x64_23,4224,4313,author_grid_component:7_5_X1800_Y1700_S050,7_5_X1800_Y1700_S050,7_5,data/raw/phase3_5_references/7_5_X1800_Y1700_S050_2020_01_01_x576_y384_64x64_23_cyan.npy,89bba48037c4a0a4ba94ccd9af197620a24838fe0c064e53fffb3eb5273c9aea,4040,0,2871,1169,56,28.935643564356436,DECODED_CRC_VERIFIED
dataset_test.zip,4224,0,265a2d32,2020-03-26,837264066,cyan,7_5_X1800_Y1700_S050_2020_03_26_x448_y448_64x64_16_cyan.npy,448,448,7_5_X1800_Y1700_S050_2020_03_26_x448_y448_64x64_16,4224,4313,author_grid_component:7_5_X1800_Y1700_S050,7_5_X1800_Y1700_S050,7_5,data/raw/phase3_5_references/7_5_X1800_Y1700_S050_2020_03_26_x448_y448_64x64_16_cyan.npy,9c385188ab66471bf218d0522206701eab6171e4a50aa327cac86265547d3539,1158,0,265,893,2938,77.11571675302245,DECODED_CRC_VERIFIED
dataset_test.zip,4224,0,df087f1d,2020-11-26,914388500,cyan,7_5_X1800_Y1700_S050_2020_11_26_x512_y512_64x64_18_cyan.npy,512,512,7_5_X1800_Y1700_S050_2020_11_26_x512_y512_64x64_18,4224,4313,author_grid_component:7_5_X1800_Y1700_S050,7_5_X1800_Y1700_S050,7_5,data/raw/phase3_5_references/7_5_X1800_Y1700_S050_2020_11_26_x512_y512_64x64_18_cyan.npy,6745ba5024418ed7be73da55f4bf246a668044cd63d092445481fd0eab092d69,2112,1887,136,89,1984,4.214015151515151,DECODED_CRC_VERIFIED
dataset_test.zip,4224,0,7073ba3e,2020-11-26,914902670,cyan,7_5_X1800_Y1700_S050_2020_11_26_x640_y320_64x64_23_cyan.npy,320,640,7_5_X1800_Y1700_S050_2020_11_26_x640_y320_64x64_23,4224,4313,author_grid_component:7_5_X1800_Y1700_S050,7_5_X1800_Y1700_S050,7_5,data/raw/phase3_5_references/7_5_X1800_Y1700_S050_2020_11_26_x640_y320_64x64_23_cyan.npy,bf86009b68226a9f64caa468f8c9e8a38f40382b5d56665ce749348a2c938a6b,1803,0,377,1426,2293,79.09040488075429,DECODED_CRC_VERIFIED
dataset_test.zip,4224,0,15af1305,2020-12-01,6067952068,cyan,7_5_X1800_Y1700_S050_2020_12_01_x448_y448_64x64_17_cyan.npy,448,448,7_5_X1800_Y1700_S050_2020_12_01_x448_y448_64x64_17,4224,4313,author_grid_component:7_5_X1800_Y1700_S050,7_5_X1800_Y1700_S050,7_5,data/raw/phase3_5_references/7_5_X1800_Y1700_S050_2020_12_01_x448_y448_64x64_17_cyan.npy,d9eb8e428e81934a4f7078be86e0b01d26d73a84524264b6b5d1b46107d2e964,1175,0,1051,124,2921,10.553191489361701,DECODED_CRC_VERIFIED
dataset_test.zip,4224,0,85f082ac,2020-12-01,6068774740,cyan,7_5_X1800_Y1700_S050_2020_12_01_x576_y512_64x64_25_cyan.npy,512,576,7_5_X1800_Y1700_S050_2020_12_01_x576_y512_64x64_25,4224,4313,author_grid_component:7_5_X1800_Y1700_S050,7_5_X1800_Y1700_S050,7_5,data/raw/phase3_5_references/7_5_X1800_Y1700_S050_2020_12_01_x576_y512_64x64_25_cyan.npy,4eee31be2dd43443a027f0cac40f6e46e774c68efdcbbb5154a64e127dabd7ee,2507,2336,168,3,1589,0.11966493817311527,DECODED_CRC_VERIFIED
dataset_test.zip,4224,0,ee3442dc,2020-12-01,6069597412,cyan,7_5_X1800_Y1700_S050_2020_12_01_x704_y512_64x64_33_cyan.npy,512,704,7_5_X1800_Y1700_S050_2020_12_01_x704_y512_64x64_33,4224,4313,author_grid_component:7_5_X1800_Y1700_S050,7_5_X1800_Y1700_S050,7_5,data/raw/phase3_5_references/7_5_X1800_Y1700_S050_2020_12_01_x704_y512_64x64_33_cyan.npy,b81bcb77a1c6e5deb2b5b9d3a379306504858ffb5ef783601721435514823822,443,9,191,243,3653,54.853273137697514,DECODED_CRC_VERIFIED
dataset_train_8_3.zip,2389,8,7324c1c3,2020-07-04,1783084204,cyan,8_3/8_3_X0200_Y1600_S050_2020_07_04_x384_y512_64x64_20_cyan.npy,512,384,8_3_X0200_Y1600_S050_2020_07_04_x384_y512_64x64_20,4224,2510,author_grid_component:8_3_X0200_Y1550_S050,8_3_X0200_Y1600_S050,8_3,data/raw/phase3_5_references/8_3_X0200_Y1600_S050_2020_07_04_x384_y512_64x64_20_cyan.npy,6ad8cfb8e9bffcf31506b4284029338fa65e469b564b51c1d7e87e5ebc93ae8d,4093,868,3060,165,3,4.031272904959687,DECODED_CRC_VERIFIED
dataset_train_8_3.zip,2425,8,a4e30b36,2020-07-04,3196862360,cyan,8_3/8_3_X0200_Y1600_S050_2020_07_04_x512_y576_64x64_25_cyan.npy,576,512,8_3_X0200_Y1600_S050_2020_07_04_x512_y576_64x64_25,4224,2546,author_grid_component:8_3_X0200_Y1550_S050,8_3_X0200_Y1600_S050,8_3,data/raw/phase3_5_references/8_3_X0200_Y1600_S050_2020_07_04_x512_y576_64x64_25_cyan.npy,4be4b0f097a1ebda42484e1c5be42bfd991c5ccef74e7f11bfb4be44b493c6a6,4096,190,3598,308,0,7.51953125,DECODED_CRC_VERIFIED
dataset_train_8_3.zip,1774,8,98fe16e0,2020-07-19,3073609132,cyan,8_3/8_3_X0450_Y1800_S050_2020_07_19_x128_y256_64x64_17_cyan.npy,256,128,8_3_X0450_Y1800_S050_2020_07_19_x128_y256_64x64_17,4224,1895,author_grid_component:8_3_X0350_Y1550_S050,8_3_X0450_Y1800_S050,8_3,data/raw/phase3_5_references/8_3_X0450_Y1800_S050_2020_07_19_x128_y256_64x64_17_cyan.npy,7ba710dab58c400eb86f1258f388e262b4940dc0680fa11675536c7310bbb761,4096,0,4095,1,0,0.0244140625,DECODED_CRC_VERIFIED
dataset_train_8_3.zip,1913,8,e8a87f75,2020-08-30,2493703665,cyan,8_3/8_3_X0450_Y1800_S050_2020_08_30_x192_y384_64x64_27_cyan.npy,384,192,8_3_X0450_Y1800_S050_2020_08_30_x192_y384_64x64_27,4224,2034,author_grid_component:8_3_X0350_Y1550_S050,8_3_X0450_Y1800_S050,8_3,data/raw/phase3_5_references/8_3_X0450_Y1800_S050_2020_08_30_x192_y384_64x64_27_cyan.npy,b19ca88b8eb44bdd0706fab951d7a5259e84a961514051472a47fa2d4d2e10e4,3897,0,3893,4,199,0.10264305876315115,DECODED_CRC_VERIFIED
dataset_train_8_3.zip,1750,8,6f0a11a9,2020-08-30,3812787117,cyan,8_3/8_3_X0450_Y1800_S050_2020_08_30_x320_y64_64x64_38_cyan.npy,64,320,8_3_X0450_Y1800_S050_2020_08_30_x320_y64_64x64_38,4224,1870,author_grid_component:8_3_X0350_Y1550_S050,8_3_X0450_Y1800_S050,8_3,data/raw/phase3_5_references/8_3_X0450_Y1800_S050_2020_08_30_x320_y64_64x64_38_cyan.npy,cfea8e45f7a9af7d79963c8bdcb98d324d0555658034c48ab88382987c533947,4096,0,3894,202,0,4.931640625,DECODED_CRC_VERIFIED
