geographic_group_id,high_patches,high_patch_positions,positions_repeated_across_dates,positions_repeated_within_30_days,high_patches_with_same_date_neighbor,identical_high_mask_extra_patches,scene_identity,physical_overlap,bloom_episode_identity
author_grid_component:6_2_X0500_Y0850_S050,0,0,0,0,0,0,UNKNOWN,UNKNOWN,UNKNOWN
author_grid_component:6_2_X0500_Y1150_S050,12,12,0,0,2,0,UNKNOWN,UNKNOWN,UNKNOWN
author_grid_component:6_2_X0650_Y0900_S050,50,38,12,1,47,0,UNKNOWN,UNKNOWN,UNKNOWN
author_grid_component:6_2_X1800_Y1050_S050,0,0,0,0,0,0,UNKNOWN,UNKNOWN,UNKNOWN
author_grid_component:6_5_X0050_Y0700_S050,0,0,0,0,0,0,UNKNOWN,UNKNOWN,UNKNOWN
author_grid_component:6_5_X0100_Y0450_S050,0,0,0,0,0,0,UNKNOWN,UNKNOWN,UNKNOWN
author_grid_component:6_5_X0100_Y0550_S050,0,0,0,0,0,0,UNKNOWN,UNKNOWN,UNKNOWN
author_grid_component:6_5_X0250_Y0300_S050,4,4,0,0,3,0,UNKNOWN,UNKNOWN,UNKNOWN
author_grid_component:6_5_X0250_Y0450_S050,12,11,1,0,10,0,UNKNOWN,UNKNOWN,UNKNOWN
author_grid_component:6_5_X0400_Y0250_S050,0,0,0,0,0,0,UNKNOWN,UNKNOWN,UNKNOWN
author_grid_component:6_5_X1150_Y0200_S050,0,0,0,0,0,0,UNKNOWN,UNKNOWN,UNKNOWN
author_grid_component:7_2_X0000_Y1750_S050,69,66,3,3,64,0,UNKNOWN,UNKNOWN,UNKNOWN
author_grid_component:7_2_X0800_Y1800_S050,0,0,0,0,0,0,UNKNOWN,UNKNOWN,UNKNOWN
author_grid_component:7_2_X1050_Y1550_S050,4,4,0,0,4,0,UNKNOWN,UNKNOWN,UNKNOWN
author_grid_component:7_2_X1900_Y0950_S050,0,0,0,0,0,0,UNKNOWN,UNKNOWN,UNKNOWN
author_grid_component:7_5_X0600_Y0350_S050,0,0,0,0,0,0,UNKNOWN,UNKNOWN,UNKNOWN
author_grid_component:7_5_X1000_Y0300_S050,0,0,0,0,0,0,UNKNOWN,UNKNOWN,UNKNOWN
author_grid_component:7_5_X1100_Y0000_S050,0,0,0,0,0,0,UNKNOWN,UNKNOWN,UNKNOWN
author_grid_component:7_5_X1100_Y0500_S050,0,0,0,0,0,0,UNKNOWN,UNKNOWN,UNKNOWN
author_grid_component:7_5_X1150_Y0150_S050,0,0,0,0,0,0,UNKNOWN,UNKNOWN,UNKNOWN
author_grid_component:7_5_X1150_Y0350_S050,1,1,0,0,0,0,UNKNOWN,UNKNOWN,UNKNOWN
author_grid_component:7_5_X1200_Y0800_S050,0,0,0,0,0,0,UNKNOWN,UNKNOWN,UNKNOWN
author_grid_component:7_5_X1300_Y0750_S050,0,0,0,0,0,0,UNKNOWN,UNKNOWN,UNKNOWN
author_grid_component:7_5_X1300_Y0900_S050,3,3,0,0,0,0,UNKNOWN,UNKNOWN,UNKNOWN
author_grid_component:7_5_X1350_Y0550_S050,0,0,0,0,0,0,UNKNOWN,UNKNOWN,UNKNOWN
author_grid_component:7_5_X1350_Y1100_S050,0,0,0,0,0,0,UNKNOWN,UNKNOWN,UNKNOWN
author_grid_component:7_5_X1450_Y0500_S050,2,2,0,0,0,0,UNKNOWN,UNKNOWN,UNKNOWN
author_grid_component:7_5_X1500_Y1200_S050,0,0,0,0,0,0,UNKNOWN,UNKNOWN,UNKNOWN
author_grid_component:7_5_X1700_Y1800_S050,0,0,0,0,0,0,UNKNOWN,UNKNOWN,UNKNOWN
author_grid_component:7_5_X1800_Y1700_S050,25,13,7,3,6,0,UNKNOWN,UNKNOWN,UNKNOWN
author_grid_component:8_3_X0000_Y0800_S050,0,0,0,0,0,0,UNKNOWN,UNKNOWN,UNKNOWN
author_grid_component:8_3_X0050_Y0950_S050,0,0,0,0,0,0,UNKNOWN,UNKNOWN,UNKNOWN
author_grid_component:8_3_X0150_Y0300_S050,0,0,0,0,0,0,UNKNOWN,UNKNOWN,UNKNOWN
author_grid_component:8_3_X0150_Y0550_S050,0,0,0,0,0,0,UNKNOWN,UNKNOWN,UNKNOWN
author_grid_component:8_3_X0150_Y0650_S050,0,0,0,0,0,0,UNKNOWN,UNKNOWN,UNKNOWN
author_grid_component:8_3_X0200_Y1550_S050,2,2,0,0,0,0,UNKNOWN,UNKNOWN,UNKNOWN
author_grid_component:8_3_X0300_Y1800_S050,0,0,0,0,0,0,UNKNOWN,UNKNOWN,UNKNOWN
author_grid_component:8_3_X0350_Y1550_S050,3,3,0,0,0,0,UNKNOWN,UNKNOWN,UNKNOWN
