geographic_group_id,source_tiles,subtiles,patches,valid_pixels,low_pixels,moderate_pixels,high_pixels,high_percent,high_patches,high_subtiles,high_dates,high_date_count,high_date_span_days,high_patch_positions,sentinel_scene_ids,qualifies
author_grid_component:6_2_X0500_Y0850_S050,"[""6_2""]","[""6_2_X0500_Y0850_S050""]",60,99418,86546,12872,0,0.0,0,0,[],0,0,0,,False
author_grid_component:6_2_X0500_Y1150_S050,"[""6_2""]","[""6_2_X0500_Y1150_S050"", ""6_2_X0550_Y1100_S050"", ""6_2_X0550_Y1150_S050"", ""6_2_X0550_Y1200_S050""]",232,721735,498473,209976,13286,1.8408418602395615,12,3,"[""2019-07-10"", ""2019-07-25"", ""2019-08-19"", ""2020-09-05""]",4,423,12,,True
author_grid_component:6_2_X0650_Y0900_S050,"[""6_2""]","[""6_2_X0650_Y0900_S050"", ""6_2_X0650_Y0950_S050""]",3945,13374911,11852137,1504101,18673,0.13961214396118224,50,1,"[""2019-08-04"", ""2019-08-09"", ""2019-08-19"", ""2020-07-17""]",4,348,38,,True
author_grid_component:6_2_X1800_Y1050_S050,"[""6_2""]","[""6_2_X1800_Y1050_S050"", ""6_2_X1800_Y1150_S050"", ""6_2_X1850_Y1100_S050"", ""6_2_X1850_Y1150_S050""]",2398,8394789,7760561,634228,0,0.0,0,0,[],0,0,0,,False
author_grid_component:6_5_X0050_Y0700_S050,"[""6_5""]","[""6_5_X0050_Y0700_S050"", ""6_5_X0050_Y0750_S050"", ""6_5_X0100_Y0700_S050"", ""6_5_X0150_Y0700_S050"", ""6_5_X0150_Y0750_S050"", ""6_5_X0200_Y0700_S050"", ""6_5_X0200_Y0750_S050"", ""6_5_X0250_Y0700_S050"", ""6_5_X0250_Y0750_S050"", ""6_5_X0300_Y0700_S050"", ""6_5_X0300_Y0750_S050"", ""6_5_X0350_Y0700_S050"", ""6_5_X0350_Y0750_S050"", ""6_5_X0400_Y0700_S050"", ""6_5_X0450_Y0600_S050"", ""6_5_X0450_Y0650_S050"", ""6_5_X0450_Y0700_S050"", ""6_5_X0500_Y0600_S050"", ""6_5_X0500_Y0650_S050"", ""6_5_X0550_Y0400_S050"", ""6_5_X0550_Y0500_S050"", ""6_5_X0550_Y0600_S050"", ""6_5_X0550_Y0650_S050"", ""6_5_X0550_Y0700_S050"", ""6_5_X0600_Y0350_S050"", ""6_5_X0600_Y0400_S050"", ""6_5_X0600_Y0500_S050"", ""6_5_X0600_Y0550_S050"", ""6_5_X0600_Y0650_S050"", ""6_5_X0600_Y0700_S050"", ""6_5_X0650_Y0350_S050"", ""6_5_X0650_Y0400_S050"", ""6_5_X0650_Y0450_S050"", ""6_5_X0650_Y0500_S050"", ""6_5_X0650_Y0650_S050"", ""6_5_X0700_Y0350_S050"", ""6_5_X0700_Y0400_S050"", ""6_5_X0700_Y0450_S050""]",2339,6561449,6347068,214381,0,0.0,0,0,[],0,0,0,,False
author_grid_component:6_5_X0100_Y0450_S050,"[""6_5""]","[""6_5_X0100_Y0450_S050""]",61,233613,85814,147799,0,0.0,0,0,[],0,0,0,,False
author_grid_component:6_5_X0100_Y0550_S050,"[""6_5""]","[""6_5_X0100_Y0550_S050""]",64,243464,74087,169377,0,0.0,0,0,[],0,0,0,,False
author_grid_component:6_5_X0250_Y0300_S050,"[""6_5""]","[""6_5_X0250_Y0300_S050"", ""6_5_X0300_Y0300_S050"", ""6_5_X0300_Y0350_S050""]",1207,4009854,3795864,213542,448,0.011172476603886325,4,1,"[""2019-09-23"", ""2020-01-06""]",2,105,4,,True
author_grid_component:6_5_X0250_Y0450_S050,"[""6_5""]","[""6_5_X0250_Y0450_S050"", ""6_5_X0300_Y0450_S050""]",1146,3257381,2534492,721327,1562,0.04795263434028749,12,2,"[""2019-04-01"", ""2020-04-05""]",2,370,11,,True
author_grid_component:6_5_X0400_Y0250_S050,"[""6_5""]","[""6_5_X0400_Y0250_S050"", ""6_5_X0400_Y0300_S050"", ""6_5_X0400_Y0350_S050"", ""6_5_X0450_Y0300_S050"", ""6_5_X0450_Y0350_S050"", ""6_5_X0500_Y0300_S050""]",357,1072466,1006271,66195,0,0.0,0,0,[],0,0,0,,False
author_grid_component:6_5_X1150_Y0200_S050,"[""6_5""]","[""6_5_X1150_Y0200_S050""]",61,142083,107253,34830,0,0.0,0,0,[],0,0,0,,False
author_grid_component:7_2_X0000_Y1750_S050,"[""7_2""]","[""7_2_X0000_Y1750_S050"", ""7_2_X0000_Y1800_S050"", ""7_2_X0050_Y1800_S050"", ""7_2_X0050_Y1850_S050"", ""7_2_X0050_Y1900_S050"", ""7_2_X0100_Y1850_S050"", ""7_2_X0100_Y1900_S050"", ""7_2_X0150_Y1900_S050"", ""7_2_X0150_Y1950_S050"", ""7_2_X0200_Y1950_S050""]",17893,63212204,60334037,2797452,80715,0.12768895069692554,69,5,"[""2019-07-14"", ""2019-07-24""]",2,10,66,,False
author_grid_component:7_2_X0800_Y1800_S050,"[""7_2""]","[""7_2_X0800_Y1800_S050""]",61,135305,98785,36520,0,0.0,0,0,[],0,0,0,,False
author_grid_component:7_2_X1050_Y1550_S050,"[""7_2""]","[""7_2_X1050_Y1550_S050""]",282,621453,455594,165627,232,0.03733186580481549,4,1,"[""2019-10-09""]",1,0,4,,False
author_grid_component:7_2_X1900_Y0950_S050,"[""7_2""]","[""7_2_X1900_Y0950_S050"", ""7_2_X1950_Y0950_S050""]",113,317672,300942,16730,0,0.0,0,0,[],0,0,0,,False
author_grid_component:7_5_X0600_Y0350_S050,"[""7_5""]","[""7_5_X0600_Y0350_S050""]",55,154121,138040,16081,0,0.0,0,0,[],0,0,0,,False
author_grid_component:7_5_X1000_Y0300_S050,"[""7_5""]","[""7_5_X1000_Y0300_S050""]",52,184221,35768,148453,0,0.0,0,0,[],0,0,0,,False
author_grid_component:7_5_X1100_Y0000_S050,"[""7_5""]","[""7_5_X1100_Y0000_S050"", ""7_5_X1100_Y0050_S050""]",98,219850,218698,1152,0,0.0,0,0,[],0,0,0,,False
author_grid_component:7_5_X1100_Y0500_S050,"[""7_5""]","[""7_5_X1100_Y0500_S050"", ""7_5_X1100_Y0550_S050"", ""7_5_X1150_Y0500_S050"", ""7_5_X1150_Y0550_S050"", ""7_5_X1200_Y0600_S050"", ""7_5_X1200_Y0650_S050""]",336,1208015,445027,762988,0,0.0,0,0,[],0,0,0,,False
author_grid_component:7_5_X1150_Y0150_S050,"[""7_5""]","[""7_5_X1150_Y0150_S050""]",55,201435,179520,21915,0,0.0,0,0,[],0,0,0,,False
author_grid_component:7_5_X1150_Y0350_S050,"[""7_5""]","[""7_5_X1150_Y0350_S050"", ""7_5_X1200_Y0300_S050"", ""7_5_X1200_Y0350_S050"", ""7_5_X1200_Y0400_S050""]",1256,3884704,2804830,1079645,229,0.005894915030849197,1,1,"[""2020-06-22""]",1,0,1,,False
author_grid_component:7_5_X1200_Y0800_S050,"[""7_5""]","[""7_5_X1200_Y0800_S050""]",58,62248,39340,22908,0,0.0,0,0,[],0,0,0,,False
author_grid_component:7_5_X1300_Y0750_S050,"[""7_5""]","[""7_5_X1300_Y0750_S050""]",58,215552,181695,33857,0,0.0,0,0,[],0,0,0,,False
author_grid_component:7_5_X1300_Y0900_S050,"[""7_5""]","[""7_5_X1300_Y0900_S050"", ""7_5_X1300_Y0950_S050"", ""7_5_X1350_Y0850_S050"", ""7_5_X1400_Y0850_S050""]",220,465730,250061,215386,283,0.06076482081892942,3,2,"[""2019-04-24"", ""2019-11-30""]",2,220,3,,True
author_grid_component:7_5_X1350_Y0550_S050,"[""7_5""]","[""7_5_X1350_Y0550_S050""]",58,119951,6881,113070,0,0.0,0,0,[],0,0,0,,False
author_grid_component:7_5_X1350_Y1100_S050,"[""7_5""]","[""7_5_X1350_Y1100_S050"", ""7_5_X1400_Y1050_S050""]",110,403329,207052,196277,0,0.0,0,0,[],0,0,0,,False
author_grid_component:7_5_X1450_Y0500_S050,"[""7_5""]","[""7_5_X1450_Y0500_S050"", ""7_5_X1500_Y0550_S050""]",1140,3100282,2720049,380145,88,0.0028384514698985446,2,1,"[""2020-10-15"", ""2020-12-09""]",2,55,2,,False
author_grid_component:7_5_X1500_Y1200_S050,"[""7_5""]","[""7_5_X1500_Y1200_S050"", ""7_5_X1550_Y1100_S050"", ""7_5_X1550_Y1150_S050"", ""7_5_X1550_Y1200_S050"", ""7_5_X1550_Y1250_S050"", ""7_5_X1600_Y1100_S050"", ""7_5_X1600_Y1150_S050"", ""7_5_X1600_Y1200_S050"", ""7_5_X1600_Y1250_S050"", ""7_5_X1650_Y1150_S050""]",601,1932838,1842242,90596,0,0.0,0,0,[],0,0,0,,False
author_grid_component:7_5_X1700_Y1800_S050,"[""7_5""]","[""7_5_X1700_Y1800_S050""]",55,123483,45552,77931,0,0.0,0,0,[],0,0,0,,False
author_grid_component:7_5_X1800_Y1700_S050,"[""7_5""]","[""7_5_X1800_Y1700_S050""]",61,127407,72499,21384,33524,26.312525999356392,25,1,"[""2019-01-06"", ""2019-01-11"", ""2019-01-21"", ""2019-02-05"", ""2019-03-02"", ""2019-03-22"", ""2019-03-27"", ""2019-04-16"", ""2019-12-07"", ""2020-01-01"", ""2020-03-26"", ""2020-11-26"", ""2020-12-01""]",13,695,13,,True
author_grid_component:8_3_X0000_Y0800_S050,"[""8_3""]","[""8_3_X0000_Y0800_S050""]",64,158101,124249,33852,0,0.0,0,0,[],0,0,0,,False
author_grid_component:8_3_X0050_Y0950_S050,"[""8_3""]","[""8_3_X0050_Y0950_S050""]",64,140262,128809,11453,0,0.0,0,0,[],0,0,0,,False
author_grid_component:8_3_X0150_Y0300_S050,"[""8_3""]","[""8_3_X0150_Y0300_S050"", ""8_3_X0200_Y0350_S050""]",128,289359,193365,95994,0,0.0,0,0,[],0,0,0,,False
author_grid_component:8_3_X0150_Y0550_S050,"[""8_3""]","[""8_3_X0150_Y0550_S050""]",64,187941,186666,1275,0,0.0,0,0,[],0,0,0,,False
author_grid_component:8_3_X0150_Y0650_S050,"[""8_3""]","[""8_3_X0150_Y0650_S050"", ""8_3_X0150_Y0700_S050"", ""8_3_X0200_Y0700_S050"", ""8_3_X0200_Y0750_S050"", ""8_3_X0200_Y0800_S050"", ""8_3_X0250_Y0750_S050"", ""8_3_X0250_Y0800_S050"", ""8_3_X0250_Y0850_S050"", ""8_3_X0300_Y0750_S050"", ""8_3_X0300_Y0800_S050"", ""8_3_X0350_Y0850_S050"", ""8_3_X0400_Y0900_S050""]",760,2072205,2016680,55525,0,0.0,0,0,[],0,0,0,,False
author_grid_component:8_3_X0200_Y1550_S050,"[""8_3""]","[""8_3_X0200_Y1550_S050"", ""8_3_X0200_Y1600_S050""]",1146,3171007,3009935,160599,473,0.014916397220189044,2,1,"[""2020-07-04""]",1,0,2,,False
author_grid_component:8_3_X0300_Y1800_S050,"[""8_3""]","[""8_3_X0300_Y1800_S050""]",60,163276,158601,4675,0,0.0,0,0,[],0,0,0,,False
author_grid_component:8_3_X0350_Y1550_S050,"[""8_3""]","[""8_3_X0350_Y1550_S050"", ""8_3_X0350_Y1600_S050"", ""8_3_X0350_Y1650_S050"", ""8_3_X0400_Y1350_S050"", ""8_3_X0400_Y1400_S050"", ""8_3_X0400_Y1450_S050"", ""8_3_X0400_Y1550_S050"", ""8_3_X0400_Y1600_S050"", ""8_3_X0400_Y1800_S050"", ""8_3_X0450_Y1450_S050"", ""8_3_X0450_Y1500_S050"", ""8_3_X0450_Y1550_S050"", ""8_3_X0450_Y1600_S050"", ""8_3_X0450_Y1650_S050"", ""8_3_X0450_Y1700_S050"", ""8_3_X0450_Y1750_S050"", ""8_3_X0450_Y1800_S050"", ""8_3_X0500_Y1600_S050"", ""8_3_X0550_Y1600_S050"", ""8_3_X0550_Y1650_S050"", ""8_3_X0550_Y1700_S050""]",1284,4499892,3147293,1352392,207,0.004600110402649664,3,1,"[""2020-07-19"", ""2020-08-30""]",2,42,3,,True
