model,partition,accuracy,macro_f1,weighted_f1,valid_pixels,low_precision,low_recall,low_f1,low_support,moderate_precision,moderate_recall,moderate_f1,moderate_support,high_precision,high_recall,high_f1,high_support
NDCI,validation,0.9193632224216677,0.5751118579258218,0.9154164004392804,144289,0.9453064358625525,0.9637672526761858,0.9544475858610969,117518,0.7923680339924825,0.7505417956656347,0.7708879879163686,25840,,0.0,0.0,931
NDCI,test,0.8070214319540707,0.5184960249980755,0.780829968875273,428659,0.924151191957365,0.9186927879781999,0.9214139062194228,302384,0.5381832257656789,0.7697357271176292,0.6334625791514408,88507,0.008141112618724558,0.0003177292946409659,0.0006115896233627236,37768
NDVI,validation,0.7893533117562669,0.4575840473570667,0.7983608858629468,144289,0.9029465120114343,0.8386204666519171,0.8695955246532312,117518,0.4365592009788578,0.5937306501547988,0.5031566174179689,25840,,0.0,0.0,931
NDVI,test,0.6779794661957407,0.41412374934351975,0.6682119032330265,428659,0.8513380908333128,0.8004887824752632,0.8251307722594071,302384,0.33658364173146493,0.548736258149073,0.4172404757711522,88507,0.0,0.0,0.0,37768
FAI,validation,0.1270159194394583,0.10068242788044131,0.0609721835675052,144289,0.9850249584026622,0.010075052332408652,0.019946091644204852,117518,0.15424682853062252,0.6394736842105263,0.24854287153955493,25840,0.01721357063403782,0.664876476906552,0.03355832045756418,931
FAI,test,0.3008241982554898,0.30885917508208627,0.2955328905237619,428659,0.9471538025490519,0.17129543891211174,0.290121572460379,302384,0.1965793074012111,0.5828126588857379,0.29399561141033315,88507,0.2291944895087345,0.6770546494386782,0.3424603413755466,37768
B8AB4,validation,0.6827616796845221,0.34893295301265637,0.6965916344021855,144289,0.8289667594563616,0.7754131282016372,0.8012961432264646,117518,0.215056892587958,0.28599071207430343,0.2455027158115044,25840,,0.0,0.0,931
B8AB4,test,0.6540163626565638,0.36525609759596156,0.627001466717936,428659,0.7735059200547972,0.8365356632626065,0.8037870506889013,302384,0.27236420134254924,0.30898121052572114,0.2895195142737662,88507,0.03905614320585842,0.0012709171785638637,0.0024617278252173245,37768
B3B2,validation,0.6689421924055194,0.3108776469842297,0.6724121406961892,144289,0.8013091197982781,0.7896152078830477,0.7954191864427119,117518,0.13084538688386463,0.14423374613003095,0.13721375450997716,25840,0.0,0.0,0.0,931
B3B2,test,0.7079473427596294,0.4212321833325854,0.6829952485772499,428659,0.8282448674358251,0.8643975871739246,0.8459351389313668,302384,0.3725063282176553,0.4755330086885783,0.4177614110663894,88507,0.0,0.0,0.0,37768
LogisticRegression,validation,0.8772186375953815,0.5437002980174629,0.8805748312585766,144289,0.9570406811044349,0.8972327643424837,0.9261721975299967,117518,0.6194342664517074,0.8178018575851393,0.7049286965223918,25840,,0.0,0.0,931
LogisticRegression,test,0.8135137720192507,0.6983118192371219,0.8188113705079128,428659,0.9355018264045921,0.8892996983967406,0.9118158668371101,302384,0.5515983533537757,0.6646140983199069,0.6028552688216123,88507,0.6071221939365887,0.5556820588858292,0.5802643220526432,37768
RandomForest,validation,0.7299863468455668,0.44003426536185675,0.7561124450111035,144289,0.9304594084329767,0.729700981977229,0.8179416253338421,117518,0.37554434362230704,0.7575851393188855,0.5021611707517283,25840,,0.0,0.0,931
RandomForest,test,0.7476525629929618,0.4794160815417758,0.7323540021327372,428659,0.9145150540438726,0.8349383565268004,0.8729168683529949,302384,0.44569791680323034,0.7682217225756155,0.5641144772484973,88507,0.696969696969697,0.0006089811480618513,0.0012168990238353482,37768
SmallSegCNN,validation,0.009917595935934132,0.017484746750360804,0.007266173292482354,144289,0.0,0.0,0.0,117518,0.4276729559748428,0.021052631578947368,0.040129831808793155,25840,0.006202320101250953,0.9527389903329753,0.012324408442289256,931
SmallSegCNN,test,0.09177691358399101,0.06324980821921118,0.023361700609164922,428659,1.0,0.0034657918408381398,0.006907643228136782,302384,0.1465623081645181,0.010790106997186664,0.020100396746050957,88507,0.08866882769921276,0.9886147002753654,0.16274138468344582,37768
DeepLabV3_ResNet18,validation,0.7648954528758256,0.33432017225039096,0.7296922307186424,144289,0.8443121641992966,0.9293555029867765,0.8847950160608896,117518,0.2768729641693811,0.02631578947368421,0.0480633305060786,25840,0.03766629267510819,0.5048335123523093,0.07010217018420464,931
DeepLabV3_ResNet18,test,0.6412882967580291,0.3627458068112422,0.5867235572725551,428659,0.729801997143731,0.8601910153976401,0.7896501632531008,302384,0.12890943704106608,0.016066525811517733,0.02857200265225341,88507,0.21829824074225324,0.3538445244651557,0.27001525452837244,37768
