model,geographic_group,valid_pixels,high_support,macro_f1,weighted_f1,high_recall,high_precision,high_f1
NDCI,author_grid_component:6_2_X0500_Y1150_S050,165722,6345,0.5270022187697246,0.7765542200867488,0.0,0.0,0.0
NDCI,author_grid_component:6_2_X0650_Y0900_S050,151986,3573,0.5056496302329934,0.9102133831816399,0.0,0.0,0.0
NDCI,author_grid_component:7_5_X1800_Y1700_S050,110951,27850,0.48445751466021086,0.6353486091603358,0.0004308797127468582,0.00906344410876133,0.0008226503050661548
NDVI,author_grid_component:6_2_X0500_Y1150_S050,165722,6345,0.3836691351995383,0.5876383144904705,0.0,0.0,0.0
NDVI,author_grid_component:6_2_X0650_Y0900_S050,151986,3573,0.37956494623387466,0.7924201952294881,0.0,,0.0
NDVI,author_grid_component:7_5_X1800_Y1700_S050,110951,27850,0.48592755457390774,0.6394488048436,0.0,0.0,0.0
FAI,author_grid_component:6_2_X0500_Y1150_S050,165722,6345,0.3849074693141414,0.46528060974031676,0.8367218282111899,0.10541468935528066,0.1872398956055583
FAI,author_grid_component:6_2_X0650_Y0900_S050,151986,3573,0.13993730207469868,0.09500252879433797,0.9415057374755108,0.1170534813319879,0.20821985640009905
FAI,author_grid_component:7_5_X1800_Y1700_S050,110951,27850,0.3683393606423175,0.39397941864719893,0.6067504488330341,0.5204669356577448,0.5603063812855414
B8AB4,author_grid_component:6_2_X0500_Y1150_S050,165722,6345,0.31511842561887254,0.5022370814811963,0.0,0.0,0.0
B8AB4,author_grid_component:6_2_X0650_Y0900_S050,151986,3573,0.35593839836808777,0.8219295978263396,0.0,,0.0
B8AB4,author_grid_component:7_5_X1800_Y1700_S050,110951,27850,0.42387052947656856,0.5629272233440638,0.0017235188509874327,0.04020100502512563,0.003305329844374053
B3B2,author_grid_component:6_2_X0500_Y1150_S050,165722,6345,0.4290623238812333,0.6514612836507911,0.0,0.0,0.0
B3B2,author_grid_component:6_2_X0650_Y0900_S050,151986,3573,0.3384081384330866,0.8350025671377822,0.0,0.0,0.0
B3B2,author_grid_component:7_5_X1800_Y1700_S050,110951,27850,0.41156999647049836,0.5467951606034284,0.0,,0.0
LogisticRegression,author_grid_component:6_2_X0500_Y1150_S050,165722,6345,0.7299158560390072,0.8103266982724266,0.5607565011820331,0.6025402201524133,0.5808979591836735
LogisticRegression,author_grid_component:6_2_X0650_Y0900_S050,151986,3573,0.6399688956392477,0.9141047650795694,0.27931710047579067,0.7078014184397163,0.40056191049568535
LogisticRegression,author_grid_component:7_5_X1800_Y1700_S050,110951,27850,0.590550368665599,0.7228400528052751,0.5899820466786355,0.6029061020805049,0.5963740631181605
RandomForest,author_grid_component:6_2_X0500_Y1150_S050,165722,6345,0.4699388811096566,0.6922069484419264,0.0,,0.0
RandomForest,author_grid_component:6_2_X0650_Y0900_S050,151986,3573,0.4320824201037552,0.8554705587871057,0.0,,0.0
RandomForest,author_grid_component:7_5_X1800_Y1700_S050,110951,27850,0.487914071874791,0.6412195887765465,0.0008258527827648115,0.696969696969697,0.0016497507441810423
SmallSegCNN,author_grid_component:6_2_X0500_Y1150_S050,165722,6345,0.029476065717024647,0.008398368757107467,0.9988967691095351,0.038975973630644534,0.07502456231726227
SmallSegCNN,author_grid_component:6_2_X0650_Y0900_S050,151986,3573,0.02190911133466134,0.013449920436474987,0.9977609851665268,0.02395141189038114,0.046779865630904895
SmallSegCNN,author_grid_component:7_5_X1800_Y1700_S050,110951,27850,0.1533855959204736,0.10987223190218255,0.9850987432675045,0.25023030126141244,0.39908647237233524
DeepLabV3_ResNet18,author_grid_component:6_2_X0500_Y1150_S050,165722,6345,0.21744526576687928,0.3846557817277236,0.0,0.0,0.0
DeepLabV3_ResNet18,author_grid_component:6_2_X0650_Y0900_S050,151986,3573,0.3703093960140222,0.8368237168853041,0.4352085082563672,0.1092838569119404,0.17469947196944163
DeepLabV3_ResNet18,author_grid_component:7_5_X1800_Y1700_S050,110951,27850,0.4433049299890328,0.60176155064113,0.42402154398563735,0.4845910788296606,0.45228748156801163
