model,pilot_geographic_macro_f1_fixed_three,v2_macro_f1,pilot_high_f1,v2_high_f1
NDCI,0.41851939299739066,0.5184960249980755,,0.0006115896233627236
NDVI,0.2598539230194971,0.41412374934351975,,0.0
FAI,0.2781040838556549,0.30885917508208627,,0.3424603413755466
B8AB4,0.2891306237516028,0.36525609759596156,,0.0024617278252173245
B3B2,0.4503301943666573,0.4212321833325854,,0.0
LogisticRegression,0.32656920930781436,0.6983118192371219,,0.5802643220526432
RandomForest,0.37679907381155325,0.4794160815417758,,0.0012168990238353482
SmallSegCNN,0.26763015430111375,0.06324980821921118,,0.16274138468344582
DeepLabV3_ResNet18,0.3221638958469616,0.3627458068112422,,0.27001525452837244
